income,age,employment_status,debt_amount,credit_history_length_years,on_time_payment_ratio,late_payments_count,open_accounts,credit_utilization_ratio,creditworthy
12610.542069598328,,unemployed,8362.860280056904,12.406195739003707,0.6854942449806922,1.0,5.0,0.5775383307841623,0
19778.945015786045,30.0,,9691.993299164307,6.943271178785295,0.5465376102272922,5.0,2.0,0.41585543843551426,1
16679.643476813017,47.0,student,5179.81313271573,21.548866791276218,0.72077576304975,4.0,7.0,0.48204780716903317,1
25004.371923632483,55.0,self_employed,,14.366372419024888,0.570851278776249,4.0,2.0,0.2320567234774854,1
31612.193886381032,32.0,employed,2938.355510223203,9.92337481362861,0.6740542625766991,3.0,11.0,0.15550120392355565,1
7068.239888247828,61.0,retired,3613.5079077023415,26.241417110183587,0.6457291198077764,5.0,5.0,0.42145534928164574,0
7231.315662489186,54.0,unemployed,2653.9274892982326,11.42185629938255,0.768216437469389,4.0,8.0,0.3661235415824168,0
26426.98900585715,27.0,unemployed,12410.24651673346,2.4830695925764523,0.683401368607014,2.0,4.0,0.39342967906296844,0
55006.07290390353,71.0,employed,9309.299979102681,32.946610543873724,0.7374348556360254,4.0,4.0,0.16127067140366294,1
70229.21474903356,20.0,employed,24188.679806156393,0.5901538152691217,0.6087852220999843,2.0,4.0,0.34749101501088453,1
72682.84273939944,55.0,employed,36913.6809071968,25.03410468229789,0.4469393648113841,6.0,3.0,0.4249028423105476,1
25421.397802348314,43.0,student,10572.562669762949,13.356425601909761,0.5991571484820961,3.0,4.0,0.4475361317150971,1
31852.649269421636,55.0,self_employed,7347.688380001204,17.986448786673936,0.7600951570507379,1.0,6.0,0.19973815306882045,1
7567.003296745796,62.0,,2562.5494739925675,16.07396654832548,0.6051055265645692,7.0,,,0
64432.42651764467,57.0,employed,,30.82198692124172,0.5144701804152628,2.0,7.0,0.47238810275039955,1
37507.04223247748,55.0,employed,5669.447263287781,23.432109862213686,0.7701717162993089,3.0,4.0,0.2615753706872833,1
126375.30985522125,65.0,employed,97908.31873025773,31.341394850049536,0.13367711011373562,5.0,3.0,0.5407253971807748,0
30256.036945514737,58.0,employed,5991.894401542617,26.449062263968123,0.8695006110157315,,9.0,,1
34085.44716727524,64.0,unemployed,9750.490303489294,25.31882993007407,0.7577001674604974,3.0,1.0,0.25002334397964376,0
36934.97763562821,40.0,self_employed,10756.14174879138,16.80402471385719,0.5703831527301493,7.0,8.0,0.4945759672939395,1
24790.162352756222,29.0,unemployed,12647.490123355648,6.053221922325667,0.6251451653154271,3.0,6.0,0.3552201270423225,0
84825.0236631074,,employed,,6.656355563812367,0.7218792320567997,4.0,3.0,0.28405562319240574,1
15242.610267523776,52.0,retired,9932.064161948225,12.383693025426494,0.7243303032206618,3.0,5.0,0.4144899236034889,1
14247.742901791988,48.0,student,3603.9388006904787,11.071246557150122,0.6121109806434262,2.0,5.0,0.31252856638788484,1
7583.182630800586,22.0,unemployed,3439.7137524547334,2.568521374356905,0.5940725073988663,2.0,4.0,0.26955224013975165,1
19634.19083591552,29.0,employed,6721.423828039764,4.4094649828213965,0.7348617874185056,3.0,5.0,0.4753814781264413,1
50692.508902610345,73.0,employed,7441.895598694703,35.04745458984037,0.8411495055980757,3.0,8.0,0.18700252961876843,1
306953.4231876797,59.0,employed,123848.5789610914,31.6365862668447,0.4186110877646599,34.0,6.0,1.0,1
152845.5319745518,61.0,employed,16268.086074897503,,0.8732969103963047,40.0,3.0,0.996283616109138,1
52755.83953470281,29.0,self_employed,11061.17336555968,,0.783777251937034,2.0,4.0,0.2168799942077249,1
,21.0,self_employed,9814.50141879388,1.7997836663929854,0.7731906558253878,1.0,4.0,0.3603036092097104,1
48373.53076267275,34.0,retired,11074.412628108304,3.291421104276662,0.5611835817213261,5.0,6.0,0.2784026074367581,0
30499.114162767735,66.0,employed,15778.026557626867,32.26570141264215,0.5904371065499412,6.0,3.0,0.5346730600523392,1
47391.61783488901,46.0,employed,54967.23137006119,14.430972366250472,0.5419882362915815,3.0,4.0,0.7527006586651982,0
49531.11909504682,62.0,employed,6181.963965553465,21.728930185828492,0.7115284296497654,4.0,5.0,0.07837217248004534,1
72070.36989758885,45.0,employed,18011.844155508777,14.624963001358536,0.5941083933380276,3.0,,0.1442718069918457,1
34460.578795936046,45.0,employed,17113.741151506056,13.765818411742401,0.3802865503084736,7.0,4.0,0.4390003072787096,1
12558.85496272874,52.0,employed,2224.677484702454,13.405056344638863,0.6042196569164221,0.0,3.0,0.09071239274562409,1
37367.76848894858,72.0,employed,5768.497534538409,19.92088867360744,0.5527988813345901,5.0,8.0,0.13142163486848146,1
44163.927232189766,42.0,self_employed,19558.911425597285,10.780283432984092,0.731894917926805,3.0,8.0,0.3808056471669043,1
21652.356449267056,51.0,employed,10841.342417574402,24.319203781928223,0.8237597483460121,2.0,,,1
13683.187969286699,70.0,unemployed,5140.473405068121,14.623558345380703,0.6975628433435603,6.0,7.0,0.45509048485764403,0
266500.4537624236,39.0,self_employed,102362.21386997373,8.29203391825095,0.5860319414918264,38.0,5.0,0.9927699465609523,1
18557.38357742159,65.0,,6179.886963450237,14.822872068173204,0.5565991229568494,3.0,5.0,0.4557365213685771,1
17781.614745138417,48.0,unemployed,5130.120164888513,13.688465581272876,0.6452900475532074,2.0,4.0,0.18381022711351588,1
9588.45740163823,68.0,unemployed,893.1492112955049,14.004952573695137,0.4858074421149358,8.0,7.0,0.14262889283348568,0
29637.93455585147,44.0,employed,3466.9837865914133,17.068411576874823,0.9113641472406592,1.0,4.0,0.09676522260571198,1
28816.706258290596,53.0,employed,13680.039864969467,9.17281524427607,0.38597360698495564,4.0,4.0,0.34721708227368553,1
74091.0097888041,36.0,self_employed,16792.343541578808,10.784830611066525,0.6116781217692653,2.0,7.0,0.23096550631816767,1
35580.105242005586,54.0,employed,3482.4841966101535,12.982543017170908,0.8187453078994473,1.0,,0.16238055664835632,1
37780.557985154235,36.0,employed,6141.820142087244,8.699651966062758,0.6938981617226332,4.0,7.0,0.19885979056598138,1
29134.605026172478,52.0,employed,7094.160654942683,10.879754419037845,0.7918854620549319,4.0,2.0,0.3173528332729616,1
16020.289420037252,62.0,unemployed,15366.408504550398,28.077905138158986,0.5160517017862625,5.0,5.0,0.6164845997508902,1
78430.58178201168,42.0,self_employed,32847.25414083541,18.455174245463873,0.7083124492846082,4.0,2.0,0.32748855730902393,0
55228.841598927414,42.0,,31924.63360610744,7.993132138459143,0.6119220829324855,4.0,7.0,0.4568735650616455,1
17918.900993647316,36.0,unemployed,3295.81184794256,13.89405464329855,,3.0,4.0,0.2851176089790598,1
49173.74407104404,59.0,employed,24791.553759853054,16.201735504881277,0.5749344792206491,3.0,7.0,0.5559564490523976,0
18212.77733916508,51.0,employed,17998.024425217507,17.645373907627654,0.5264427752426198,5.0,,0.6416901040385996,0
23433.93780442642,47.0,employed,11203.60367656707,18.007665148889025,0.606538166186501,,10.0,0.36675607494217427,1
32777.785815371695,19.0,employed,6971.853387615927,0.3195611696391162,0.5330432960719984,6.0,4.0,0.24966557602998185,1
27788.51704903871,24.0,self_employed,12982.042727412145,2.80115017475746,0.775746922149639,3.0,9.0,0.3734757726910746,0
21327.04975646958,18.0,employed,6663.612730656252,0.0,0.4934716726048317,7.0,3.0,0.5392716453002095,0
14241.451765084692,66.0,employed,2203.5680378947513,29.675148749606976,0.6936473163640751,7.0,4.0,0.19413779865996433,1
6482.835487918618,66.0,unemployed,861.2825313653534,21.598544248064982,0.6852750486179741,2.0,4.0,0.25306001484430857,1
35138.3147046469,21.0,self_employed,13193.037145125665,2.2049601587512644,0.5050615029488471,3.0,5.0,,1
35076.50515736199,20.0,employed,17038.638790098772,0.7287902662877657,0.4094378707545212,6.0,6.0,0.4156864688143565,1
24427.70240994239,62.0,employed,8073.631616514304,33.18307496215168,0.7058605503175499,2.0,10.0,0.5065450131260623,1
,47.0,employed,16796.187826500372,8.254093297481505,0.6123784386510911,2.0,4.0,0.5016777317422639,1
29233.868011611212,35.0,employed,10268.433458922482,,0.35822712573516313,4.0,10.0,0.5165140121989578,1
62647.984792585106,,employed,35388.22770856829,13.463971777315757,0.47843897435735755,8.0,7.0,0.7912212138985383,1
33496.19462199242,31.0,employed,7634.903413912875,4.017896565435642,0.5845587478093042,6.0,4.0,0.34145943977753224,0
51439.69556814532,29.0,employed,8011.909955896748,2.8199853333464926,0.6726952756261105,4.0,3.0,0.06145463062466574,1
20099.69059384011,38.0,student,1653.7121347662016,11.867710705944281,0.9332805693725591,4.0,5.0,0.06627358562234194,1
18015.080296560893,69.0,employed,,17.334938757732914,0.47458947752570063,7.0,8.0,0.7028194139657443,0
34706.105870153784,61.0,employed,8995.335405874786,23.378611831433034,0.6035329332374755,4.0,2.0,0.32028432501975496,1
19578.51264713232,28.0,employed,6161.254082794353,7.876512337011667,0.5022045284933604,5.0,3.0,0.2838215048293972,1
34404.39445169591,50.0,employed,46067.23790425566,,0.6616126487459861,3.0,4.0,0.6257076755103093,0
27522.104786464715,68.0,self_employed,24013.039338223796,11.048328331501866,0.6771634036479358,2.0,9.0,0.34184525982044883,1
43957.630981400136,72.0,employed,9699.774414793861,15.427452706444026,0.717897530188579,3.0,4.0,0.23023392834169484,1
6496.382137963403,61.0,unemployed,3931.1754814228966,11.678507842808207,0.556522126989015,5.0,5.0,0.5798795403342965,0
40241.782175321736,25.0,self_employed,30321.141520320656,3.3457908142619908,0.5961303960381994,5.0,4.0,0.5984780402005696,0
48349.33714539135,31.0,employed,31346.39365600628,8.408274443352894,0.6452349274763566,3.0,5.0,0.4505825049158599,1
20009.764535272006,30.0,unemployed,9949.717407510852,4.53439957762938,0.7244189427585802,2.0,3.0,0.4262820732520974,0
24783.07206478809,26.0,employed,12775.060946270716,2.3000453000504475,0.6679078532090779,4.0,3.0,0.36727553775021915,1
36639.255018014446,27.0,employed,12535.738995100239,,0.7671251804607049,1.0,2.0,,1
39817.96560188354,36.0,employed,11333.74540046462,6.8527462555718195,0.7735912132310233,2.0,5.0,0.3731047556425113,1
86584.25971781876,49.0,self_employed,54439.20507846013,16.89816849720753,0.5644873476559167,3.0,6.0,0.46285270728248185,1
17315.11276929854,40.0,employed,6058.831984265263,16.725982587680324,0.43787182186378826,2.0,7.0,0.34672540505149324,1
23027.59889416186,41.0,employed,8339.816106720915,8.620587977986062,0.5983966928168758,3.0,9.0,0.3329383301684578,1
147595.5802165777,32.0,employed,7149.903588440359,7.104929561684656,0.7848851384080816,2.0,5.0,0.03303707699402567,1
31680.33302487726,26.0,employed,6188.973453232581,5.472697185429839,0.6229782472274764,2.0,5.0,0.2513330103828218,1
15518.890066603286,74.0,self_employed,6611.187725717523,34.44172857992031,0.6609895776644279,2.0,3.0,0.5356181699732383,1
27138.9414232368,52.0,employed,4187.132883499933,22.130154765495394,0.781029135100861,3.0,5.0,0.09492688400777176,1
9095.757629734557,31.0,employed,5657.900940134844,8.626041123877583,0.6103568978933906,7.0,4.0,0.3446554566896063,0
40964.4688370044,64.0,employed,10533.626275785893,24.101682161219593,0.42632350920235185,3.0,8.0,0.17774272136555805,0
59886.271046373695,65.0,self_employed,15596.30974186052,24.516951442843876,0.8068273604380434,2.0,2.0,0.2781898708247627,1
23021.154013231935,73.0,employed,4211.227453005996,34.72335615479877,0.7929505115638202,3.0,5.0,0.2547510012822319,1
28699.587788491783,27.0,employed,13503.963565317037,5.567300658613202,0.5840496874610623,2.0,4.0,0.31066876920573266,1
57631.64439487311,54.0,employed,21605.182222401396,21.6732455430412,0.7765318892432631,4.0,5.0,0.3490185690186747,1
10595.846075635505,73.0,retired,826.0586543821407,23.6104448407079,0.6640203241136523,2.0,4.0,0.23080172600245782,0
9377.48810356326,,student,4086.7166776091726,31.370651431331677,0.7306886889711319,6.0,6.0,0.3088862725833915,0
35641.02314505892,30.0,self_employed,15489.612419846739,4.1006608034704035,0.38463067003170437,,3.0,0.40552047740156855,1
24930.134740756366,68.0,employed,1596.0492365082605,,0.8261209257670512,3.0,7.0,0.10424097659973851,1
,42.0,retired,13225.457481520874,9.770335955266102,0.7273033390129101,4.0,7.0,0.5324478867063218,0
6756.786700052172,45.0,unemployed,2233.220190820305,9.512066094560288,0.8228865521720263,2.0,6.0,0.3313727720272034,1
44465.412678526984,49.0,,12300.5305543196,18.53519472697871,0.5019683874304105,9.0,10.0,0.4757359727544215,1
33704.392780317525,61.0,employed,25309.541796174613,14.560260559668992,0.623453291812256,5.0,2.0,0.3890961564470148,0
47791.1257327213,24.0,employed,22450.61786236825,3.563363418063129,0.6571674826355943,3.0,7.0,0.4321333207652605,1
40142.855175037315,48.0,employed,3786.789254423475,15.238010307134193,0.7553228568976624,2.0,6.0,,1
20134.657353590093,64.0,student,6470.361012947471,13.407621878877167,0.7453334290583962,4.0,4.0,0.4565846514692594,0
17620.99420562079,49.0,employed,3751.427280906756,11.006170512651027,0.6832319666800407,2.0,2.0,0.21708741868256776,1
46457.61989184631,33.0,employed,17147.968308891737,7.695541058729005,0.5371133081679718,3.0,5.0,0.4167358420295953,0
30778.349980904834,21.0,employed,5997.244532110594,1.9195895470626567,0.829004697793331,1.0,1.0,0.13311885313428673,1
33413.01742089366,49.0,employed,6876.231129143052,13.607480581648975,0.7733574896044058,2.0,4.0,0.21238387185007704,1
,58.0,employed,23427.582189903304,13.587983412272962,0.6902149273339109,5.0,2.0,0.47977275818452114,1
12671.808997997889,49.0,student,2939.442302079785,11.688454689144471,0.8187401186071732,2.0,7.0,0.20711518185965094,0
24978.48266224535,73.0,unemployed,9570.894975113868,14.138867246022098,0.5672375623775537,5.0,5.0,0.48595415062789127,1
82252.39851597378,52.0,self_employed,29780.21163756193,7.313049822240755,0.7760744756658569,0.0,4.0,0.40075209974903536,1
52912.358927685294,46.0,employed,12250.87499300873,21.94857244154715,0.8814606725536578,2.0,2.0,0.11289991171865753,1
24465.02374812316,21.0,self_employed,9433.823406021214,0.7735378818586477,0.6951942747678248,6.0,3.0,0.4987132710204964,1
106171.10316993203,49.0,employed,35091.40691226387,8.522904619058092,0.6893806317269666,58.0,7.0,0.9464616828176511,1
68509.49562694445,27.0,self_employed,10874.14958525055,6.503206059430072,0.8477706834880216,0.0,2.0,0.1966927209368309,1
38395.3842936731,59.0,employed,20038.540485839247,,0.5080696144766679,4.0,7.0,0.3806042395632003,1
25019.261434721597,27.0,employed,5304.879419246097,4.154791668724762,0.49624389116485007,5.0,3.0,0.416270742571886,1
65302.210874273245,69.0,employed,4258.913618911358,30.060116215210996,0.8229194538566613,3.0,6.0,0.046524220624798676,1
23605.158781471655,35.0,employed,6613.052556577762,12.936845200010184,0.6732940409152655,6.0,7.0,0.21027627983654212,1
29375.67914134391,42.0,employed,8338.388091444183,6.231033284674166,0.7293161712038954,1.0,4.0,0.3114932600249699,1
47213.9737676945,26.0,employed,11798.868716268764,2.769812930441595,0.7557868731071431,4.0,3.0,0.1668457419315637,1
20810.201125561503,30.0,employed,5089.344554853142,8.594162904989336,0.4390352058930823,2.0,3.0,0.2645798050916557,1
34381.006188729545,70.0,employed,8274.437904624741,34.75594757339455,0.48209477329047407,2.0,3.0,0.3181237100434188,1
62603.00705498871,34.0,employed,23600.562366966027,12.744864526949033,0.7230365324806228,2.0,7.0,0.4293470258970064,1
233248.90729806022,47.0,student,22067.54348327124,11.262013382256152,0.6025117407797554,49.0,8.0,0.8799804670792384,1
67759.0404632548,73.0,employed,7932.053689563736,40.0,0.8120080130352495,2.0,5.0,0.1328645543452825,1
64010.42111465869,53.0,employed,25647.278288925885,14.217465457195088,0.6708964022858906,4.0,6.0,0.30140669374621737,1
36456.285607159865,20.0,employed,6761.683085832644,1.258111829422592,0.7188961229553104,6.0,3.0,0.19132007852498778,1
11289.510641915855,38.0,employed,4522.669382768547,14.592915371459041,0.7188797622448118,,3.0,0.4435868618874844,1
14624.286849058833,40.0,retired,6263.525975561308,6.654323657410375,0.6111034957828911,6.0,2.0,0.450021814800622,0
53192.20043368225,33.0,employed,6976.112103007033,4.850747895316802,0.8021596637591392,1.0,3.0,0.22134520499743054,1
5855.005207011082,31.0,unemployed,1378.0776133515894,7.1314774546523045,0.6401624892554012,,7.0,0.4451785267094527,1
30842.648592148646,46.0,employed,9384.342427853973,19.77625613659664,0.5584633668920707,3.0,4.0,0.2702816524126785,1
43012.25296868618,39.0,employed,7575.523930079119,5.194764143798608,0.7832143980858489,3.0,6.0,0.191663348798183,1
75719.0718721419,34.0,employed,26973.785942381368,11.368455773656674,0.6315700695464044,3.0,6.0,0.41846201238980946,1
13620.659108304755,41.0,student,5084.04467838762,9.335063307722333,0.7580112198072415,5.0,6.0,0.31367988102365263,0
26324.5211119669,37.0,employed,6378.430537085777,8.430983399286522,0.6977035667166187,3.0,6.0,0.35758054628490105,1
35375.583048717206,31.0,employed,4339.074479672195,5.250916546362938,0.8976118466641645,0.0,1.0,0.12446171477245412,1
43280.45753194769,43.0,employed,15634.43057569085,18.672198569115317,0.7064724853642838,4.0,2.0,0.44835620920919256,1
33620.00602938938,71.0,employed,6920.440667937304,14.759259585334284,,2.0,2.0,0.16620908449443839,1
61367.408955596184,46.0,employed,13704.253857025114,15.247811283762568,0.5963495791829475,6.0,,0.25406730696332275,1
24353.432495549892,52.0,employed,8099.686720927081,9.821404844766151,0.6238762964964973,6.0,5.0,0.45631455831978746,0
38564.23095683368,74.0,employed,14898.3643377526,40.0,0.49001875732857314,4.0,2.0,0.20445453575818198,1
15879.499721560915,52.0,unemployed,,23.077798796126636,0.5722555851545675,6.0,5.0,0.6286477954239764,1
,30.0,student,7592.4875411541925,,0.7210331813871396,1.0,6.0,0.4452124402218214,0
55262.78350539206,40.0,employed,10129.45475912064,8.330673138763629,0.41604113030558404,3.0,6.0,0.36910462476824957,1
39123.52668895804,45.0,employed,3607.6157029213264,11.580548312995376,0.8131629810405474,3.0,,0.11842237031027833,1
53875.055446567014,45.0,employed,11555.407630169138,11.967766339786072,0.686259755057661,4.0,6.0,0.1559132612107678,0
44018.365952828804,26.0,self_employed,5997.329149947343,5.523245721433865,0.8474213876019447,1.0,4.0,0.12279166490089029,1
,24.0,employed,14743.155972293449,3.232320079113086,0.6752637706423625,3.0,1.0,0.41877718698922883,0
29118.07229269873,37.0,self_employed,7624.02276295888,8.6786221897657,0.7132160313073397,,4.0,0.39395758989091967,1
29141.668238721115,70.0,self_employed,,32.84667329641421,0.7410452683986775,3.0,5.0,0.20731831516832747,1
23444.146241066126,58.0,unemployed,9368.555052465992,18.98875703225136,0.7071551986914348,5.0,1.0,0.3347616659059619,0
,65.0,,18899.756599389257,13.016368476151094,0.6072284854967676,10.0,5.0,0.42188000081968624,1
10887.495810143444,27.0,student,4119.84117845558,2.3804415950554536,0.5953385594064438,5.0,3.0,0.3715063074038327,1
39752.64712987444,41.0,employed,5837.806035827311,9.09820218117337,0.8296735608004182,3.0,6.0,0.14174374624365743,1
11082.382599411276,51.0,employed,4678.6895436811465,18.53683070478041,0.3775787740849976,5.0,7.0,0.6079247651138542,0
27256.026133323983,42.0,employed,1540.5906306101992,6.741715118134577,0.8993170645233896,3.0,5.0,0.02222135684466269,1
58718.71845125071,41.0,employed,26018.642759948492,12.191851555624224,0.6731434019378848,0.0,4.0,0.3613619152879339,1
11939.471000456804,38.0,unemployed,4545.8850429517315,7.235315737704803,0.3885065764375637,6.0,3.0,0.4839166824369052,0
154788.17269652823,20.0,unemployed,23532.55235283051,1.2344960987299503,0.7476760171835294,33.0,7.0,0.9613026496434642,0
8036.985682315666,,employed,2157.193907077065,10.413965793879475,0.6639334043071616,4.0,5.0,0.3274388304048484,1
20893.6015885599,71.0,retired,5140.746496864409,25.514945121082224,0.7318387746312773,3.0,5.0,0.1588549116535312,1
43007.77154343474,22.0,employed,7337.94286828821,0.9254339576341583,0.5472818343534198,5.0,3.0,0.20527051048799522,1
45827.74339534055,41.0,employed,40473.30982139455,9.161007298799424,0.658514034425262,0.0,9.0,0.5843862334396324,0
58757.72164746311,47.0,employed,19546.135123987016,6.071007510591697,0.6488881872614285,1.0,7.0,0.44574298209003166,1
16345.762093502683,62.0,student,3838.054092149594,21.18420727925739,0.7535619640764197,5.0,4.0,0.29609607299874724,1
33428.76693291394,74.0,employed,11599.592302076035,36.97173318086119,0.7625204099893897,4.0,2.0,0.15263351142706266,1
18656.339470366835,41.0,employed,3426.6278696090876,5.983036520894035,0.7360642804905769,2.0,5.0,0.2709784028485091,1
32785.421542918666,60.0,,10398.435386328,26.92761183824949,0.6874893001822862,6.0,,0.33917727425838134,1
13528.27914347325,71.0,retired,4516.393488682531,29.177409493536135,0.4700170081714682,7.0,8.0,0.23037490852993142,1
7207.790684515282,65.0,student,1222.0679925093234,23.629868702435772,0.6478903475166151,3.0,8.0,0.3012591672391424,1
23218.86780872725,34.0,self_employed,1733.6884388757971,8.955039317890321,0.9356820535805164,4.0,4.0,0.022769477182520276,1
,64.0,student,6428.9553482156325,18.470760835725798,0.6826999236039505,2.0,4.0,0.2942119930756813,1
15860.265236841824,41.0,student,4536.391659939714,14.402685842002395,0.4030722837513658,,4.0,,0
40535.71358806409,18.0,employed,37624.33267417581,0.0,0.3271214443084134,6.0,3.0,0.5064522458322356,0
28092.33028301452,61.0,employed,2817.397178545424,28.678175732141437,0.7539018032137963,3.0,7.0,0.22296323217861902,1
5192.145935627323,65.0,unemployed,1975.9562622342428,16.998766060902017,0.6078125379282755,5.0,6.0,0.42595203656556746,0
63790.95845406681,37.0,self_employed,22724.351212845446,11.25453991046432,0.5215364873155228,6.0,5.0,0.4596254344175942,1
12257.5938504819,43.0,employed,3338.5846791504255,,0.46859909880325745,3.0,7.0,0.4218720913830365,0
,38.0,employed,5434.120575241576,9.945035363155206,0.4037122962295241,6.0,3.0,0.3591776725646057,1
38870.960704640835,24.0,self_employed,18371.046404019602,1.2094653362142633,0.7528522818462795,5.0,7.0,0.3396301337462465,1
40751.37342226533,74.0,employed,17415.377624237135,17.70451510268026,0.7249630307500786,3.0,6.0,0.4359734448611538,1
12627.320221458685,19.0,student,,0.5790404694995634,0.688128774666606,3.0,4.0,0.2686897913904563,0
14487.17795839939,49.0,employed,3439.8770366348317,22.463123996778208,0.5638284105682068,3.0,4.0,0.35014844394133965,1
24329.706048046926,18.0,employed,4871.135368486278,0.0,0.6390847583313727,6.0,1.0,0.24076694367319854,0
8741.166107771556,57.0,unemployed,2369.6489121432924,20.870135336879322,0.6130723196880485,1.0,,0.5248081840864754,1
24672.71490769516,69.0,employed,10711.161312872415,29.685315615213938,0.4893257796263097,3.0,4.0,0.4637631538924093,0
58984.45980768985,54.0,,11905.88365037792,27.339645193547323,0.5363294987466769,6.0,2.0,0.16826052243928913,1
19795.276169695455,52.0,employed,6993.97030898964,20.164933410757115,0.7801649868180647,3.0,3.0,0.34343910559314234,1
21106.629336019996,65.0,student,16450.672123378838,12.305522209674823,0.6315146931651603,4.0,4.0,0.4178036758155295,0
39306.63128494007,73.0,employed,13872.742087054841,15.842560003967856,0.5625966115586555,3.0,3.0,0.5507137015173211,1
58701.909713447436,67.0,employed,21878.508044805152,28.491465389277735,0.6290161242192169,4.0,10.0,0.48725624752536756,1
11891.890065090956,31.0,unemployed,3322.7357807501126,4.2818334787532155,0.671009996144017,4.0,1.0,0.35752030988872585,0
37755.65480659559,50.0,retired,8626.447181518732,24.22346511764394,0.7352774514420376,1.0,6.0,0.14926497865276778,1
33319.22814021701,64.0,employed,14069.133212775065,34.61096674169046,0.6943287004875109,3.0,5.0,0.3441447974657151,1
45125.20611600272,34.0,employed,,12.30709625750925,0.6170223298628774,,5.0,0.32989159143379465,1
17129.021306406277,56.0,employed,8396.521805017892,14.27931945811801,0.5918571677661363,4.0,5.0,0.30699387072358636,1
9709.50869195578,19.0,employed,3249.2935210242063,0.6301699447761899,0.6030328636738567,1.0,3.0,0.5123059176403159,1
43860.67566021674,68.0,employed,,29.890417208045488,0.5934532044460533,5.0,5.0,0.4515142836612587,1
49558.13692994681,53.0,self_employed,27446.353795236904,7.747679408093214,0.62308515599634,5.0,4.0,0.46188947258776925,1
46062.34880673637,60.0,employed,26002.961598672562,15.09223992392625,0.5061141908932879,2.0,7.0,0.551390475630787,0
27932.153030259127,65.0,employed,8415.57628379056,15.23082177696101,0.6408567824981791,7.0,4.0,0.36012644163261903,1
84134.4426326246,30.0,self_employed,24574.528479626482,5.0698219325160485,0.682004035084478,5.0,5.0,0.34458521250202406,1
28855.6499658034,43.0,employed,12709.786670007219,19.29580574817838,0.5643058048235581,3.0,8.0,0.40272573103076337,0
44821.33397426148,66.0,employed,6336.370070965165,33.95332720200014,0.9103431038048169,2.0,7.0,0.08448077410293618,1
17111.328148859484,27.0,unemployed,6962.960960908435,3.3844927933886955,0.7412513234718734,2.0,3.0,0.33429484013722105,0
94341.85878429639,64.0,self_employed,28523.040942459327,23.828870258341322,0.3330026014966891,8.0,3.0,0.23227401027968383,1
34091.22742496001,34.0,self_employed,15275.807866593452,5.045754767231955,0.5743282997743137,1.0,5.0,0.4343447928722502,0
26197.08821878424,50.0,employed,20370.937362972847,11.726732652082015,0.5441791224844615,5.0,6.0,0.5301996312698796,0
17170.143437076156,47.0,employed,4610.708352032954,6.931056532858991,0.7072632380539424,1.0,5.0,0.3516313468803842,1
39459.74521528479,,student,4328.053743364982,22.836992121453978,0.8837670762070535,3.0,7.0,0.07258094033006016,1
,65.0,employed,24758.913081157716,27.925165840796478,0.4370046563073701,9.0,6.0,0.7767566546196408,0
45548.389847759,37.0,employed,33270.896069274546,13.358918477159259,0.7184582028314599,2.0,6.0,0.32570862353936214,1
172534.4353350722,27.0,employed,97059.74925898244,6.506379792507172,0.6438340449694845,4.0,6.0,0.4756418092238149,1
46996.69459238463,42.0,self_employed,,7.104855348389608,0.35374471788844125,7.0,4.0,0.5397282568134135,0
13255.45378988427,52.0,retired,9745.345195752112,21.95803530172494,0.4848254100024057,5.0,4.0,0.7235767657077131,0
32926.998143624056,60.0,employed,11253.739086270576,11.794632347248776,0.7575592932156084,4.0,3.0,0.3732479591077024,1
11152.97564211094,60.0,student,16603.675510767778,17.817618295994436,0.5202691634469785,3.0,6.0,0.6682369235572533,0
29794.104063743554,37.0,employed,14024.81148737204,9.677116915775121,0.44558285651505014,5.0,5.0,0.32201829301460577,0
,71.0,employed,11799.537131046452,12.173143267969019,0.7836921617655542,27.0,4.0,0.6864874672589968,1
29786.12572175838,22.0,self_employed,11141.156021829276,1.1762329077090905,0.4616212250176102,3.0,,0.45175047099737264,1
18094.417555290187,24.0,employed,12475.967663297784,2.1760179599641374,0.5968364144895706,5.0,4.0,0.7349367543488275,0
80519.18973795326,19.0,employed,6538.754303289733,0.2765253977805136,0.8628210731924065,0.0,6.0,0.06016280047071462,1
42168.29954921736,70.0,employed,7559.655301009255,39.54380369283759,0.6622886997075708,3.0,4.0,0.1905846872729718,1
22710.645055179066,,retired,7651.444958901131,3.7299151285226984,0.4290080582742682,2.0,0.0,0.6543467331489342,0
53040.91706412465,52.0,,12663.325362733214,17.02390195598184,0.5471096119070518,4.0,5.0,0.6276680294259783,1
22980.158688064766,64.0,student,8327.853575442285,36.70434496674895,0.8222223130628308,3.0,4.0,0.16427322577755088,1
14589.002083315932,61.0,unemployed,5691.2898680783555,23.2193810648261,0.6614137748030045,2.0,9.0,0.5196757429287121,1
51149.041713913015,72.0,employed,17871.516894337135,24.132463109743547,0.691363080961922,3.0,5.0,0.4232837082424594,1
13590.757530912208,21.0,unemployed,3832.282285805088,2.2736263306637134,0.7025412635942655,3.0,3.0,0.2815567339755787,1
50772.52945255347,41.0,employed,22984.316741647996,7.6704690240592,0.6398885609069186,8.0,2.0,0.3810265568386642,0
52921.03365464768,46.0,employed,20390.172895030402,8.615612446090292,0.4087261362326817,2.0,7.0,0.3045823248220651,1
13787.769954391908,57.0,unemployed,6448.364110297067,20.327526235554338,0.3645414025815821,2.0,6.0,0.34528986128469746,0
11384.187712136618,53.0,,3126.492245679202,15.973336494459193,0.7820536639592851,3.0,6.0,0.21822515648874694,1
78057.33507649321,49.0,employed,23455.452009140587,21.02394103806765,0.6745409284081985,3.0,8.0,0.3500465288730042,1
28596.775054369344,35.0,employed,20890.110950898594,3.828502421304546,0.6099979696260409,8.0,4.0,0.5240560018112368,0
48579.989189097105,24.0,self_employed,7263.558659394881,3.423812967880392,0.7384258493538814,2.0,4.0,0.13645009413419973,1
22332.694946460084,42.0,student,7275.422780276678,15.033779657729422,0.39548324997487133,2.0,6.0,0.22130220237285222,0
29452.41690142688,32.0,self_employed,2630.1979176370314,10.964100790921325,0.6869520501591202,3.0,7.0,,1
24247.985174937723,49.0,employed,11109.070609227902,8.911195524460942,0.8250105926584895,4.0,6.0,0.30065989007537347,1
30426.645176235208,63.0,,4031.1383122779835,15.64856690515563,0.6729255812474675,3.0,4.0,0.16375638047996313,1
28392.819946845422,49.0,employed,2156.369022439057,23.54344410718791,0.5356304750216445,6.0,3.0,0.09520042518809844,0
19268.846485625214,51.0,self_employed,2209.9717191344644,19.086451140569352,0.8248013732259465,4.0,2.0,0.16339356406688652,1
13109.668339846505,20.0,student,6255.231728055304,0.44565883928261396,0.6494629044132929,3.0,3.0,0.4930544376296654,0
41486.00798237143,54.0,employed,47385.613380935385,8.870630448724826,0.43962305424744463,6.0,2.0,0.5789844174591456,1
68389.30912648934,43.0,employed,32783.61736188161,16.78160840941503,0.21148863401675344,2.0,6.0,0.5792746765799963,0
47915.56448078606,25.0,employed,21592.747676639123,3.783392893516946,0.5834138284978125,3.0,4.0,0.5233857360833877,0
10889.376180866053,30.0,self_employed,4723.055804117177,6.470991467655892,0.5574738889727173,5.0,4.0,0.3518123742160345,1
17515.294206276627,62.0,unemployed,3672.8851225846747,32.02845298341794,0.7662807171538693,2.0,9.0,0.2581440750911327,1
27472.041865021612,70.0,employed,12697.575067457823,17.92225508438232,0.5204929112650941,2.0,4.0,0.5463118724375502,1
45548.821848807325,46.0,employed,16546.130333497418,8.295240494609937,0.3815208817903428,5.0,4.0,0.450488845915788,1
36059.743024279465,73.0,employed,13545.14645071284,31.25559627152866,0.8396406577606588,2.0,6.0,0.17335216023793434,1
32979.9865060048,28.0,employed,19693.859138692602,7.2945385859233,0.6036548534013555,2.0,1.0,0.6644342516102901,1
12077.023130434514,35.0,unemployed,2982.99144959823,6.105556575609706,0.7362207909713716,6.0,5.0,0.17507770704058884,0
35910.60180798401,71.0,employed,14294.35305710277,32.265160800364995,0.3293638812981642,4.0,5.0,0.5759247934982472,1
71125.59137955644,27.0,employed,20616.36669752623,2.6228467720346806,0.6415545945068164,5.0,7.0,0.4772858083412348,1
17980.133373831435,55.0,student,9794.351622492683,11.216373047407107,0.46505133575697566,3.0,5.0,0.4772333050020978,0
62490.39016799842,30.0,employed,14527.282309657423,8.89087241661171,0.7487604930593964,5.0,5.0,0.20348038780577554,1
572505.6307622426,36.0,employed,184108.45891865488,4.874021944988854,0.6613497343433661,51.0,6.0,0.9422163857488897,1
50691.968955715325,45.0,employed,9095.773401145383,5.794397693814155,,1.0,4.0,0.24341599465002037,1
14863.897868046104,38.0,employed,5136.76486356796,13.299285377329412,0.7071809886848941,4.0,4.0,0.38368754547825434,1
63469.599872436076,67.0,employed,10446.354007858297,20.457780726640305,0.5827510889887189,3.0,7.0,0.2604503597266965,1
28884.180969257897,73.0,employed,3775.78103108689,24.08973222267032,0.827790003330704,1.0,3.0,0.1317728110476529,1
51940.99493688356,46.0,employed,6930.531925343341,19.037606754457688,,0.0,2.0,0.21410893580056095,1
22331.054861637873,47.0,employed,5720.96093548752,8.930882773445859,0.7665087136833714,1.0,3.0,0.2912479794905969,1
,21.0,employed,6592.354251607199,1.7705884947378645,0.7284067488823568,2.0,4.0,0.19715577372462764,1
107312.94326379179,31.0,self_employed,37509.12804142368,5.04552096493355,0.7112897295541689,4.0,2.0,0.5274803574096874,1
22505.352900384136,20.0,employed,8068.118705270559,0.525122152776213,0.6732913986022794,3.0,3.0,0.5452858766628417,1
64411.876933776606,66.0,employed,17634.566536017504,29.399886210338533,0.6360741634845692,1.0,,0.30031821435189504,1
38530.68287701946,30.0,employed,7824.029196497061,4.694381768766741,0.6504563365560964,3.0,7.0,0.20821823171322343,1
14717.50366992023,37.0,student,2827.0810722303677,13.679286788792808,0.6184895605015176,3.0,8.0,0.12088376682346244,1
17755.282873098116,66.0,student,1428.1504579986592,36.06822672667875,0.8524836239552105,3.0,5.0,0.09592018138762556,1
18947.98271357129,58.0,employed,1609.0331800309523,28.37724228610287,,3.0,4.0,0.19247489486574992,1
36066.61088849085,53.0,employed,16535.895069646995,13.7693866961447,0.49296398627191595,9.0,4.0,0.4980029120837213,0
21133.819221615937,20.0,,10929.1581701915,0.6838991492315875,0.6961602668238213,5.0,4.0,0.2952107510140524,1
29800.43002751813,50.0,,5088.910378490027,23.541772334229762,0.7797427583982922,2.0,2.0,0.16594542829164904,1
57679.077705671014,49.0,employed,24767.186269289516,14.62481390010218,0.5953417169048618,3.0,9.0,0.4047794604751175,1
41237.171039134955,,employed,17774.161419648728,11.243589014426572,0.7213120515558,4.0,7.0,0.4914892816522546,1
17307.83815736928,60.0,employed,3292.2427293733035,29.244537875547987,0.8755606038357302,2.0,6.0,0.12066198903097444,1
55589.19147764847,70.0,employed,17220.926158622802,19.063823631876065,0.49658693573914636,8.0,4.0,0.36676261713555425,1
36186.815510143366,32.0,employed,6086.035741873153,3.8004183946522376,0.8214191850980974,4.0,5.0,0.1532220328203498,1
27692.236047542458,36.0,employed,6463.119139901997,,,3.0,9.0,0.10193293353671198,1
18462.852648493605,36.0,unemployed,11996.605504452813,9.974076362242831,0.47805445070477853,7.0,7.0,0.4817109964402996,0
33402.85256686653,65.0,employed,14227.319180130955,17.01964204897184,0.6519670150091417,2.0,4.0,0.6157621756203479,0
10137.758013439872,22.0,student,2710.530259323788,2.2032961313248216,0.559645910503476,2.0,4.0,0.3593924200011858,0
91482.67194917834,69.0,employed,35583.32896383211,34.384931987037305,0.5347024887810168,4.0,5.0,0.5364882208314802,1
12601.034012490383,62.0,unemployed,2501.1739320756346,18.040289933884967,0.6860666256014041,4.0,5.0,,1
17433.69692348293,45.0,student,6598.3910834016815,9.32554704659427,0.5570321891233989,5.0,4.0,0.5115016814216935,0
20759.774400565035,51.0,retired,4210.10600964927,20.955024029469214,0.4224619804563481,5.0,2.0,0.20201361469472648,1
22929.068358768076,68.0,unemployed,2555.415786541789,33.576160500453845,0.8664896140164045,1.0,4.0,0.1201196865709796,1
9776.517555324584,61.0,unemployed,4939.043091882844,33.22066749701814,0.6080834186500192,3.0,5.0,0.46549187198018355,1
18450.01108715905,33.0,self_employed,958.4228251213646,4.328272406257241,0.6680958355982365,3.0,4.0,0.054142720191920776,1
9052.887481667405,20.0,unemployed,1788.5265154315848,1.4671169222658338,0.8158735865829455,6.0,1.0,0.31072314158194536,1
70501.361468752,55.0,employed,42520.136936416304,24.385193608415836,0.655857861757896,6.0,5.0,0.5360748635345298,0
55053.795199520515,26.0,employed,56840.514184859196,4.969119558068263,0.5552236492447217,5.0,2.0,0.6009905589591709,1
31968.047703381762,23.0,employed,10238.694658247176,1.9391608875711346,0.6581551079753758,0.0,2.0,0.30393853328220655,1
36079.50989562982,73.0,student,13089.411908497641,11.732367389209086,0.46784998961059976,6.0,,0.5447572434193995,0
52784.407543806425,45.0,employed,6888.388026058075,13.622318004734964,0.7270797920843552,3.0,,0.178334382299493,1
31783.58746823288,55.0,employed,4993.2102636798645,13.7440801579829,0.45369595092635373,2.0,10.0,0.16143702287687006,1
,30.0,self_employed,10062.511526944201,4.486711336272177,0.6856251471473502,2.0,3.0,0.15710149340933036,1
42815.64559137672,23.0,employed,21527.26087649996,3.781415731577961,0.6475426412830738,1.0,6.0,0.4624674240348372,1
23957.974817203998,21.0,employed,6096.111318615992,0.8753440056957765,0.7525747950779219,2.0,3.0,0.4278947024112039,1
36397.39673342139,38.0,employed,18686.41036760362,15.21078855508665,0.3512603995332085,5.0,9.0,0.5028115621830708,0
42372.57781354212,18.0,employed,19815.346554289237,0.0,0.6861228933177275,3.0,4.0,0.2912900143431812,1
15623.272065725128,41.0,employed,6809.368486811511,16.16825400964093,0.7942182470187225,2.0,5.0,0.2978756823532357,1
33035.56008846489,36.0,employed,6087.94653790894,6.662745771572633,0.7889406213747905,1.0,10.0,0.08209430077039973,1
31209.315636256637,48.0,employed,16168.46861403548,17.410571953525235,0.6290846019337513,5.0,7.0,0.42688534234344266,0
60720.33990608603,51.0,employed,15278.140686437644,17.620450235323656,0.6191571244488817,1.0,7.0,0.43015993580006456,0
14439.914669204414,35.0,employed,3234.4337612802465,12.826494112061908,0.5349201593111926,6.0,8.0,0.30892145230784857,0
33009.71430316001,43.0,self_employed,10716.08277851849,7.689476402636316,0.7443135006886288,6.0,7.0,0.1582432615899122,0
28541.734864814145,22.0,employed,4990.603131455554,,0.6884325571187503,3.0,4.0,0.18369479052966622,1
29345.318348271892,35.0,student,2794.045301225465,13.079436874426158,0.8589413670767049,3.0,5.0,0.16864418257912478,1
17766.67045579574,73.0,student,4022.2970486327213,14.232832485941467,0.7057793818871476,,4.0,0.16637984065213685,1
89147.47704923675,74.0,employed,66248.44686885033,32.52533095987828,0.563879021486499,4.0,7.0,0.5780293709820391,0
50569.640796455096,45.0,employed,15518.643884568964,6.381138634087101,0.3889188310849058,3.0,4.0,0.3320436620086086,1
29581.02841510169,71.0,employed,7114.38056722256,13.048307698235186,0.7373824396800785,3.0,4.0,0.18550952272378995,1
14328.519829846422,46.0,unemployed,4835.723417268882,15.632098880748927,0.5993296202919363,2.0,4.0,0.5012116507966969,0
33465.68200975662,25.0,self_employed,6374.786343330044,,0.5928124758863955,5.0,0.0,0.2176250900238487,1
19533.298834558114,67.0,unemployed,4567.574196617181,26.646970243355632,0.5995629867861162,3.0,5.0,0.4880249048672161,0
18655.590583727448,41.0,employed,6933.646035457867,11.136398932389215,0.14813913430231018,11.0,4.0,0.6139646406109499,0
26461.925136893085,52.0,self_employed,8936.913098004907,21.94413054786474,0.5720610282152889,1.0,5.0,0.19282420221886268,1
45608.2983031116,54.0,employed,6498.079138681755,,0.6215928020003284,2.0,2.0,0.5057103013015067,1
73731.72185024655,35.0,self_employed,20487.815481495618,6.212968713181628,0.6402792840295002,3.0,4.0,0.3352679413050243,1
12076.488014348462,59.0,employed,868.1310659762199,16.156615815947735,0.945389903450236,0.0,,0.0458146308702517,1
79423.19934937634,46.0,self_employed,18684.70834145049,11.027232311366008,0.5213637858341926,3.0,6.0,0.17632843511253282,1
16929.031294788747,38.0,student,1612.2044369209093,13.159227355670229,0.7339803575678493,0.0,6.0,0.18867318352740517,1
,34.0,employed,3031.6357048944833,6.540948810787791,0.772749375465744,3.0,4.0,0.28713935209276265,1
8905.695179358725,60.0,self_employed,1465.6507565296367,25.4537741030828,0.630482242518305,1.0,3.0,0.1902648945306839,0
16904.023797467413,32.0,employed,5558.412966587539,6.545455478900203,0.7630533016260213,1.0,10.0,0.29417417050929,1
39555.40996700002,25.0,self_employed,25003.603376261784,3.952779601496653,0.3198102165384,4.0,3.0,0.7303193765664437,0
35138.440498722135,68.0,employed,5047.419736981508,34.87046118414698,0.8317299138933634,3.0,6.0,0.25806656860611843,1
24920.67444134799,36.0,student,4201.709860835311,9.151833825585424,0.7711547375426782,3.0,4.0,0.1747850497408787,1
27591.317288631948,54.0,employed,5444.194140677078,17.463741138288842,0.8071187621806801,3.0,5.0,0.26127490326266456,1
14607.710472359382,58.0,retired,3382.755353180894,14.407390006527274,0.5330556441786415,4.0,2.0,0.18361854740327618,1
10338.547679514924,65.0,unemployed,3399.1260701881097,23.948509207317908,0.5011279028150492,4.0,8.0,0.3854536663709205,0
,53.0,employed,16392.89782641701,12.510657731101682,0.7476236106691947,4.0,,0.23837514339738147,1
14265.000133111867,58.0,unemployed,5396.319730112934,28.245684937231008,0.5162401469184124,8.0,5.0,0.5340624498544221,0
8566.337230268802,65.0,,3269.350970600301,20.365965557496665,0.5557109521776638,6.0,3.0,0.5194618701579571,0
146718.63331358664,71.0,student,62291.29193229421,14.705622692351534,0.7977060655218795,46.0,2.0,1.0,1
26616.89954123884,20.0,employed,3260.857687227697,0.6879610335116321,0.6804973713744128,3.0,1.0,0.10134090378900877,1
23509.063787045114,60.0,employed,16731.774256650602,21.87145298017486,0.4269568689047355,4.0,7.0,0.6001167066192119,0
27689.380556731267,27.0,,8876.252985650695,6.747952585480665,0.6450989389624737,3.0,9.0,0.4052812946297998,1
68372.79343291126,68.0,self_employed,36543.33100913515,19.01684495724339,0.5413121849960647,1.0,6.0,0.7047663291147399,1
33982.527468754575,20.0,employed,5493.084238516386,0.7172634449191739,0.8728108524944183,1.0,3.0,0.11582021595554222,1
25661.401338445598,32.0,employed,5524.373224601845,6.215102612405138,0.7686649814878175,6.0,6.0,0.3122667160269224,1
57702.39014091302,28.0,employed,8616.53937385337,7.806526869752879,0.7514557029411031,4.0,3.0,0.0871852125627523,1
106019.07078463389,52.0,employed,34378.11507539871,24.042481359011624,0.680580406971669,2.0,5.0,0.4001529142003634,1
40329.61401499421,18.0,employed,11158.443169872035,0.0,0.6020065921793336,3.0,7.0,0.4118718065748174,0
23555.134612496207,18.0,unemployed,2150.5793128926152,,0.8578875514650651,1.0,5.0,0.15473811741541804,1
21337.403633368078,46.0,unemployed,6525.221879828312,18.903318616179785,0.5559257696901937,5.0,5.0,0.4996893534453448,1
26827.429292717297,73.0,employed,3871.822762817279,36.34434126521784,0.7116800746098904,7.0,9.0,0.13143368225501453,1
36802.354027072404,48.0,employed,7423.296035004672,14.799218851583086,0.8454637526059678,2.0,6.0,0.19791975075669538,1
9562.270755707299,43.0,student,4277.6789878012705,15.977470785110635,0.5704734648429912,10.0,6.0,0.555167578062172,0
32778.525409178095,55.0,employed,10416.510785919356,20.35562275516424,0.45226199908661174,3.0,2.0,0.6042856338191308,1
26553.180582260484,49.0,employed,7307.169311906111,9.946876681050972,0.7258859352373838,2.0,4.0,0.30795835375331243,1
,39.0,employed,5576.748280981627,4.906275872020009,0.6600811892236974,2.0,6.0,0.34184408731801547,1
27456.62221015768,51.0,self_employed,3898.142332074043,13.916093664996678,0.7109494014566108,5.0,7.0,0.21428954222435528,1
31459.352537524388,18.0,employed,12357.091348437878,0.0,0.7732125499550441,3.0,3.0,0.27334290572949754,1
16585.667845830892,31.0,unemployed,7144.888868343721,5.681104550582959,0.5376137754236168,4.0,2.0,0.5020671221742992,1
37630.276242725166,56.0,self_employed,,26.49844123581333,0.48916562431803584,6.0,6.0,0.7135794282783635,0
14297.120053744728,37.0,employed,5437.2801929296575,13.42495329180083,0.7951135714439644,4.0,4.0,0.2287072253738079,1
12503.858266581577,21.0,student,3713.280259358059,0.6613330584120322,0.5700464599418575,6.0,6.0,0.3205142158727788,1
5946.024947471388,25.0,unemployed,2449.0540825712765,1.6920489635398754,0.6694728168438389,,6.0,0.30948380824992283,0
41028.823586432816,67.0,employed,20770.26074896247,29.4940923751826,0.6169351042133219,6.0,7.0,0.49633141433368033,1
46707.43702399797,36.0,employed,12375.866605085657,8.999985905375759,,2.0,3.0,0.3683713887893294,1
41285.80894933449,19.0,employed,19448.098179491306,0.28961503563823454,0.3907177787869937,4.0,6.0,0.5639317803912575,0
24496.80067593797,59.0,employed,10833.26876528698,28.01602859620949,0.6050454126006566,4.0,5.0,0.6648063134931768,1
41086.17480951643,48.0,employed,12919.581361113547,9.896930928715596,0.6722696249700655,3.0,5.0,0.2584979343744266,0
14354.168855213802,43.0,student,8907.884113460857,6.172238820435662,0.6560271848453063,8.0,1.0,0.4910131024327432,0
20555.570939352077,69.0,employed,2911.2146245532954,33.13491842586027,0.8721162433733068,4.0,4.0,0.22648728299874796,1
454072.20306370396,35.0,employed,40678.80300713339,9.602884941246034,0.3449833169452389,31.0,3.0,0.7601913404379611,1
60133.60145184718,50.0,self_employed,28787.844600613647,13.973300583641414,0.47337274660288436,4.0,7.0,0.6236284619684808,0
58363.603135361525,60.0,employed,5358.784547902337,25.85670033534507,0.9041583229417369,2.0,8.0,0.09195576701731632,1
13395.559084744647,52.0,student,1680.7493277476513,25.392166049300542,0.4364599238739358,8.0,3.0,0.10974167869072438,1
22922.151395524255,29.0,unemployed,4637.20047705793,2.425604122259875,0.879461001522518,0.0,6.0,0.16282076521756358,1
28373.442810025477,56.0,employed,17137.261473650542,21.911091178997648,0.4009304512396702,8.0,3.0,0.42448469904156566,1
50349.83699830916,60.0,employed,,13.89781588479211,0.40896226287641146,8.0,4.0,0.5502074761413451,1
19690.0502793605,24.0,retired,1533.1399336404897,2.9068959357889823,0.9255779241808954,0.0,0.0,0.05696873448484206,1
35714.751793840114,27.0,self_employed,7932.36317259002,4.089498095970196,0.840299070925774,2.0,3.0,0.18410571643081672,1
7575.965851262711,,retired,2727.357798365337,16.49153642662728,0.5459320885790016,5.0,2.0,0.40114442700740516,1
,24.0,employed,3123.5455169055317,1.885281960890863,0.5077065564235237,7.0,4.0,0.1558437835323956,1
19003.867742611696,68.0,student,2439.500772409598,34.07949809334947,0.7621974635716778,8.0,10.0,0.15712351241969866,1
32541.95214452305,24.0,self_employed,10495.796663988065,2.566274105739721,0.5032143306008942,8.0,1.0,,0
87386.32055830071,73.0,employed,41627.62452210752,40.0,0.49410543945469165,4.0,3.0,0.39683085935925466,1
20307.934634137906,56.0,employed,,15.686436623179993,0.627787537886308,4.0,4.0,0.29165180317004596,1
30137.32034375347,43.0,self_employed,5256.624797537043,17.5957001701873,0.6310561312802583,4.0,4.0,0.25770921513685735,1
23099.44095204996,33.0,employed,7049.071061246775,7.900196983722191,0.6376525611159775,1.0,7.0,0.44358671544845857,1
27394.88265458379,37.0,employed,14174.841117333928,8.196127677401632,0.6016232485121061,4.0,7.0,0.42209820548170823,1
21287.69333396848,60.0,unemployed,7506.779116775325,26.141611807869502,0.6083770406545858,3.0,6.0,0.46264912361577787,0
76040.08368671332,60.0,employed,43164.090823889055,28.223696540006245,0.531934739072974,2.0,5.0,0.5722061039350292,1
25580.962322549734,29.0,employed,8496.138997062792,5.38575921581158,0.6340920899824121,5.0,7.0,0.3874633444178308,0
25298.39486516681,48.0,employed,7854.9954235766845,13.657567710903663,0.6883582910433197,3.0,,0.32666659482179894,1
20362.203173780665,74.0,employed,5853.979476905735,30.60127740451003,0.6331527143216772,4.0,4.0,,1
34891.39487840634,32.0,student,9275.085063687755,7.7153723794480324,0.654768869410622,4.0,9.0,0.16546779004465012,1
22262.970887166586,57.0,unemployed,5528.047231157468,17.756213650999687,0.441947378041636,6.0,5.0,0.47930205766376965,1
34441.2102932837,27.0,employed,17290.223172847567,5.8913795435902445,0.645422345003249,3.0,1.0,0.6687249593987711,0
12648.266610236158,65.0,retired,4108.268508613723,20.672144826657384,0.7105422642512541,5.0,5.0,0.22527248391265356,1
9447.652120035238,27.0,student,1794.3262463795509,4.246191051565461,0.8744278722949219,2.0,6.0,0.196967854530572,1
39549.75289223338,34.0,employed,13673.420413269278,9.01105495308332,0.6366901055598327,,3.0,0.39406890962908986,1
16728.127026492435,44.0,unemployed,7199.165619468459,20.59484287011837,0.747713676509933,3.0,5.0,0.3285013962171218,1
12925.115008619558,39.0,employed,,7.484644998777698,0.4205649564780857,5.0,5.0,0.1947767370586574,1
21648.03789229742,27.0,retired,17214.82759381476,3.0525451195222346,0.48110146634260137,2.0,3.0,0.6898509861814565,0
89720.8196810771,54.0,self_employed,80070.1470831355,11.020764956680427,,3.0,6.0,,0
35830.52907650045,19.0,self_employed,3575.5109198371724,0.6136665285848801,0.6478838915276421,4.0,3.0,0.14793553006095886,1
76482.63842731337,74.0,employed,27118.274446753065,26.289579817258502,0.6017865906028087,1.0,3.0,0.4671438296300634,1
25118.90135901993,,student,8205.612690659851,0.8663276080891298,0.5761521270937943,4.0,3.0,0.4924031789069186,0
21117.559973376938,37.0,employed,9681.405397812921,6.126630265297103,0.5452641482420659,2.0,7.0,0.458923714586218,1
,71.0,employed,8600.714237145472,38.93820040142616,0.8390121949246767,0.0,,0.1803248499681382,1
34052.30080728808,26.0,employed,6348.761410086637,3.7272305690674523,0.35110946688529593,4.0,3.0,0.5078042706208233,1
7894.503931403765,22.0,unemployed,1948.9854284202916,2.25846394756719,0.6367421062404919,3.0,6.0,0.4854035978346185,0
22360.828706594417,60.0,employed,1913.5266830515684,11.235745372971717,0.7308349684453727,2.0,4.0,0.1630175137233218,1
38570.27247090008,22.0,student,5120.499417401127,1.0591333200437627,0.7697087413917469,2.0,7.0,0.1668009238999666,1
24504.93659619302,69.0,self_employed,7202.152639220061,12.261048974918273,0.5011688669679563,3.0,5.0,0.3091630518171086,0
62268.94081734559,43.0,employed,44222.89277356402,10.510191212574405,0.5777996694522942,3.0,7.0,0.4554479386580247,1
29195.1465621831,67.0,employed,3460.6819860379173,23.702866104442204,0.8319921389513993,2.0,,0.1785520328648674,1
35852.92150078221,31.0,employed,10728.915638448429,4.507709565704048,0.737805348026101,3.0,3.0,0.10422467780828706,1
52903.902633933925,26.0,self_employed,12805.419716018792,3.2784520282110865,0.8132385576240176,2.0,5.0,0.197119774558636,1
9422.903422681215,72.0,unemployed,5794.076511429647,11.00282510237014,0.5675250425980305,3.0,6.0,0.5886474661254304,0
48240.401616372474,61.0,employed,12707.681098256284,17.658082403743986,0.7537002306084659,6.0,8.0,0.2020133284077419,1
,69.0,unemployed,603.611896305299,13.846642845823935,0.6998083376170012,3.0,5.0,0.21705469874335476,0
45245.28271074045,36.0,employed,8881.503621367303,4.986552366438008,0.6987319858568884,2.0,2.0,0.2490515132017285,1
3699.3515007956844,41.0,unemployed,556.4527618867595,4.6621841463280465,0.7353915835878657,5.0,3.0,0.2152365619304764,0
16210.743105495849,50.0,student,10721.73392467242,19.770506868450056,0.45548584421478105,4.0,3.0,0.6191893696527854,0
19483.035044389657,43.0,unemployed,7314.074640946872,,0.40205364676273536,3.0,2.0,0.6039062575203655,0
54527.357808142355,,self_employed,8117.233617593798,7.4480553746468265,0.8242926972071987,2.0,5.0,0.1450747846033605,1
6640.699850050345,39.0,unemployed,759.0112246565717,5.412145854291662,0.8175954130421041,4.0,6.0,0.12425675175939574,1
20234.97459787263,52.0,employed,2351.519536133467,26.988848767607085,0.6562780666408793,1.0,5.0,0.028733580408542285,1
25736.46095956057,20.0,employed,5284.626177922148,1.5707022050518162,0.7326677340673088,3.0,4.0,0.2664751896524731,1
39859.17639776247,37.0,employed,9828.538555691106,9.137873706495373,0.7421100787052053,4.0,4.0,0.40680437991009627,1
13148.11136658287,34.0,employed,5755.278978068542,4.235544496700442,0.5685503429795188,1.0,4.0,0.4164590406599902,1
39683.80273570153,22.0,self_employed,23144.288306079656,2.5297743431532913,0.596206571191328,1.0,4.0,,1
46677.84251444393,24.0,self_employed,38333.482509060486,4.661285536140374,0.37687064297207146,4.0,3.0,0.5881515657855311,0
15761.637006753701,46.0,student,5389.442907805093,18.68215334953004,0.39264134749026036,4.0,5.0,0.3351362710588093,1
47224.14011882165,23.0,employed,12745.583605341762,2.8726085637129435,0.5454822247789107,6.0,5.0,0.2550519727319212,0
44675.13040382577,37.0,self_employed,18058.75874865551,10.76348368703028,0.6550984429986898,,10.0,0.32232953666652225,1
27699.58943710854,49.0,employed,7032.811320028768,24.389276924224696,0.5588730450214541,7.0,7.0,0.21731542976113957,1
13792.8458474622,67.0,employed,3466.6727049149367,11.949708502501224,0.5605151936020235,5.0,9.0,0.1840963608242953,1
42702.66974608519,23.0,self_employed,20385.715460267686,1.4486680587718785,0.5945212207188568,9.0,5.0,0.4198234716639946,1
15784.557591389179,42.0,retired,4903.4581236393715,16.76368480425141,0.6264665827038527,3.0,9.0,0.3885487861051401,1
29915.70485205458,23.0,self_employed,5006.346911159879,1.4353392409592771,0.7949448777780045,4.0,4.0,0.26731098419766114,1
46145.84064412881,42.0,employed,15809.93955650113,10.319469411778028,0.5246283416356724,4.0,6.0,0.40933946463037135,0
81143.69477463225,45.0,self_employed,7168.5031904318175,9.960287948086956,0.6768931449508795,4.0,2.0,0.16830555262042823,1
35630.950609647756,63.0,employed,7248.530257841279,15.57300734389062,0.5989830924814725,8.0,3.0,0.2783254192353433,0
23953.871466906607,43.0,student,5365.644699774061,5.3858292666264,0.8402684439561131,0.0,4.0,0.2704193399818973,1
19400.81800226839,71.0,self_employed,6578.972838901828,28.606790180406996,0.49107661703262195,10.0,9.0,0.21617792481814185,1
41058.85443888445,25.0,,7272.703587259486,3.085205987500536,0.7941725799930531,2.0,4.0,0.1792363413032971,1
35243.87489018268,21.0,employed,,1.5928623827466202,0.7268534244016935,4.0,6.0,0.33234559802655045,1
67145.27202494288,18.0,employed,25966.740025576353,0.0,0.7253976222788224,3.0,4.0,0.3618556809526187,1
19401.309020273373,38.0,retired,3763.7714548033964,15.297530260651154,0.7186123238932657,4.0,3.0,0.38161220367398885,1
32182.59931164804,28.0,employed,20410.10763644686,5.548083153449166,0.44706742789177345,4.0,5.0,0.48675735052439517,0
21581.35678276591,23.0,unemployed,5411.658665013231,3.8836211395968014,0.7182426443695248,4.0,7.0,0.16271457807710463,0
38150.467221882274,31.0,self_employed,9072.423735074168,5.3300464432175385,0.5434704891188533,2.0,5.0,0.4909104157314182,1
20859.803516446766,73.0,employed,9864.373135499833,11.07555473242863,0.48510107162660676,6.0,5.0,0.4120150887010455,1
130068.51598615268,63.0,employed,39131.07761218921,30.0941702539859,0.7765272772793249,4.0,2.0,0.17224742490421632,1
10588.8457441849,19.0,student,2077.3514119792276,0.6964273127363854,0.6922454200110568,4.0,3.0,0.47475826946732436,1
35159.49396074415,70.0,employed,11510.155640859002,12.231545992650483,0.6381687503554015,6.0,8.0,0.5548613431580209,1
43189.12809158867,29.0,employed,13705.477866320905,,0.4229917962173806,4.0,1.0,0.23177453036421358,1
45666.43916401638,41.0,self_employed,16322.843641888649,13.722046565153661,0.559533740636674,1.0,7.0,0.4291430048188819,1
36331.42425786204,36.0,self_employed,25082.22186008819,5.173925764113706,0.46609236267306864,3.0,2.0,0.4685087221023913,0
16555.48315140755,41.0,student,9544.120079770653,12.22483882936562,0.5697583686170449,3.0,,0.47133661087257506,1
32290.684655476914,61.0,employed,20989.177085100644,14.874531121542548,0.6778802131568926,3.0,6.0,0.5634689185575094,1
20785.960684481095,58.0,employed,14156.51653963922,8.394840876908388,0.5424704843387351,2.0,8.0,0.5200187949686443,1
106415.8283178396,51.0,,27907.782606609624,23.764839589447135,0.6615351226351994,2.0,3.0,0.3870525882683736,1
32532.81467188078,53.0,employed,16486.584950366752,17.325598595755746,0.06639679089475437,2.0,8.0,0.6643748510807488,1
48945.636226290546,59.0,employed,51733.76530027246,27.4297978824035,0.5895635897516203,2.0,4.0,0.625809707637592,0
30720.134673629145,28.0,employed,13500.633534222992,,0.6131711580188111,5.0,5.0,0.576813650629072,0
30412.77908859626,40.0,employed,15726.971410351689,17.516909445391782,0.5985397682676475,8.0,5.0,0.3912114280069472,0
28919.696121586847,24.0,,15051.232433505844,2.7766322540442956,0.6352103033634238,7.0,4.0,,0
16731.97947726563,58.0,employed,1814.4486243380625,18.261214562172263,0.30897316951613785,4.0,4.0,0.11996305620467691,1
36864.326826185075,42.0,self_employed,5087.15112698049,8.857280165536851,0.6404366792475132,3.0,4.0,0.18834846067427327,1
32591.485512550953,54.0,self_employed,9747.473744527986,20.70317980950944,0.6131059023839109,3.0,,0.25461505239877685,1
,50.0,employed,15487.733705501898,15.733360010661459,0.5990178520430284,3.0,6.0,0.13103114422026385,1
19963.28152091147,33.0,employed,5606.148893411234,9.55885009927502,0.7530970992582997,4.0,4.0,0.24195136382542348,0
27212.355928692094,25.0,employed,10745.598004364838,,0.5906649656130761,5.0,,0.40226991704159304,1
23173.849996711844,73.0,employed,1162.301247960197,15.317876473107757,0.8771859597400518,2.0,4.0,0.03394778180916101,1
74702.22802683541,34.0,employed,19673.5329346074,11.479380340346761,0.6567434471685732,2.0,4.0,0.2761808099431589,1
23512.695247749612,24.0,employed,15655.753120243953,4.180968991072865,,7.0,6.0,0.7416171607148363,0
48105.409931761016,35.0,employed,9076.421585779832,6.980201908580592,0.7002227044939312,2.0,2.0,0.2677428870146698,1
58987.49414067442,69.0,employed,23280.546574861437,31.32476255586718,0.6453299159663065,5.0,5.0,0.3736091558909138,1
33756.84681412496,32.0,employed,15400.236074482385,6.93618441271514,0.5146196731533481,7.0,5.0,0.6843380472638637,0
18244.054033301527,74.0,employed,5264.917540781964,36.76866246360497,0.465745979209072,3.0,4.0,0.36334338456321613,1
18359.878942704952,44.0,employed,4193.6594504161085,11.286064951166393,0.763058779055301,3.0,5.0,0.1615928793858023,1
61401.663843865164,67.0,self_employed,57901.52769224069,25.547793520502154,0.40223315149728234,7.0,6.0,0.6304603858612536,0
21269.154794002538,55.0,self_employed,11831.664241386054,8.68351751023739,0.6855278062252247,1.0,4.0,0.3589409792598485,1
48597.31130103703,20.0,self_employed,7140.823762179952,,0.8933377533811718,3.0,1.0,0.1360142675224807,1
38452.32937065266,47.0,employed,14449.995458569905,19.40272157528679,0.7124906834884309,4.0,4.0,0.33613529383955587,1
15348.056270321957,41.0,unemployed,2437.0989744155686,9.865603653985708,0.7514298859270367,1.0,5.0,0.10091678848050972,0
45972.21190540174,29.0,employed,5981.91406971086,2.4316957999152953,0.8974209215516024,2.0,4.0,0.07168858272195665,1
22769.213281247554,49.0,employed,8395.145515168013,9.318034914242208,0.6733624546571829,6.0,,0.3905122727498218,1
,23.0,self_employed,7171.711186392345,2.2347940962568438,0.6017748187484715,3.0,2.0,0.17609357966968708,1
51920.218878163534,57.0,,21953.85080567076,24.599166704192466,0.4789263186574272,6.0,8.0,,0
26511.336016639012,64.0,employed,5602.3788129930335,19.232187153879575,0.6629612983037734,4.0,3.0,0.34204080209955195,1
10099.446847969175,23.0,self_employed,2697.5461508223425,3.2355572631366076,0.720129769246696,2.0,5.0,0.2404731595134903,0
183397.41659085974,45.0,student,77691.1964751753,19.30058151418035,0.6356399307021,27.0,1.0,1.0,1
124112.57222790406,55.0,student,34272.907053054725,14.973232835366822,0.4709719592691893,56.0,3.0,1.0,0
45870.06198698971,21.0,employed,10365.218711820758,2.0406760275379656,0.6707183911057466,2.0,1.0,0.2788635064616486,1
72868.44161841807,40.0,employed,41815.0186212847,6.074824790278503,0.5174229508142927,5.0,5.0,0.4504034600164883,0
12817.402593451261,32.0,unemployed,6186.588690309813,6.288381610601941,0.34154743740569316,6.0,4.0,0.4623765520689384,0
59747.51720235636,20.0,employed,18878.256850738508,0.5170748755379111,0.5246794568317574,7.0,6.0,0.5992171979814441,1
13726.406189931384,63.0,unemployed,8155.488042450861,10.418255697458944,0.5481107829394594,6.0,4.0,0.5569328735652063,1
80315.23950600851,43.0,employed,11402.437282594203,5.967910662281704,0.8328436822304818,1.0,5.0,0.16635273706720505,1
21352.976973226174,60.0,employed,11138.64832311384,11.03975108245724,0.7003125676123103,6.0,6.0,0.22619223770974606,1
36166.64303165694,51.0,employed,6671.796479550436,23.1473732836447,0.6613841773770149,,8.0,0.24950465992287787,1
17796.52830160819,67.0,unemployed,9741.660352150015,25.78410743483049,0.33393027320303414,9.0,6.0,0.9074927340327994,0
33017.53693263732,74.0,employed,3410.8578334413987,40.0,0.4568674930543076,5.0,7.0,0.22197408385299627,1
64609.03226407368,52.0,employed,6832.373292516618,17.77520614677528,0.7109342997697631,4.0,4.0,0.11487244568896154,1
29260.10403910366,38.0,employed,18455.298950943616,11.544535987724643,0.45968423242526935,5.0,4.0,0.5650188700414354,0
102199.85886830575,42.0,employed,28497.24422230122,7.4565690404230995,0.7037463696004336,,11.0,0.4507434019009805,1
104935.24788872601,65.0,employed,22462.279042400776,24.644384781870574,0.7832822553416623,3.0,8.0,0.1668236053848615,1
45997.67717119921,42.0,self_employed,5822.130509132506,10.348356702767909,0.7979848925026345,3.0,9.0,0.08584996635865794,1
47872.69552983235,47.0,employed,9147.266178438158,22.006974953242448,0.8118381236581587,3.0,5.0,0.2823728364989039,1
23063.662207023644,29.0,unemployed,7115.212895450753,8.363880024159828,0.5990226404341552,5.0,6.0,0.35007726349589074,1
10029.179970697576,74.0,student,4759.381130388627,17.869553380075295,0.34839290438103865,4.0,4.0,0.7838709445919569,0
18844.94510478093,55.0,employed,7490.0316150934,21.166905179431726,0.45518684726055764,1.0,3.0,0.31497100976344095,1
68064.3906155743,36.0,employed,7165.185173338971,10.492298672086562,0.5913836969821795,3.0,5.0,0.1930057843331007,1
45812.1407220002,51.0,self_employed,17302.185002775932,17.738194573268757,0.8266235149566865,4.0,1.0,0.31180855107484734,1
32427.022339804353,40.0,employed,6683.615740635999,6.041152145535971,0.5340941673277662,3.0,4.0,0.2779031505934109,1
36518.0395396632,26.0,employed,15858.175824914442,,0.6839335300494352,4.0,5.0,0.47229323331193457,1
7710.237882781238,67.0,retired,3457.3612265286556,33.29310737677149,0.590271855063299,6.0,4.0,0.4261788979405622,1
23110.536055708948,68.0,retired,6545.782137939459,20.356781015593906,0.6505796173501793,6.0,4.0,0.28332738011788505,0
8722.441845923744,65.0,unemployed,3818.8552578547924,23.910357994825237,0.6742595654818205,5.0,4.0,0.21043542484124314,1
57471.003739886946,39.0,employed,20132.80353252158,5.665732124000901,0.33745586442897585,3.0,3.0,0.45763138393048386,1
65698.11867613866,32.0,self_employed,6828.195145065878,10.617785176491035,0.6895893965112525,4.0,4.0,0.15274871493909536,1
53297.79804741309,20.0,self_employed,21629.89765114111,,0.5902063216055824,4.0,8.0,0.18084659504352932,0
44255.25163449465,59.0,employed,5414.270096286939,13.326076824038878,0.522308244606398,1.0,2.0,0.07530861426364839,1
18894.701265998614,36.0,self_employed,7905.570021859167,6.823567538640378,0.6554298142783095,4.0,5.0,0.44602044453525014,0
48791.99492671273,68.0,employed,43457.730540868,34.77370717546066,0.7376514456326289,4.0,8.0,0.45851716269510684,1
49746.67831209939,,employed,10739.50701591779,30.399284062769237,0.5144782759744637,7.0,3.0,0.3746868355098269,1
67683.40659638701,25.0,employed,23426.240389355353,1.4294606396130307,0.6747723087045709,2.0,5.0,0.393821890557789,1
104726.23161511782,70.0,employed,16226.730718628814,16.12712027137361,0.8062605821949611,2.0,4.0,0.22750392470596525,1
15579.631440599102,25.0,employed,4194.767055115009,4.550634952605988,0.80825283558312,6.0,6.0,0.2954617435082397,1
10466.547132405574,45.0,unemployed,851.389860564584,11.942118754213162,0.930881646678924,2.0,,0.10923954409649345,1
17539.1663709077,45.0,retired,10104.089687884838,5.824659225969612,0.5102432678631386,3.0,3.0,0.6512603018544997,0
39586.90236570678,72.0,employed,11149.075283240794,40.0,0.5079268653256755,5.0,5.0,0.29535078068820203,1
12795.883602239184,55.0,unemployed,8663.198441584807,10.757370667280478,0.4977729656066737,6.0,9.0,0.8131694181395099,0
22613.08544107993,67.0,retired,,24.80771921737674,0.5789051671523532,2.0,4.0,0.34553234698149476,1
60706.26478500573,51.0,employed,21618.944734624907,11.516658733367901,0.7421805237934187,3.0,2.0,0.28514684731379486,0
20937.41218500491,65.0,employed,4825.382993877124,30.196634830355144,0.7320273265120598,3.0,2.0,0.2565033768391031,1
21578.209527549123,66.0,employed,,31.9697116525619,0.8338235397727214,,4.0,0.09761290617236609,1
21761.276554791933,67.0,employed,1532.2167363991641,21.478279863631858,0.516166857577053,6.0,4.0,0.04341820325358825,1
10614.901362173352,41.0,unemployed,2615.7180240002317,13.686604776134642,0.7025247621898191,3.0,3.0,0.3301895407502033,1
19647.490359047722,39.0,employed,7083.802632301268,15.654327165285716,0.43763080452914604,4.0,5.0,0.3720318188144136,1
35444.176881354666,74.0,employed,8851.90564593556,38.57758638135158,0.676070402944059,1.0,7.0,0.4278884643002051,1
33431.53525018181,61.0,employed,17529.7922001697,19.304361115238798,0.49432210469840626,6.0,8.0,0.3727379741771154,1
24507.695346742206,70.0,employed,9183.900626130306,24.174052881575104,0.46190909136085834,2.0,5.0,0.5996714309970455,1
28105.932287316107,50.0,student,,23.4280628613188,0.7574987970048558,5.0,4.0,0.30357554413758575,1
35251.01971322051,70.0,employed,13252.282822475616,11.4724313733019,0.725130706521554,0.0,4.0,0.2939756305001823,1
61779.302850200365,59.0,employed,22031.366702238465,8.76116467892013,0.7040097202677145,3.0,3.0,0.351411223204621,1
32941.05642468313,60.0,employed,14954.167594304381,13.586042607438557,0.565184630069717,6.0,7.0,0.467943803332478,0
35878.82458010554,28.0,employed,12339.625254553677,6.965729868112063,0.5876208849973049,8.0,,0.6294265230282781,1
27408.509165755804,50.0,employed,6183.329262206896,9.341693202250257,0.7002298655839772,4.0,9.0,0.13822629751688228,1
36187.77847897083,59.0,employed,3784.091813848589,15.217870409729478,0.8912247708794326,3.0,6.0,0.12502814112374122,1
51850.28203409,61.0,employed,3737.076789279719,24.82997220561654,0.74248226354757,2.0,9.0,0.1022794596895591,1
29564.597197651266,72.0,employed,13589.078913636109,16.769467045988737,0.5718834804811445,7.0,3.0,0.4423192442686075,1
16471.449977164484,36.0,unemployed,3191.1872927236313,6.873656485430593,0.5761379840807502,5.0,5.0,0.19859160393076467,1
26607.188411137107,35.0,,8737.358124832901,,0.5675227843062584,3.0,6.0,0.3838212106797798,0
58386.236377097775,73.0,self_employed,14076.197564074602,18.52760636434196,0.6868744077100019,3.0,8.0,0.17593674286857472,1
29892.331835868703,74.0,self_employed,13292.143782364046,40.0,0.37162279190536457,5.0,4.0,0.5591436106172084,1
19458.08243555748,28.0,unemployed,4438.125705456035,2.9806761039276077,0.31087375610467144,4.0,4.0,0.4633889200149831,0
37439.750673841554,39.0,employed,11531.38005790465,14.909207521995192,0.6436990425163684,4.0,,0.37110544065887946,1
865065.7086018556,72.0,,257796.26452561026,26.031234540558504,0.6303858852018611,34.0,3.0,1.0,1
20393.39059455148,29.0,employed,5339.549046607408,3.052216286153244,0.7283069261248959,4.0,6.0,0.24499030106410874,1
,62.0,employed,8114.558968350861,11.928034549092128,0.5216287541146315,7.0,8.0,0.5595888288547703,0
9340.072117133099,24.0,unemployed,8192.0530824376,3.0010658017830796,0.6341008453279273,6.0,3.0,0.4089831923987434,0
18173.0412691413,,employed,16791.582809737833,4.121121028815262,0.5113946166911219,3.0,6.0,0.5836020971274639,0
6366.533623317752,62.0,unemployed,635.8060360174494,14.993500696583036,0.706529855270701,0.0,2.0,0.1275452309569116,0
24775.93751542684,52.0,student,3722.67610675834,26.362358398181282,0.684005275702058,5.0,5.0,0.2408111991472518,1
36239.70439648159,49.0,employed,,14.818863175777352,,2.0,7.0,,1
14285.671645392353,66.0,student,4483.787014114806,36.349756263523034,0.8595706724026839,3.0,4.0,0.2077177340952153,1
29927.070011405714,35.0,employed,5198.124455831703,5.072797205861153,0.926070326519089,4.0,6.0,0.0668597628216968,1
13470.18478100964,46.0,student,4985.329561635058,8.682229929464206,0.6388018404881711,4.0,6.0,0.4779362315964893,1
82882.94448167876,52.0,employed,13559.677660766922,18.958964895226018,0.7877206231166729,0.0,3.0,0.1538063465122525,1
25140.796046423842,60.0,employed,3682.5072774373552,15.20086619394393,0.6629351812383408,3.0,5.0,0.27867596828826074,1
18749.700369140235,36.0,employed,8207.978287126918,5.597328840601613,0.5915810872704007,3.0,5.0,0.4578245001867529,1
54069.48776309616,54.0,employed,15813.157637306871,9.24520432492752,0.7311538816105195,4.0,4.0,0.3946569539076518,1
32601.780692295197,43.0,employed,7855.238578863169,6.144060054607458,0.5964401176303498,1.0,9.0,0.3333114311568844,1
50324.11495916852,48.0,student,14488.450653775582,19.557030937441677,0.8192323697185221,1.0,6.0,0.19796180046399353,1
30705.815954572983,67.0,self_employed,7786.5555078700945,18.09559650327261,0.7353232595205046,2.0,4.0,0.272261332931394,1
55436.42179692698,40.0,employed,37533.332803795965,17.315132823660782,0.5343513885063009,4.0,3.0,0.5716016091008148,1
62386.1556587999,56.0,employed,14276.144740310412,11.775161706524047,0.6825911235282374,3.0,4.0,0.2345543667619875,1
27982.4297678069,71.0,employed,8411.95386074724,21.871403470758363,0.6478486361249151,2.0,3.0,0.24766903879877736,1
25047.758364092402,61.0,employed,5958.361961889449,18.272642382644204,0.7137226501668488,4.0,3.0,0.40823298828013327,1
26305.57268556533,74.0,student,4481.949730216483,28.005133835957487,0.4447978271062906,7.0,2.0,0.23835272479875255,1
48409.238808268834,51.0,employed,13821.431133692904,23.838590205793178,0.7903755687366362,5.0,8.0,0.2420248197266302,1
17938.328321619287,,,6915.8429041968475,11.213794015656198,0.7484813579212498,4.0,4.0,0.20400861130608136,1
20656.435200916214,74.0,employed,4982.783244027753,11.534532717023524,0.6604017753440208,3.0,6.0,0.19362003794319746,1
10216.762140123363,54.0,employed,3827.4141412216604,16.039909446298477,0.47863511340317766,8.0,6.0,0.40325491891059057,1
48907.8613814904,31.0,employed,39790.18883838712,9.057906502116541,0.642823486072755,7.0,6.0,0.538608146529781,0
35045.29277773754,36.0,self_employed,9959.108618171864,3.60213632452847,0.582046794674199,5.0,5.0,0.3208981078862947,1
36836.149645648744,32.0,self_employed,9220.90096918518,7.28257240663325,0.154633611832043,7.0,5.0,0.3510127064415467,1
10911.832252500266,65.0,retired,2973.8047203757997,16.717212521596295,0.6450810827782061,3.0,6.0,,1
23069.32295369425,23.0,self_employed,10024.654678863582,2.238305647726302,0.6734627518468312,2.0,1.0,0.4142424506167892,0
28595.954727691496,60.0,employed,8433.530405945294,18.991678436945964,0.6852090273804368,1.0,,0.5117316973824685,1
9081.685439202365,49.0,unemployed,2966.7647440808364,13.48663259734577,0.5569247895967187,2.0,,0.3278054569479293,1
19259.71441188584,22.0,student,2553.68076633593,2.9406802933070315,0.5152489997772012,7.0,5.0,0.2405562996683029,0
53478.99522208374,52.0,self_employed,18040.686507462346,17.74385762297851,0.5905009541561733,0.0,,0.4059440616188936,1
79073.36257376459,60.0,retired,16412.21666247285,31.17441744046522,0.551765276850295,3.0,4.0,0.2115652360630533,1
12583.84793268845,59.0,unemployed,3382.423454091332,26.07786322010524,0.7192371954147134,4.0,8.0,0.2773010341705237,0
31715.289144452636,48.0,student,2223.156446720714,12.320161277532103,0.615525668145418,3.0,2.0,0.11137417468561775,1
23980.915644108863,37.0,employed,3239.28323089324,9.426625969658087,0.6704065536837792,1.0,8.0,0.10051072185904894,1
17289.195059261398,27.0,self_employed,6893.594272891895,3.9052361063085756,0.398531902439472,8.0,3.0,0.3045643439214798,0
30450.240662735985,18.0,employed,9590.638319805908,0.0,0.7847496377461213,1.0,5.0,0.17801181556837659,1
16336.205845653058,38.0,,4062.8378478514323,6.251173743651565,0.7464294047518082,1.0,6.0,0.12445495434166455,1
40241.20555273615,54.0,self_employed,14462.065178642306,27.426505296849516,0.6542104777673391,2.0,10.0,0.38275736488513595,0
17207.454908397536,,retired,8166.603727116257,1.0965093931022993,0.6678010265294396,1.0,7.0,0.18666558790338778,0
9568.09459443801,74.0,retired,2001.3273560243413,31.755067253327624,,3.0,4.0,0.27864369341924927,1
882191.303558919,51.0,employed,82145.54332926292,16.832667724989033,0.7934501872202053,33.0,4.0,0.7474965616683953,1
30531.961234560138,34.0,self_employed,10851.999700343915,8.52316617963121,0.5531896125020423,5.0,8.0,0.3789848443565778,0
17614.902017837085,,self_employed,8673.111841609549,32.4326834920996,0.5333580135373757,6.0,8.0,0.3982549961706325,0
56902.00719082357,28.0,employed,28735.870621798622,5.930211530605158,0.49907162800776395,,3.0,0.4414963939904626,0
25227.57241290986,72.0,employed,1546.0478289852479,17.738365679386845,0.671574360186129,2.0,4.0,0.11298887502143679,1
,34.0,employed,12898.516587315386,8.79142554438151,,3.0,5.0,0.29824782345339523,1
8808.572800748501,39.0,unemployed,5978.617502745494,8.668293152674377,0.6344706691011357,0.0,6.0,,0
27710.069746478606,42.0,employed,5241.769730916051,13.973236403561454,0.7825722065757552,3.0,2.0,0.26022007327792834,1
30204.34027644977,74.0,retired,10337.769779713652,29.607241897002073,0.6797267836590171,5.0,7.0,0.38504391673925614,1
48854.8868506618,32.0,employed,12189.34930168052,4.309311443184938,0.5757912643338987,,3.0,0.21254118463631613,1
37330.535794725336,73.0,retired,13596.467732695619,35.246219278788196,0.6950416177526635,2.0,9.0,0.32187507049666453,1
34722.0229107443,37.0,employed,7457.152499030294,9.00995330126619,0.6550237320285683,,7.0,0.13613323523390056,1
16555.708342304835,34.0,unemployed,9620.38581878934,8.493838901946916,0.7253368983923792,5.0,8.0,0.4030224647610126,1
52723.38126794862,54.0,employed,11812.170014958941,21.729085882375962,0.6620344069519275,2.0,5.0,0.16193143461817316,1
40146.26019801109,57.0,employed,15640.671929093813,23.077199509661007,0.5116258027491946,3.0,5.0,0.685838159595991,0
11835.382240233654,37.0,unemployed,2013.6401007297554,12.33778854902651,0.8465546735660391,2.0,5.0,0.11070848704347677,1
8814.958133190981,25.0,student,4622.942339074509,2.2683572603010935,0.6106099627590469,6.0,6.0,0.38643026869276315,0
17150.1972483818,40.0,unemployed,7800.689281800225,5.857164285333112,0.6550041859828994,2.0,7.0,0.42261157659908577,0
37089.4132069764,48.0,employed,3475.5517351333974,18.0452323441382,0.7001342219159232,2.0,7.0,0.012083231960626708,1
29530.888839406132,20.0,,17356.9528251114,0.6831819359988187,0.6295520982779648,3.0,1.0,0.6135805059159871,1
68794.78225962313,22.0,employed,21893.704091851618,1.075051684519584,0.6992664244601501,3.0,4.0,0.3533886596772873,1
,70.0,employed,4965.695580009649,14.49460977565353,0.62396647703304,2.0,5.0,0.40695942790031736,1
90883.00849876474,20.0,self_employed,56308.80150603416,0.7753601486794169,0.7299216463745668,5.0,5.0,0.3174945965122886,1
39504.645062216376,41.0,self_employed,11137.287242320286,18.286661263079584,0.5994941013024049,4.0,7.0,0.4455791233286302,1
14897.32528510558,,unemployed,4441.602899862011,12.657316428526794,0.8385095385736401,1.0,2.0,0.31080929335007884,0
14903.192968663254,36.0,student,2647.4030734209673,6.824194872823453,,1.0,2.0,0.18904057739476135,1
17357.391601279603,46.0,self_employed,3704.0158334624707,21.068333751620006,0.5407280064703466,2.0,4.0,0.3630013132712756,1
11853.434387089905,22.0,unemployed,4390.222435824397,3.1119393515379263,0.7321649750430249,5.0,2.0,0.2767717017282125,1
42931.98737133863,63.0,employed,7849.2208196369165,15.178770751090989,0.8320756019673289,6.0,1.0,0.12941684597926995,1
50925.17732657157,54.0,employed,7871.495226655102,26.217778256294203,0.8515392256255853,4.0,5.0,,1
36181.15132509404,66.0,self_employed,6101.195125963917,13.600836802262794,0.8442870020461323,6.0,7.0,0.2000462513648776,1
6066.777775293259,67.0,student,1254.377865183495,32.189170492235164,0.7269053329973694,3.0,4.0,,1
16800.590737317052,37.0,employed,2688.216126637959,3.9482930313800355,0.5383381394922574,3.0,5.0,0.15664907834349864,1
101317.0321543223,20.0,employed,34495.68063860685,0.8879435550891521,0.7257407565723175,3.0,3.0,0.29714537112429473,1
23133.61857120809,37.0,self_employed,13171.91350463545,6.619621356578226,0.710421805043438,5.0,7.0,0.36804437298978726,1
74126.2299529553,26.0,employed,13482.987108509999,4.979238467963789,0.6436471317455142,3.0,4.0,0.4722571426293966,1
22764.47831236327,48.0,employed,13423.377502956848,6.289010364393325,0.6028592622156902,3.0,4.0,0.4565242223057521,1
16574.56987640909,26.0,student,10511.911146842387,3.831528189047359,,2.0,1.0,0.2829418320070265,0
54606.8335013621,70.0,self_employed,59760.845506656566,32.13794557204198,0.5137163210493221,4.0,7.0,0.6865420245829704,1
24098.44938914851,52.0,employed,6134.353862216463,7.752779414303732,0.6909638831072689,2.0,4.0,0.1802690311874067,1
40253.828137066725,32.0,student,21995.72014782957,10.338161529891769,0.5103033670472785,3.0,7.0,0.38261794989419806,0
37716.92376850543,70.0,employed,5332.193001161936,21.669359110769207,0.7565454954537674,3.0,8.0,0.17541510205079758,1
22863.070423993686,61.0,student,6383.490452592651,12.86385847184986,0.8008750690814604,2.0,10.0,0.2583503710120163,0
31767.419387267462,42.0,employed,12327.568874247814,8.046688742838636,0.6542104940091218,3.0,3.0,0.448714435608916,1
50481.395604184916,26.0,employed,18932.69094241518,3.226748458146224,0.5890084365749961,6.0,4.0,0.48957802797103256,1
79969.16244650773,37.0,employed,42425.20351465153,6.061476160774131,0.6247696375357159,2.0,4.0,0.40673129189667295,1
34008.202727385506,51.0,employed,7740.5459735444465,16.70945932752102,0.7752014182491271,2.0,5.0,0.242372113499831,1
43118.5774615404,61.0,student,4764.714136463023,24.92963880168339,0.8536833115896171,0.0,6.0,0.20182848475791149,1
26747.655291024228,32.0,employed,10474.356329456894,6.4408129146199276,0.4703242196473883,4.0,7.0,0.35735934134255964,1
53212.468580127104,60.0,employed,,19.161210177357084,0.6424320498579045,3.0,9.0,0.44632835381033065,1
46376.91849050365,34.0,employed,15410.177199886662,10.704315385939545,0.6939458704142,3.0,4.0,0.2633799050067916,1
23412.354765942004,32.0,self_employed,6827.8748160841415,5.3285403888462355,0.7716359498919384,2.0,5.0,0.358254120941287,0
14144.522530631462,43.0,unemployed,1621.2735634733785,14.341532508608632,0.7242643951394067,3.0,9.0,0.1993491620449516,1
25514.64869884453,27.0,retired,8004.724528329827,6.621776559234752,0.6776978440298692,2.0,,0.48903505324174584,1
23704.114315379855,41.0,employed,4392.508265451336,7.6568982383249695,0.8670434578637735,2.0,8.0,0.256603254172975,1
43434.14739682431,38.0,employed,10789.828850330401,11.438808760293488,0.6108741603519094,4.0,5.0,0.3824358580593735,1
39071.35125951741,33.0,employed,14580.91481781387,11.53174602049306,0.5170337859208359,2.0,9.0,0.5055192236852539,1
35021.117873980824,62.0,employed,15422.997117342578,22.786594730823996,0.5432825310114486,2.0,6.0,0.36428164314597233,1
24563.977550544114,36.0,retired,5888.881075785493,14.15049541592901,0.6249955461459041,3.0,5.0,0.42345545542806134,1
38189.08612893004,57.0,self_employed,21659.582478326884,15.055077433924236,0.591427967600546,4.0,6.0,0.4579714278533533,1
30216.704795952613,59.0,employed,8508.07810305176,,0.39574949352199135,7.0,5.0,0.4864059621043665,1
38945.44296892502,55.0,employed,13242.854329286864,14.304993676661155,0.5549881249901218,5.0,5.0,0.4231984644206531,1
13159.45398159341,33.0,student,3708.9369329125843,3.0334748256066058,0.6920223081443737,2.0,7.0,0.29422884931573706,1
137091.6207293802,65.0,employed,57785.435029896245,37.52408843256757,0.7026713674190493,3.0,4.0,0.5226540707210532,1
17949.784302444947,31.0,employed,7118.22342877697,4.472468530690757,0.7456063684771403,4.0,4.0,0.3362454239858596,1
27109.295661259282,33.0,employed,6764.73625035273,11.757917867130585,0.6895535067957956,6.0,3.0,0.2614817648030533,1
28201.457717821097,67.0,employed,8277.07307491744,28.999165103425536,0.6761860804435037,4.0,8.0,0.3250822138680823,1
100734.81080093556,37.0,employed,20566.307821191538,14.10484314201373,0.5368833604315852,5.0,9.0,0.5237798243898321,0
18768.45239153872,57.0,employed,8797.320660648826,30.43254428105502,0.47307087685881605,6.0,6.0,0.4467326166364184,1
44934.49982683133,20.0,employed,36746.89121291345,1.0813950476103797,0.5603008775403673,3.0,2.0,0.4671501038033444,1
45229.60875566575,53.0,self_employed,14809.747837232335,27.99351823032643,0.602939656166246,3.0,4.0,0.42369421110374245,1
42907.46728417997,67.0,employed,21261.35445504048,32.359499332695876,0.7025223312378377,0.0,3.0,0.4290548517613342,1
67384.58633164216,58.0,,17851.897138996184,20.571549346245767,0.5000184051505394,4.0,5.0,0.37933125690107183,1
46687.873224151204,,retired,,19.56787702697954,0.5607748811605713,2.0,5.0,0.3812830866045618,0
10144.62677212636,66.0,unemployed,2913.7875185232037,15.19501509100606,0.7138577163237214,2.0,8.0,0.23689861910585133,1
40014.96246378075,34.0,employed,20190.656479056786,3.3059131658273593,0.30629541031191837,5.0,3.0,0.654567696164792,0
107379.7103276458,39.0,employed,20112.23836525466,7.43554577984999,0.8321952334119048,51.0,5.0,0.7505733125036742,1
19080.0644656809,21.0,student,6016.0614338383675,1.3829475510958327,0.7985870579341043,3.0,6.0,0.2519473764570507,1
24416.27717200175,57.0,employed,11189.056663855621,13.136430532565043,0.7075507411731703,2.0,3.0,0.5021824655349514,1
33084.12327809332,59.0,employed,8163.468016223485,20.84528309046047,0.588100173123541,7.0,3.0,0.4121105828246802,1
7817.865849577884,60.0,,1143.8212844967766,24.980192384061596,0.8142851678702957,1.0,6.0,0.2497116146207958,0
44464.044080620035,60.0,employed,16067.971714964184,24.92600499732095,0.719504438066051,3.0,5.0,0.3051606487091227,1
17103.285046392073,25.0,self_employed,4783.8684668589085,5.15381060823914,0.6980972598894124,3.0,2.0,0.3941689793705646,1
39110.34556365086,55.0,employed,,28.852283941927258,,5.0,3.0,0.5801335645040485,0
21634.777823408822,61.0,self_employed,10373.930472310129,31.579931344685125,0.6312754013924913,7.0,7.0,0.42537528669102703,1
23746.24003068041,29.0,employed,7457.816364014889,6.293154731689714,0.6279286257588277,6.0,2.0,0.535505569366442,0
64690.26796170798,45.0,employed,15169.027720366896,8.733379304376292,0.5762465295670331,5.0,2.0,0.35551558133191846,1
48725.5578353048,70.0,employed,15784.795373771787,39.83567616610173,0.4883451113367514,7.0,3.0,0.16698096190608042,1
64511.67981769313,41.0,employed,13302.148382451303,7.01307344778883,0.7748464849863003,4.0,4.0,0.23525738298398838,1
39605.22708749586,60.0,student,13977.841737259405,12.215970039263722,,1.0,9.0,0.24632066210503012,1
24675.858263945167,48.0,employed,17537.863477152772,11.716247902297832,0.39578045195286826,4.0,6.0,0.3069042836706954,0
76840.4006707722,55.0,employed,18010.87281975549,20.13404346171,,5.0,1.0,0.2069618612259584,1
6108.429902724341,53.0,unemployed,837.2693911516758,21.31092527170189,0.29511491004324786,7.0,8.0,0.16917394876091285,0
18457.53639528104,55.0,unemployed,5803.344081307708,7.6950974370731196,0.6360395970977777,1.0,4.0,0.31342894033640667,1
28376.91219655407,62.0,employed,11335.681669145257,29.33978797340141,0.43515023121347624,8.0,7.0,0.47094317322996526,1
22807.61906596847,69.0,employed,1864.8021093457853,15.555598202069612,0.8870971728396752,1.0,5.0,0.03732925047712836,1
34563.72462114402,34.0,retired,30398.476666254883,6.046254574525004,0.5894481436714457,6.0,3.0,0.7928451596459059,0
,70.0,self_employed,25010.14133687269,20.44910584482433,0.7356569515939808,1.0,3.0,0.3022039156581313,1
20086.677610054623,53.0,unemployed,2270.5497368490237,13.981365976873594,0.8096347441987736,3.0,5.0,0.22251194844857644,0
20217.07379770645,51.0,student,1756.7115393367287,21.655278523747533,,3.0,4.0,0.009116957690870087,1
13577.326701384603,36.0,unemployed,6187.915508373543,4.04219911178354,0.6335209463615736,3.0,5.0,0.4551618716831602,0
47260.64945653627,41.0,employed,9252.561816968782,7.311945893814009,0.8483705359971336,0.0,6.0,0.2366265786341072,1
42272.07737628437,55.0,employed,12933.62088702597,7.895486931584349,0.6694841126883517,6.0,5.0,0.23328998524270983,0
47604.278459967754,38.0,employed,9448.515507051352,13.339593480541197,0.5294007788282734,6.0,5.0,0.2958451650361023,1
44236.69425250566,34.0,self_employed,9146.718068666141,12.643734448305189,0.8283987891809965,3.0,,0.3047685386586074,1
38743.44922817557,64.0,retired,18122.93664743257,27.403501595757174,0.5993106292285255,1.0,6.0,0.3411198930113847,1
16097.127142955334,41.0,employed,2934.4022823786613,12.743920696679595,0.39730011900051365,7.0,6.0,0.1600836752456944,1
34008.414642285265,54.0,employed,34187.64227970788,26.814230209191667,0.4488331661196771,4.0,7.0,0.6634374096060204,0
18179.988825588945,19.0,employed,2527.0511985141693,0.3529723918180897,0.820694593841392,0.0,4.0,0.15841540407503474,0
29192.761534263776,22.0,retired,8952.39290338221,0.9595095323312126,0.6621159167672385,5.0,3.0,0.2836702038039989,1
82533.9570237797,66.0,employed,28314.997224969768,24.287133263199813,0.6338168955962307,7.0,4.0,,1
28651.40064345229,26.0,employed,7189.081125906927,2.849673775234378,0.8080521519613483,3.0,3.0,0.20960803913382095,1
38701.20498701862,63.0,employed,8207.734259020443,21.179203596384358,0.7227293473642827,3.0,7.0,0.1508302327777091,1
53010.397760912376,69.0,employed,13457.023448096814,24.162775427803368,0.6787748559449474,5.0,6.0,0.20766890363392648,1
12914.92029644442,45.0,employed,4166.1035550067545,10.565075549902724,0.7225164662735918,5.0,9.0,0.33802832884557765,1
27971.593572705908,68.0,employed,2191.27437129566,24.589737447491608,0.6802389122244894,4.0,6.0,0.1307056827788028,1
43575.8261570721,42.0,employed,8418.106859092797,,0.8046261660607215,1.0,8.0,0.11595226077612947,1
8531.347818201086,72.0,employed,1261.0070287886824,14.463122511732806,0.7501770390809714,7.0,6.0,0.3615684814141595,1
22283.365858122303,31.0,employed,7156.262817175089,9.360460517765086,0.45256476266796064,7.0,7.0,0.555719376366312,0
62970.96251689478,42.0,employed,6754.236059125993,14.898341487795255,0.8082041705967826,2.0,5.0,0.10907759378473027,1
59963.92738922604,40.0,employed,33141.84686688416,4.9452770179978955,0.6048982594902286,5.0,3.0,0.4411266504394203,1
48168.9207085737,62.0,self_employed,15972.651964309842,11.856761627162488,0.7324595653013098,6.0,2.0,0.38552123281239564,1
56449.3367386255,20.0,,29937.156496354954,0.5158173648544289,0.7885503192744427,0.0,6.0,0.28142458522421726,1
40439.0878487338,65.0,employed,10165.723382285465,11.141168025648941,0.5106344050932631,5.0,7.0,,1
,19.0,employed,12616.99452521185,0.23543406550432863,0.5387364970442745,4.0,4.0,0.42091678275516686,1
31013.353400680186,35.0,employed,2948.3899361235312,5.002545795949244,0.7588007513716012,5.0,6.0,0.1987285333357747,0
38480.47856647632,51.0,employed,5902.446040504357,23.38781428889258,0.770729409038841,5.0,6.0,0.22392755674463571,1
26471.25766115933,26.0,employed,7924.5688184460705,5.575519821751245,0.5664564615754721,7.0,2.0,0.40445235622235853,1
34152.61689633774,45.0,student,,18.086972899509842,0.583641668094318,7.0,3.0,0.28157827501082255,1
77713.14549618957,74.0,employed,33083.116701981184,31.85413861969605,0.6157698605392604,4.0,3.0,,1
72399.62511194099,64.0,employed,39556.4139225459,29.168422068696316,0.6084502593111027,6.0,5.0,0.5657686473419272,1
29612.315535251444,19.0,employed,11457.598543421114,0.6430887265041838,0.6806219764206717,4.0,3.0,0.4768133644785595,0
22541.49203337229,51.0,employed,3354.119208813639,24.20839483209182,0.7475523592410221,3.0,10.0,0.07981986671166684,1
68767.52075285977,52.0,employed,13484.985837432054,21.73979780456962,0.7471474730436019,5.0,7.0,0.09450520834283092,1
16682.765788028686,21.0,unemployed,4939.941305930438,1.9256267544377383,0.7399998496958408,1.0,3.0,0.4016632690170698,0
14979.98186210615,55.0,unemployed,4203.382671227794,25.250602034239346,0.6536026149356747,1.0,4.0,0.36229338304168307,1
26454.56355401538,47.0,employed,15755.140944111403,15.480574493140798,0.34595393439502403,4.0,5.0,0.8032962635476372,0
44928.69274715797,,employed,5611.557161523285,12.457056412971493,0.6847903585135974,3.0,3.0,0.2239958840316487,1
21107.020097428303,34.0,employed,6914.988850672018,4.01160778466296,0.871046502735894,1.0,3.0,0.2055457511300435,1
49862.833173654726,32.0,employed,18106.07972627227,6.319965907207951,0.6419305251894183,2.0,6.0,0.49422130228664585,1
79598.73896887522,59.0,self_employed,34416.83246893902,10.45546752347714,0.4760539848795929,5.0,6.0,0.5355757091643732,1
82086.00121534948,59.0,employed,33058.89369146698,12.364879176236549,0.683530457200402,3.0,4.0,0.23992346875095572,1
51754.26002456892,27.0,employed,11776.864419340092,1.928736063517149,0.5887589463796021,3.0,4.0,0.2810693785177362,1
9098.292564536754,30.0,student,4187.511905620362,4.561485295462871,0.8009909711320504,0.0,5.0,0.3068682090663736,0
40081.29579589395,51.0,employed,6282.212235120803,,0.6778710610577583,3.0,5.0,0.2987514745870891,1
105856.62593743447,65.0,employed,26598.498959033586,20.085861889136382,,6.0,3.0,0.1955523590593831,1
25874.271732900328,29.0,self_employed,3540.640505178551,3.7898911999371374,0.6839369462573339,4.0,5.0,0.13741072437135002,1
35256.64191264896,30.0,employed,9389.126715968168,5.304836235395268,0.4330123889800015,8.0,4.0,0.5160855261978969,1
73626.63853867618,64.0,employed,11368.084900053951,17.516943157704297,0.5903458208313537,4.0,6.0,0.22468595589901608,1
49442.564465181495,57.0,employed,23155.416482089495,23.568717656523646,0.6835582831205429,5.0,5.0,0.4948400337735791,1
62751.074583409114,69.0,student,8119.4174853327395,29.61468289146787,0.6057999092221615,2.0,5.0,0.16382405618296034,1
25173.957544947138,62.0,employed,6519.936134688356,9.5218527651411,0.7568167759674673,2.0,9.0,0.22062867100994013,1
22139.57714923257,72.0,employed,,27.36687024813984,0.48680192510802245,2.0,11.0,0.3919193573409528,0
66974.19787903575,28.0,employed,11001.440709865923,2.2171981260526232,0.8399751252213594,2.0,7.0,0.2994189986895486,0
19971.483016367096,33.0,employed,6858.576061293407,9.096269397728475,0.7534711291116595,2.0,4.0,0.24321716518671696,1
36204.04693665173,31.0,self_employed,19466.979713313474,9.899304978892618,0.5659216833085712,2.0,3.0,0.543820694740983,0
35142.859311558976,21.0,employed,3019.3440736338243,2.233478181709354,0.6491011456387891,1.0,,0.13935918270730555,1
60961.31347857538,62.0,employed,21581.222674992547,14.230799759200462,0.5780164247973454,7.0,2.0,0.28960066258434675,1
49371.76514530131,55.0,employed,17031.816558098064,23.886722279414936,,1.0,5.0,0.35066019600915427,1
15973.882641248887,22.0,unemployed,5233.104657958792,2.7033583304973567,0.4924454782702571,4.0,,,1
29696.502622809938,29.0,employed,11277.291539826434,7.904825718521936,0.6509580824992842,2.0,2.0,0.48198269610360434,1
33334.72178487972,28.0,student,,,0.7135378320104793,3.0,4.0,0.24880196510430602,1
299006.9813712481,40.0,self_employed,95885.88566639248,10.351019966832514,0.7759236045835803,0.0,9.0,0.29598985423979235,1
51310.00541451098,43.0,employed,22342.53031295967,8.322566435548856,0.6753059320421761,1.0,6.0,0.2722215799373747,1
13359.913590259057,34.0,unemployed,7178.056518663871,3.433370789227437,0.344099557881837,3.0,6.0,0.506082364764876,0
9489.3114527866,71.0,student,2307.5926741922617,31.55660156610564,0.6896665448656117,0.0,3.0,0.21748704913305472,1
26403.69589454631,30.0,employed,8912.19798731813,5.506538048830649,0.6346718215802859,3.0,3.0,0.48747211559663944,1
16317.569707807741,50.0,student,3118.9318887174254,11.163844106820493,0.6646966701268435,6.0,2.0,0.16358695019648387,1
27797.458645385068,42.0,employed,6664.970252535659,16.998296841114417,0.7208651210054307,6.0,6.0,0.1471562884011844,1
39627.20920927494,40.0,self_employed,8369.66939749818,10.942984447725479,0.8061583099740333,3.0,6.0,0.1941134107594136,1
61841.69513206378,65.0,retired,48068.42925427125,37.449346497395055,0.7356374650493318,6.0,6.0,0.43084570447428466,1
67750.25202658465,73.0,employed,24041.124358190482,37.18080828898592,0.7795076718070011,4.0,4.0,0.24794582846370405,1
11740.051936526048,18.0,unemployed,1356.2818941603123,0.0,0.7283529819767294,1.0,1.0,0.1571476157240449,0
19848.02981758214,44.0,employed,3891.6776768732866,17.263983081243683,0.42742676233394883,3.0,5.0,0.22792654394302597,1
24806.517423263715,24.0,unemployed,7250.0405051963535,1.581329636222238,0.727757409090309,4.0,4.0,0.22612615223835186,1
38979.184157609096,42.0,self_employed,7739.887205667862,5.736417609412858,0.6819908787810253,3.0,4.0,0.36105756521675025,1
15317.477676276634,53.0,employed,4581.758640381322,26.21665422490374,0.7264589097857727,4.0,5.0,0.3269543336983192,1
51855.436528774626,41.0,employed,15215.429719298445,,0.6803030695349197,7.0,6.0,0.44585303786559255,1
60648.08517293404,35.0,employed,24932.717712475114,7.390506736877455,0.5681369033295249,3.0,4.0,0.44411215883503075,1
10797.239704542111,35.0,employed,1808.6563842424678,9.621092317870495,0.8736136542537607,5.0,4.0,0.2269016462391377,1
24045.96963950817,35.0,employed,2828.611887733834,5.561363169000355,0.6976273242869937,6.0,5.0,0.03919942569379401,1
34364.282149811086,36.0,employed,7435.463903171752,6.033078472043989,0.48305168623795103,1.0,3.0,0.2607282680137852,1
52431.11310531534,39.0,employed,24368.00714015538,10.074640912871345,0.5382602096533118,2.0,7.0,0.39787666088194834,0
28060.739503867248,,employed,4594.117980555638,16.244945140162297,0.7740477991182877,2.0,4.0,0.28267254155536653,1
26350.41303547792,23.0,self_employed,5035.856599983287,3.0297270010594133,0.6045114539880501,5.0,3.0,0.203271540111005,1
57462.90020069777,20.0,self_employed,11148.535261484449,0.490091434624753,0.7809047169121823,2.0,4.0,0.3170215473509587,1
31607.477241381595,47.0,self_employed,,14.304400848914064,0.41910075197408847,5.0,3.0,0.44148488357976207,1
47620.914562001155,56.0,employed,,11.573126123913786,0.5070141012338082,3.0,9.0,0.4626363097122663,1
10415.964872145165,32.0,student,4120.020822106608,7.896490075606285,0.671829613544854,2.0,7.0,0.44726931363261313,0
,29.0,employed,6450.047579607731,2.9670077256182648,0.7146470076061991,0.0,3.0,0.323462175986492,1
52978.135982307125,53.0,,9649.706911161971,11.150269197117687,0.831876181882834,1.0,5.0,0.23315891401264868,1
41202.7365875056,39.0,employed,10809.483520424155,14.329001183825753,0.523120899630803,2.0,8.0,0.4366610824060032,1
63356.8333421614,59.0,self_employed,22686.727123344343,13.985107954935142,0.6794967831294927,4.0,5.0,0.3569469739450524,1
27825.37072595039,26.0,employed,6725.244615819327,5.137913626210364,0.5318416221857172,5.0,5.0,0.5316391864909256,1
24402.658219270794,24.0,employed,18028.738513700788,2.183025718877488,0.37595096843678916,7.0,0.0,0.514906515239396,0
50195.6927312226,49.0,retired,13331.07144358036,10.571511597349259,0.8547733266590632,0.0,8.0,0.28574467804801573,1
,40.0,employed,4102.071995243955,8.34884313403273,0.5606566606346864,3.0,3.0,0.4440284932940937,1
67895.86101301074,59.0,employed,,29.87092681679962,0.6567026047238764,3.0,2.0,0.11384949359373728,1
49196.48268597789,46.0,retired,10633.647762149501,12.272383076857032,0.44841569729519587,6.0,4.0,0.15821472869626038,1
55828.778387567705,38.0,employed,17037.202915557038,6.9251263586076846,0.7561898509199683,3.0,11.0,0.445245708091463,1
25747.588249574095,27.0,employed,5659.571226932302,4.697853157963332,,3.0,8.0,0.47968412740109373,0
12071.359001420082,27.0,student,2248.1517404712886,3.8824636236397327,0.6765397550803658,1.0,3.0,0.1805699147183407,0
16347.412925363455,61.0,student,1444.1080200350516,28.987096010108914,0.7319468194899784,4.0,7.0,0.02209780010024722,1
19005.43294189009,30.0,employed,13621.399081293474,9.5312084518538,0.3597144019934954,,2.0,0.7632155792552141,1
24697.6451602026,46.0,self_employed,,14.446450636786007,,,6.0,0.1904794896700178,1
50129.6107669744,,employed,18670.461758748872,,0.6336951258178255,5.0,9.0,0.2705780363740789,1
50245.4139516203,69.0,employed,28122.65250557472,20.696883188404904,0.6024226841974911,5.0,7.0,0.33952888459125186,1
21487.197824302184,33.0,employed,2738.5187387469546,11.760048590431243,0.7301943868752478,3.0,5.0,0.3464347251254897,1
50922.54173414988,24.0,employed,12966.291246909801,2.9398197936168557,0.6938394843733829,4.0,,0.44353445081843107,0
50134.35761013237,62.0,self_employed,26739.911285026945,13.499117102311704,0.5886657934155057,2.0,4.0,0.5661599751595295,1
27041.310731762667,57.0,unemployed,13291.144325704288,30.479652186001427,0.5564173619188604,4.0,7.0,0.4951109520189342,1
,36.0,employed,4020.1403509391957,13.977526960793057,0.8629749879601065,2.0,3.0,0.11652024750387636,1
61653.823545198815,51.0,employed,4266.313596632608,,0.6921302118789661,5.0,3.0,0.05123572134411699,1
,28.0,employed,13063.399501002743,4.089116078197743,0.439348545754075,9.0,1.0,0.1313736618760077,1
29638.141478472484,57.0,student,8665.996621000417,23.72223625251407,0.5458295047617313,3.0,1.0,0.35121068990014126,1
19080.867715430253,59.0,employed,7028.484350269195,28.591533617326007,0.5445956018602609,5.0,3.0,0.3652632999996049,0
37587.91812387452,35.0,self_employed,12327.135422109926,8.48502774929198,0.6146125133252769,3.0,7.0,0.15653427219832278,1
35614.51704513327,44.0,employed,11301.360346892938,10.36068266042732,0.5557173612103832,3.0,9.0,0.32129394210746387,1
32148.62712357426,37.0,employed,14628.477931155721,7.235891723838353,0.6865556258571293,5.0,3.0,0.36928050642501703,1
49873.91975762851,19.0,self_employed,11568.176801875314,0.3959592363286509,0.7572039367483924,3.0,4.0,0.17491128442743079,1
54857.81895023167,25.0,self_employed,23943.318775057232,1.8957383485141224,0.47558859528791886,3.0,7.0,0.5511482744716716,1
44184.465125408,72.0,employed,15768.586054590436,36.02730213790876,0.45282649838306516,3.0,4.0,0.44939773061183785,1
11634.218842483915,43.0,unemployed,2821.755246965413,6.574397952787048,0.7805766073080168,1.0,8.0,0.1379859865166972,0
17596.583029717876,26.0,retired,4107.459110430374,3.5119095756824934,0.5891168106495572,4.0,6.0,0.23010353100088454,0
62855.45706619978,20.0,employed,21650.29062723135,1.401932004569038,0.5453722498294459,7.0,6.0,0.5503843144226008,1
43254.92628023941,38.0,employed,16883.831835811834,8.8492707483028,0.6867549380824978,3.0,5.0,0.271564173329922,1
21822.418039007447,74.0,employed,4000.837998029189,21.103996410312,0.4206520194962699,2.0,7.0,0.5599436403274455,1
11537.22570918261,39.0,unemployed,10455.917177274041,16.147996919921166,0.5561421790506309,5.0,5.0,0.5895267952265848,0
15189.355434479223,74.0,employed,4492.218142927437,15.451870118709156,0.5989466840359043,1.0,4.0,0.33212823767909294,1
36963.46632374884,45.0,employed,11217.466989600014,19.734633225108485,0.7192579818496001,4.0,6.0,0.31578495999398604,1
32886.253697609456,61.0,employed,4140.196688701271,10.20158140740956,0.8574413754312104,2.0,5.0,0.09036090247518089,1
13624.424011634195,62.0,student,5320.184213224556,19.71717649930785,0.34087270175925555,7.0,5.0,0.243872439062582,0
80201.7083621771,19.0,employed,15675.56401504776,0.5790326332987203,0.8665837512977506,,4.0,,1
22409.34010778611,18.0,self_employed,6056.952330209759,0.0,0.6100945901117393,3.0,4.0,0.278052049269186,0
51699.14258042829,70.0,employed,14125.275814030181,27.079720333997503,0.6431217520357406,4.0,2.0,0.41412939195411386,1
,71.0,retired,12703.931294685433,17.087252997472397,0.8271635130273706,4.0,1.0,0.20621658578754082,1
62232.58099890505,25.0,employed,12595.52965432084,3.789944973360715,0.7812511362683376,1.0,5.0,0.13957481879369335,1
312951.28631379706,54.0,,48999.59555168916,10.106468285023546,0.6858010174081999,49.0,7.0,1.0,1
10299.169086277067,70.0,student,5440.404344475551,35.23820506199479,0.6848352738775274,2.0,4.0,0.3033408356989762,1
,72.0,student,1845.8762392470342,29.71479319552501,0.7884790590079694,4.0,5.0,0.271445857391138,1
29561.382774032074,34.0,employed,9497.133239666622,7.826548302260986,0.24807953952751888,7.0,3.0,0.5389099535274234,1
25757.976704228833,64.0,employed,6321.854474673158,10.708803564993044,0.6555448036744549,2.0,4.0,0.21373259200350922,1
27876.42769824971,54.0,self_employed,9958.64778579427,17.995125655801203,0.41959151945435236,5.0,4.0,0.3976048981564697,1
15424.24794054253,70.0,,3232.3463844861644,27.9833662272707,0.7533608183248318,4.0,5.0,0.33597663027015545,1
34505.584295449255,26.0,employed,9658.431823366398,2.8752040643543904,0.5854086859774865,5.0,1.0,0.3570846418979101,1
46286.51633631077,52.0,employed,32014.827483745208,20.62284295452773,0.6463409075462945,3.0,6.0,0.6130847185261378,1
21512.98682377399,19.0,self_employed,5077.531153704114,0.24605908922811237,0.6078202684078354,4.0,1.0,0.4058194908122668,1
28401.245582827392,38.0,self_employed,4928.117916017147,6.504268977381949,0.48064580030533655,7.0,3.0,0.2604729535575081,1
11735.125867996194,18.0,unemployed,2588.5170729933675,0.0,0.77464215754075,2.0,1.0,0.2932709501990416,0
32933.88688871444,43.0,employed,7746.382615423538,7.208333283890362,0.6908761402153311,3.0,2.0,0.31415168125146503,1
90963.34059301922,64.0,employed,22907.789255137184,15.977147421584206,0.8594095985896237,3.0,,0.1759961216546876,1
20393.59409976546,55.0,student,6934.767163545576,21.84898872347733,0.4239549803981809,4.0,4.0,,0
8103.553218794081,36.0,student,5560.695294421031,11.471490401160013,0.6407211836898433,6.0,9.0,0.422102969361208,0
15666.321444043322,42.0,unemployed,2771.8250439186413,5.541445266577422,0.7285704035076895,6.0,4.0,0.25610425929164515,1
47706.92580318549,38.0,employed,11935.453039081222,5.51907295902658,0.6540507897679001,2.0,4.0,0.2127388797695911,1
34113.07380644807,59.0,employed,10876.763168153459,19.174502943744262,0.4503786443478549,2.0,5.0,0.3416921592087981,1
21777.04783642935,33.0,self_employed,5132.057345324668,8.335154503489766,0.6349259076985272,6.0,6.0,0.23174894672503962,1
87467.91747280164,23.0,,13533.183982025585,2.3613437030368325,0.6776373651544867,7.0,7.0,0.39529192616110387,1
,46.0,retired,1850.3095745622038,16.470775879237536,0.5973737110188932,5.0,4.0,0.16558597759502222,1
50533.21405892322,65.0,employed,,30.718999963919245,0.5475888635771853,2.0,4.0,0.4580277511600181,1
44149.436574725005,45.0,,5576.571176860696,20.782610329628017,0.7235345419962023,4.0,8.0,0.2520802951232943,0
24520.336022047904,29.0,student,4397.572074083983,4.509212706654352,0.6506207326726312,3.0,6.0,0.56112005598504,1
85257.29489355255,20.0,employed,13743.05127258595,0.5957257222053594,0.7638697501769784,1.0,5.0,0.24791310488549023,1
48089.51437995669,71.0,employed,17092.332426727826,18.997871336364884,0.6950223858032342,1.0,3.0,0.3323092123025573,1
30211.504250804057,61.0,self_employed,5905.100287409852,12.42264268233621,0.6445681623704798,2.0,10.0,0.14424029161866075,1
63132.82615360936,26.0,employed,10930.580703896145,3.4923790814699975,0.7185844419386191,4.0,4.0,0.26961252826425997,1
26488.084649184002,22.0,employed,7825.612277807936,2.8941614381637573,0.6885618760780734,6.0,2.0,0.3337636236873831,1
43351.179278803334,25.0,self_employed,,2.8576515671662976,0.6822927221192637,1.0,9.0,0.37109004294620096,1
9512.015001021207,39.0,student,7243.5436961400665,6.07516604800472,0.5797633115359335,5.0,5.0,0.5361490367058641,0
21662.96471560151,64.0,employed,4905.33450908671,23.624667543833954,0.7254433244176327,1.0,5.0,0.11795064525364436,1
37260.659174820015,27.0,employed,23930.71014504608,7.156496609964757,0.5174048149291823,3.0,2.0,0.5210753084669592,0
43653.70137236338,64.0,employed,12995.051848964957,14.393801635257763,0.7249703068116174,5.0,6.0,0.3869062575329212,1
15503.24581888302,18.0,employed,2183.312240106316,0.0,0.30972156086534186,4.0,5.0,0.11659939492357263,1
46566.826270622616,60.0,,25522.78286453297,29.148645378072427,0.4417247580857666,6.0,,0.6057327068098659,1
24107.67447423437,34.0,employed,7304.470986725748,7.052848097609618,0.6612281676783854,2.0,7.0,0.34606861448967874,1
75747.00522752378,72.0,self_employed,13033.527424707027,30.87346661273061,0.6870865703646586,3.0,4.0,0.2857142918688648,1
30455.375278481268,45.0,employed,24759.166853927916,12.404449902169256,,,8.0,,0
14494.34599934725,33.0,retired,1846.0718060795814,5.360942428859747,0.6429228394042183,5.0,2.0,0.07432791799542962,0
,31.0,employed,21646.650788600353,5.923726640564411,0.37278912107098605,8.0,8.0,0.4665575803460183,0
22968.580584626732,65.0,employed,4078.004534346743,,0.5779231132534053,,1.0,0.11362729448482371,1
23972.208189089524,40.0,unemployed,6652.325929514827,13.731820700323787,0.6488492560697627,2.0,4.0,0.3411996408340447,1
18162.5656635147,38.0,student,3644.832484173327,13.950316379551651,0.6906352044352553,3.0,4.0,0.3614083015852244,1
33663.23894487439,59.0,employed,10114.967757584127,15.762038360913877,0.7238109435311267,2.0,9.0,0.22630174747223877,1
48820.25218126708,48.0,employed,10309.568353457624,16.196582838839685,0.7800439164257527,7.0,2.0,0.14509325215179716,1
21972.045832263084,55.0,employed,5569.806181908607,12.55369741127549,0.6548668224958005,2.0,4.0,0.2238179497481001,0
19061.4485221707,43.0,employed,14730.811463817483,6.911906752592175,,5.0,6.0,0.39228244787185124,0
44541.46311445804,21.0,employed,15939.985332947348,1.7945134172018877,0.6074217282559249,6.0,4.0,0.482890007175147,1
20955.672365297836,18.0,employed,3274.1820168093373,0.0,0.8297739889895489,4.0,1.0,0.15554214313961792,1
20952.116010240377,20.0,employed,3964.5185502782915,1.338374883047401,0.8579195488670778,6.0,1.0,0.1575176878622026,1
55181.22323492338,50.0,employed,13952.10288513316,11.617687336017744,0.4522337480223946,9.0,4.0,0.31362999661848195,1
33052.65289027777,47.0,retired,5878.711017154974,20.0421330382463,0.6412693313171932,4.0,6.0,0.17886275931303244,1
21341.213933156327,60.0,self_employed,5344.2354331022525,17.686315274638762,0.9013291425046595,3.0,4.0,0.15558540488889852,1
26647.003347618393,68.0,employed,2779.3790650188953,21.065277779289545,0.7377750348899899,3.0,6.0,0.10104202078429163,1
23112.62356741619,27.0,employed,7513.097384269506,5.8530929076314155,0.5070521270238011,6.0,4.0,0.435171733278263,1
88270.35934843207,72.0,employed,52516.84243646278,27.332611098189272,0.5997069943770701,6.0,3.0,0.545076989104908,1
57125.46189112739,71.0,,9163.56805675296,16.991082159833994,0.7430858062523453,3.0,2.0,0.2557388712315285,1
10298.519772666827,53.0,unemployed,4808.083236372599,24.858579509122137,0.6819181210717689,2.0,4.0,0.538063950511645,0
24220.39108361166,48.0,student,5614.233999353059,12.122757766243673,0.8297670107644661,3.0,8.0,0.24119752971951444,1
9216.583792544665,28.0,student,4552.565558724002,2.616660565030409,0.7552930093522041,0.0,2.0,0.43334127432429415,1
18160.45996795714,28.0,retired,7594.27230953798,4.496006269537266,0.44817448701161033,5.0,3.0,0.332108079257524,0
26789.269352726085,19.0,,6545.618100273478,0.5443770579018075,0.8220032028668005,3.0,3.0,0.2604970944803743,0
31870.638146500805,54.0,retired,6254.082629620407,20.373523213084507,0.785112710718227,3.0,10.0,0.19027997021403315,1
34588.28905876019,42.0,employed,9312.119098207979,16.832752972375012,0.7011062711814602,2.0,2.0,0.2782043845791303,1
,28.0,employed,6142.670944286235,5.248440942760848,0.8316258453440312,3.0,8.0,0.14553201981449937,1
37766.140642169164,25.0,employed,7800.152925172372,2.3395840288828706,0.7577015185433738,8.0,2.0,0.10175750809034315,1
33463.524341627395,21.0,employed,10460.071102680462,1.0709993953246344,0.6507210473978675,5.0,2.0,0.2652954654117112,1
31317.3395980073,54.0,employed,18154.519740581647,9.3781567071591,0.6611666749540249,5.0,4.0,0.40270044096821284,1
10270.648429652507,57.0,unemployed,2461.8623984445962,25.02062836812853,0.7920825219593205,2.0,9.0,0.3447390597872004,1
44858.97388608832,54.0,self_employed,17154.17153236561,9.488337404394773,0.543799390452735,5.0,3.0,0.24599181023289687,1
44596.37223153364,24.0,employed,17883.43166873248,3.3809254761892644,0.6501417532419604,3.0,3.0,0.4182216116074769,1
40101.923657765656,20.0,employed,25029.719708267243,1.116336872855936,0.5946580400078534,3.0,6.0,,0
20144.80010969141,24.0,employed,3402.456112049637,4.027812805111289,0.5736072049789521,5.0,3.0,0.34932754200011445,0
22038.27678536965,60.0,employed,9577.483487021653,10.280668432072613,0.8232982507563367,2.0,7.0,0.24494810868314398,1
22165.53141745274,60.0,student,9524.857748880007,13.513365856481517,0.7882405503700624,1.0,6.0,0.39790019475353033,1
75798.71737668908,34.0,employed,27180.884183286405,11.93179881942213,0.7151187091370275,3.0,5.0,0.1709617536379898,1
43110.329484200265,21.0,self_employed,32478.25829616097,1.6300262930316223,0.5278761949737383,3.0,8.0,0.5756477838221572,1
,36.0,employed,2709.63202452429,8.54305430158885,0.8271073298316978,2.0,5.0,0.17209224498710435,1
40626.27191104025,64.0,employed,12404.43052910766,29.835864926758976,0.730942532149502,5.0,3.0,0.16157548767280264,1
20570.00629640151,26.0,employed,6466.933286270247,5.932146165227961,0.6834200010974819,3.0,3.0,0.305600330058527,1
24456.45464612988,63.0,unemployed,9135.901387165462,16.10126019763782,0.6381835503858264,3.0,8.0,0.31048775980611565,1
13953.350641386014,44.0,unemployed,5148.915275324469,19.263019809456956,0.4591499022707757,3.0,8.0,0.3190699597406341,1
25984.913364911903,26.0,employed,8048.250061680239,2.121734204995618,0.6904284676636088,10.0,5.0,0.33827012977262017,1
16704.86187699514,71.0,student,5633.126361788723,40.0,0.7603053774991314,3.0,4.0,0.4231192814940956,1
27902.787800099537,47.0,employed,8334.6735546325,8.668421756733217,0.48917478264646186,5.0,3.0,0.22916997835278227,1
34985.45937945256,56.0,student,6371.130995381918,13.670189204132305,0.6651897305913119,2.0,6.0,0.24210508431301112,1
32822.8420275997,23.0,employed,6533.536581960272,1.289781820274924,0.8079022312614775,3.0,5.0,0.18386992776976505,1
39249.06389266743,39.0,employed,11726.363279188257,14.326323986771168,0.6478140146758766,3.0,5.0,0.16614344570125025,1
16933.363117882218,54.0,unemployed,3809.42475771803,28.45941254010027,0.5490090818974143,2.0,5.0,0.3684143046708167,1
25074.751389818848,54.0,employed,10859.013916189457,13.614692585106992,0.6457034162845153,1.0,7.0,0.5178621670298258,1
40008.800966930954,21.0,employed,31150.39493904398,1.186101528723229,0.4537667034950337,4.0,6.0,0.5841402548671408,0
41656.71190105677,52.0,employed,15139.893506644257,12.491190028952053,0.5346340932099161,6.0,8.0,0.5424254118046677,1
16696.603416576265,71.0,employed,1303.1213881856834,15.52353358683462,0.7198198607343875,3.0,2.0,0.1277417854307758,1
45327.011956592374,62.0,self_employed,,29.588527321901484,,1.0,6.0,0.29255958787167313,1
17747.000362640774,29.0,student,3018.7192235879124,2.6007509440602083,0.789960019828309,3.0,9.0,0.1881545706207951,1
19376.881622344168,70.0,student,6389.266765126675,40.0,0.5313711579859555,0.0,3.0,0.16609935534420286,1
36968.25523516857,56.0,employed,7438.484152408905,28.742793958806303,0.697262627818729,2.0,2.0,0.2659769009450786,1
41339.96292792853,21.0,employed,7691.688677409976,0.8131903535116436,0.7793228075153062,0.0,5.0,0.19473694649919152,1
70874.89877696609,25.0,employed,28697.59701028301,,0.6581098593909844,4.0,3.0,0.43431427557859636,1
20135.63266516786,70.0,employed,8495.147444492532,40.0,,5.0,2.0,0.29558236165251467,1
30605.15789051948,29.0,employed,11424.113430840993,7.827287043719616,0.7545634767931632,5.0,3.0,0.2831755434554188,1
25340.574718891636,23.0,student,16144.166238287457,3.1454011778756783,0.37927450509702565,5.0,1.0,0.7777871837530466,0
23093.714347281937,43.0,student,10204.650703229361,5.33691418161353,0.5786921120610277,2.0,8.0,0.38531003636937355,1
15992.588132480623,47.0,unemployed,10378.10308206229,6.989767549407401,0.5817375006949909,4.0,2.0,0.49705094595016286,1
143887.7280062343,50.0,employed,27191.61548636202,21.6451282900997,0.5338100851148682,2.0,3.0,0.35768237852975077,1
49368.495758781384,55.0,employed,13623.349654399086,,0.5647170924972751,6.0,5.0,0.3310670568272436,1
63925.19803791918,74.0,employed,14737.76114693639,33.659311082624,0.6701056703983531,4.0,8.0,0.3762082799245729,1
31146.712177580135,61.0,employed,4401.671753989367,27.670885977713485,0.7860761249145222,2.0,3.0,0.16530385454684948,1
22104.66194620035,19.0,employed,6547.323921872416,,0.6087536360278148,2.0,3.0,0.23239989826692645,1
31034.081580416765,23.0,employed,9028.283273740282,1.4301452521023386,0.6323183750873271,5.0,8.0,0.49100603090725403,1
51843.253302903926,18.0,employed,67609.57890604506,0.0,0.6393040782468876,4.0,1.0,0.6639158456499119,0
31155.27910324079,40.0,retired,4375.656202047953,15.897839438605583,0.8234350466287237,7.0,10.0,0.07689516213489697,1
44428.02243669789,37.0,employed,11447.751153878948,7.574377880964559,0.5798010131574243,4.0,,0.3327171256338922,1
22837.355255845694,71.0,retired,5423.368949580211,12.592252274507423,0.4911510518081881,1.0,5.0,0.2483294052868837,1
345791.4418156079,38.0,employed,15329.730099299659,15.509577006217384,0.8397409794352778,36.0,5.0,0.9996002146316784,1
33192.239509047235,19.0,employed,4598.291996383001,,0.7697719696127611,1.0,4.0,0.2276383371809735,1
52168.68684890865,68.0,employed,4480.460672192653,26.22570255812698,0.6973576481415102,1.0,7.0,0.06035946203068133,1
55290.90536751866,32.0,employed,40154.57174904078,9.7645017121224,0.5084123989010924,4.0,6.0,0.51173620890018,1
21957.832205723167,70.0,employed,2685.6443950346634,23.228213156629398,0.590822917047457,5.0,,0.18765970157251158,0
53165.83552806296,62.0,employed,14563.918488325524,34.807056961879724,0.7887775486508773,6.0,3.0,0.15989864734252696,1
13114.741791286917,68.0,student,3722.2814977250255,35.72719208193471,0.5281173176164493,4.0,8.0,0.3161039817740504,0
45911.03705788581,64.0,employed,9853.053381990792,16.943034869705347,0.5721476881459296,3.0,3.0,0.18426718066569245,1
36291.08176172354,26.0,self_employed,9512.215876077309,3.3810303384526716,0.7144479235252443,2.0,4.0,0.2568669114278556,1
79450.88211080724,53.0,employed,31081.44485399718,12.79060224816736,0.6423492375598718,4.0,3.0,0.31040028028961075,1
29465.12635318631,41.0,employed,5907.538339174995,13.698903631305695,0.7411379231730955,1.0,5.0,0.10817067459149049,1
39707.919104474175,53.0,employed,12854.200524396467,20.425970552415496,0.6055764892105722,3.0,6.0,0.37370573526283923,1
49182.668727214616,60.0,employed,11761.92892614607,21.56714801252047,0.7057098790254056,4.0,6.0,0.18757974048790063,1
,46.0,retired,9208.230909553966,21.826118292823566,0.6333159015473989,7.0,2.0,0.3820849021672117,1
12255.735957220753,35.0,unemployed,3848.7657836072003,8.217207939412436,0.6458468996420615,6.0,4.0,0.23272213978329184,1
34962.02451262295,70.0,self_employed,4078.019074918934,34.85213869893284,0.9150904084837223,1.0,8.0,0.10598660352730462,1
,55.0,,3043.1241927762135,22.00971160132207,0.8559865347135079,4.0,5.0,0.08249876209440893,1
29147.910237945503,68.0,employed,6473.4599222905335,25.54554820434005,0.7894273063369486,4.0,5.0,0.32959607611091585,1
31661.607896253623,31.0,student,31261.049110454325,2.928341836248907,0.36412983203203103,7.0,4.0,0.5907475790076434,0
26922.688065540577,65.0,employed,5799.662543528187,27.941359671727714,,2.0,3.0,0.17938513147133345,1
48204.32090418358,36.0,employed,4849.895968557985,10.540026910183235,0.6989680184605878,1.0,2.0,0.14303224820371482,1
42501.62124030201,44.0,employed,12499.177059590298,7.148034315643751,0.5520429442769009,3.0,2.0,,1
6321.348392409775,67.0,unemployed,2917.5668771208716,33.19990027560358,0.3976892737245504,6.0,4.0,0.5462851284506235,0
51787.02421135955,38.0,self_employed,27017.360233399682,9.603929001340507,0.6185494035427367,3.0,6.0,0.3451930089993156,1
6269.308062144708,32.0,unemployed,1036.2908503525573,5.522826521000393,0.9070014127695364,5.0,6.0,0.15840454563063425,0
17399.970496259328,70.0,unemployed,3235.604645028294,36.107532838394135,0.6759023899824732,3.0,7.0,0.12565437000074975,1
184374.8680010262,72.0,employed,56461.33122962942,21.92521908772949,0.31469429392567466,59.0,5.0,1.0,1
18233.875716083436,35.0,student,11889.357220235972,9.74287807109503,0.522464408233551,5.0,4.0,0.5879977183884253,1
19012.65378549605,35.0,employed,11815.34999978228,9.702730974856221,0.6828167906209591,5.0,7.0,0.43013597581922625,0
374046.33896064555,,self_employed,37827.08063134592,2.780203074527522,0.7019813662182152,25.0,6.0,0.9873056204231688,1
57726.70722841719,19.0,employed,10666.772385447479,0.45370017834482956,0.53982588286171,4.0,3.0,0.48329671965789595,1
16980.864001475777,49.0,retired,6519.853266454675,10.343684748734391,0.5229375634848328,1.0,6.0,0.44376687583176067,0
26806.94988447879,32.0,employed,3100.435581705966,4.47639355996887,0.672516996967467,4.0,5.0,0.14684423753008782,1
45583.92957487381,66.0,employed,14908.018080151202,28.462902392463647,0.5956191068569261,1.0,7.0,0.26071106730220517,1
46157.242513577155,27.0,,17560.769267339467,1.8616139745430702,0.7508205424582466,4.0,3.0,0.40151935664291616,1
10752.680494462194,54.0,employed,7124.012049626953,28.132105929433127,0.754445175718897,2.0,5.0,0.3924244543191378,0
99479.13293351675,46.0,employed,27200.851355550003,12.242568900880997,0.7420698107777418,3.0,6.0,0.32145479401685656,1
52030.58103755851,52.0,self_employed,22443.463009292187,12.895591980276064,0.5824922532340524,8.0,4.0,0.46311888290698167,1
51454.81542899688,24.0,employed,5060.472948988644,4.511907839774848,0.8541537763346325,5.0,5.0,0.06585123576402567,1
16900.231450429084,44.0,student,13453.104106837198,12.792085416866783,0.5389932869937473,3.0,5.0,0.7112363666183841,0
14361.74345465535,53.0,employed,3305.4205311597734,,0.6529161483462311,3.0,7.0,0.3417177707718949,1
55975.60279592107,37.0,self_employed,8873.070452611475,11.732698534461363,0.7236991714882045,4.0,6.0,0.2186936106608837,1
27375.561706975303,67.0,employed,8009.719110484997,35.41949144044323,0.4532555531426351,4.0,1.0,0.38293757306182247,1
52432.19168950873,48.0,self_employed,30770.350302912128,,0.5388341547547876,7.0,1.0,0.535303720903207,1
32552.174973561065,38.0,employed,12717.151946476999,4.9798381491042845,0.70295359592772,1.0,8.0,0.2769468669355884,0
40905.49518299022,19.0,employed,13004.260677545055,0.7962264706008435,0.4893885551420573,1.0,5.0,0.3480388279723442,1
17254.47597057993,27.0,retired,3313.779828147886,1.8479725287807809,0.839275735213751,2.0,4.0,0.13267083737404006,1
55948.923398044375,45.0,employed,30978.259922709538,16.87275500856342,0.6018532162233683,2.0,8.0,0.5168804487910044,1
20046.51255643929,40.0,employed,8490.682316857745,12.466062777853798,0.6517255613255755,,6.0,0.4777032244556689,1
122773.3059090119,67.0,self_employed,60099.34276621689,26.04500003824951,0.6789167803891547,2.0,2.0,0.5670530049933981,1
38915.66675980815,62.0,unemployed,23584.91241925443,29.545858122354467,0.5379339315707424,2.0,5.0,0.5176131931340548,1
82153.91612369182,27.0,employed,44149.89066305082,7.159353917231477,0.5110252749019835,5.0,2.0,0.28108295436572756,1
68716.14740566144,51.0,employed,50176.604545103226,7.5283392655797625,0.46343074923060645,4.0,3.0,0.5834080477546555,1
17406.145984277722,43.0,student,10270.482098414172,14.217957389647706,0.675698398279289,2.0,,,1
71580.89821709493,23.0,self_employed,86592.71849743437,3.1503330056171523,0.3054272925626637,4.0,2.0,0.6782025139674802,0
,55.0,retired,6276.15521079854,14.191852597041013,0.589115597245019,3.0,4.0,0.35093549079756436,1
16701.289798696,48.0,employed,6030.2281050298225,22.071504928576765,0.2915581714315627,10.0,6.0,0.2905785307932813,0
84703.38859118744,22.0,self_employed,69895.478812659,1.8967828194793086,0.5915412578713212,6.0,7.0,,1
63857.6860871141,44.0,employed,39471.21740561274,7.76586400645037,0.6210054287834859,3.0,7.0,0.493681304617016,0
17875.44505818658,59.0,student,1984.3654816305398,29.218432274099385,0.9279973168996408,5.0,7.0,0.10863341043527328,1
19680.97813463739,36.0,employed,5987.544354567283,13.783596700586157,0.6844155975085016,3.0,3.0,0.4401078183318372,1
29798.39588001208,38.0,self_employed,,5.194179020424924,0.6310969019090735,8.0,4.0,0.28383851091112605,0
14609.498926668763,24.0,employed,6537.386555797094,3.9060511217563922,0.6510448386794444,5.0,,0.42110688296199067,1
58252.39149591162,29.0,employed,26457.69649038179,3.61909384649045,0.7262737694025256,5.0,7.0,0.44765278962551946,1
17919.695538978605,73.0,self_employed,3072.0992893002426,11.221833183077717,0.7736482191806233,3.0,7.0,0.15033912982667236,1
41915.687327863256,53.0,employed,38633.84942053862,12.472890280593155,0.384849941106245,2.0,3.0,0.6166490278725677,1
11908.481371749667,28.0,student,5808.888295535328,7.129459011324482,0.7060070845673039,4.0,6.0,0.3710881279348983,0
17794.56366404807,45.0,employed,5604.767928227096,7.687178803896465,0.7016364530513483,3.0,10.0,0.35770307899588333,1
45003.14820622125,28.0,self_employed,12288.259264538267,2.784013297990764,0.752216338685914,1.0,3.0,0.18559539896409805,1
30733.246864220022,43.0,employed,9560.71028285104,16.085715593002348,0.5640578964793892,3.0,6.0,0.30284679770402884,1
55220.77679782358,26.0,employed,38398.936727349894,3.550526265110263,0.6202337212203223,6.0,2.0,0.5781253296260718,0
19267.930594583482,53.0,employed,9528.076683024608,10.118207523226642,0.6897040319519978,7.0,3.0,0.32203232355426786,0
24868.1383130638,50.0,employed,22154.77837217181,10.8160072284577,0.41645299817867387,5.0,5.0,0.659940295458092,0
11005.81331929539,54.0,,1740.0734249431373,24.36340157968906,0.652212451229955,5.0,3.0,0.2990547474961366,1
13401.699934016562,43.0,self_employed,2460.3372648577006,14.349031850870297,0.6099033355500967,,3.0,0.1292196866935421,1
98165.13443320476,34.0,self_employed,61062.37067423697,10.504916216638387,0.5329422111566278,5.0,4.0,0.40100170300008625,1
113222.39963994364,32.0,self_employed,29293.89379858248,3.6212952074995166,0.523661660985391,5.0,5.0,0.35342713317421276,1
38038.84306723242,30.0,employed,13018.663993188036,5.69835083651793,0.6935571611526852,3.0,4.0,0.1507441903275003,0
24054.698422267236,42.0,employed,,16.278330011251185,0.7804817307584725,2.0,3.0,0.09716472242599601,1
31281.293223125893,43.0,employed,6529.619405825866,8.986891263026466,0.804285534574404,0.0,2.0,0.1240614164149513,1
19672.263465879485,56.0,unemployed,8424.128354497316,11.457508478973454,0.4932483468753235,3.0,7.0,0.32034797647902885,0
14039.896552948274,20.0,student,2591.7886593652142,0.8581406725806306,0.7681688374649951,4.0,3.0,0.3069080739345051,1
40897.202187637224,34.0,employed,19859.59439676962,6.4004477488522955,0.7830754225901327,3.0,,0.3659303841165423,1
39693.08041227168,66.0,self_employed,7562.705088270622,14.941616031807463,0.6640142902732691,1.0,3.0,0.13790479042616652,1
27325.993334100163,70.0,employed,8461.233806691649,40.0,0.48515869716556836,6.0,1.0,0.39025193246932816,1
27914.55808837974,71.0,employed,6061.859763081382,25.962529264863,0.5852492075204536,2.0,2.0,0.09128248189821052,1
42051.92469111847,35.0,employed,4925.164250076689,9.602378832321232,0.8285374926200053,,8.0,0.2216600294954069,0
22282.478515255214,25.0,employed,6367.5537258705945,1.9086490167482995,0.707732052600333,4.0,,0.3801152409594456,0
50069.87719306567,29.0,self_employed,34291.38416322478,6.226231581667986,0.5421891014659227,6.0,3.0,0.4522469199571461,0
14343.660400216757,,student,2762.1843216926995,3.732355311475548,0.8235790956355747,2.0,3.0,0.10659369385208592,1
,72.0,employed,9548.983821270262,,0.7055973636123887,4.0,2.0,0.30975343909974506,1
72546.37438780082,68.0,employed,13088.328553149426,22.369504032161313,0.8169631794307446,4.0,2.0,0.22684914630868447,1
36725.04245958815,64.0,self_employed,7220.089721344134,30.7849139731436,0.6640107653075656,5.0,6.0,0.19757375572878083,1
40264.570855002465,59.0,retired,8881.441541815879,15.6828520701682,0.40545275954925675,6.0,3.0,0.17789614559417505,1
16306.086986864599,37.0,self_employed,5251.679180767747,10.39992006213784,0.6533563404610916,6.0,7.0,0.39152106391049835,1
28704.767219984373,45.0,employed,7802.7666893086225,20.41692043535601,0.7439195368466102,4.0,4.0,0.2756314886837341,1
40503.93830000474,65.0,self_employed,14391.880825749378,27.027010963400876,0.6394563224923085,2.0,3.0,0.352684838976764,1
95003.15110921169,64.0,employed,31258.482813144466,28.82797967195563,0.5424566194815614,,3.0,0.38204776907095045,1
9540.95643283536,47.0,retired,3375.767523927498,21.042130738525078,0.7188263760397114,5.0,5.0,,1
34609.9007533446,65.0,employed,6713.747789328085,35.496967045308146,0.8141104410345413,2.0,3.0,0.28760606467509153,1
82756.23230459615,37.0,self_employed,28330.535564020356,6.1743335773149655,0.7679012758165058,2.0,7.0,0.35058599828766235,1
24526.018125814357,41.0,employed,9155.824792762756,7.302564836482756,0.36248236243376053,8.0,5.0,0.39110147316000327,0
32649.362027929485,65.0,employed,8657.100087889115,24.923426778827757,0.6584582808758641,2.0,,0.3775306900648455,1
21433.755368614144,39.0,student,9573.109822954442,16.74350634146015,0.4467253904665047,4.0,5.0,0.4212818264628726,1
43807.68145468296,60.0,self_employed,18655.023488419927,20.751838547431657,0.4993174883581914,7.0,5.0,0.27468458517033356,1
79450.16412498783,43.0,employed,26633.545238974384,9.96357444655141,0.4396416085362961,8.0,5.0,,1
22722.018798982233,34.0,student,2127.4619692290876,8.35770823935765,0.6782832731563044,0.0,4.0,0.03382892850860939,1
35268.2804166388,30.0,student,10090.174550738451,2.8636495736330536,0.5712400882675461,4.0,6.0,0.1796462166403302,1
30333.130844272244,52.0,employed,,10.415018114322248,0.6497564484451844,7.0,8.0,0.16786493366366542,1
25077.77549332886,45.0,employed,13144.344711792537,7.8125107610134625,0.6406714657265555,3.0,6.0,0.39615106016527435,0
32439.704643605986,39.0,employed,5069.962731977674,4.551735867895254,0.42195222316903236,10.0,4.0,0.35604141240894577,1
22376.322177309175,60.0,self_employed,8630.242760544139,26.599750036741163,0.4767454862376344,4.0,5.0,0.5284964652894565,0
46247.18369960695,18.0,employed,11821.663956012533,0.0,0.7467364244759929,4.0,6.0,0.38709513561782344,1
29943.302134409463,23.0,employed,16645.802701088243,1.5056089337262697,0.45636022522878683,10.0,3.0,0.34340012821014376,1
12977.318338981227,72.0,student,5219.127591286416,27.396698165030205,0.6171314193739872,1.0,5.0,0.3231234341620158,1
23299.37987168707,55.0,student,4521.6590466063735,14.580465812579842,0.7494545648575555,3.0,4.0,0.2919344929797882,1
7174.72696692965,49.0,unemployed,1064.9124138599454,13.510130536844272,0.7120541283785105,4.0,5.0,0.18736243054893376,0
37368.230217753415,18.0,retired,3398.442199102141,,0.733833467606674,2.0,4.0,0.11332580320163349,1
31449.598179442262,52.0,self_employed,11148.101414297229,6.881263692920176,0.31108448442768194,2.0,4.0,0.31569796012737283,1
22691.055558236007,42.0,unemployed,12309.924040569076,14.711935647632522,0.4985982223819351,8.0,2.0,0.5440077271514401,0
10444.273182763915,52.0,unemployed,3630.58452669119,9.058085766174818,0.44551893296637096,6.0,3.0,0.4197223792385022,0
,20.0,employed,13423.387327677383,0.6629708764755634,0.6021680024296857,2.0,5.0,0.37576180802156034,1
39726.79543107642,49.0,employed,22168.919309501383,9.739897010287267,0.4156840023117293,6.0,5.0,0.6125542490002991,1
52677.88130568759,50.0,employed,45373.714460417454,12.762252073575183,0.7193684564512396,0.0,5.0,0.3557408041010952,1
42204.56315773348,34.0,self_employed,10211.917930005548,4.737897723165019,0.7352427427091257,3.0,7.0,0.2686561507278429,1
15808.472252728212,21.0,employed,10703.76937369606,1.2245138235383175,0.6752478966854004,5.0,3.0,0.4804580102018891,1
60137.97410266703,73.0,employed,14498.28158027954,19.027723411655227,0.727893054631843,6.0,5.0,0.2578896737933812,1
34757.77401973343,58.0,employed,9958.723628927779,9.469162716137864,0.8648548394073974,1.0,6.0,,1
53893.11642754726,53.0,employed,19230.246615849148,25.281822520566415,0.7475502244412233,4.0,7.0,0.28338582221726044,1
51283.443405554506,61.0,employed,10359.68147717538,16.483992563146757,,1.0,4.0,0.18216255764262052,1
8634.573825039563,56.0,unemployed,4445.79376899741,9.772432937381478,0.6753351062789403,7.0,5.0,0.43045213073539584,0
11492.559636714204,25.0,student,2622.9611928789395,3.590410791598917,0.851830047103541,1.0,2.0,0.11716468708684023,1
50396.52739155664,43.0,employed,21065.26836749132,6.849132775532049,0.5808709557082237,4.0,8.0,0.4263535661393879,1
31206.306515999935,68.0,employed,12352.674546777356,33.19279604370541,0.5453851215767949,1.0,6.0,0.4425537375113188,1
58000.94831962477,34.0,employed,27582.19458097642,3.79114825510246,0.6677671872037276,3.0,5.0,0.3887177354768546,1
11626.908674938451,73.0,unemployed,9647.840734046978,26.332986348159636,0.6862513866922169,3.0,6.0,0.4990460373664737,0
,21.0,unemployed,4990.768253247039,2.2988873942084016,0.6837314297157342,4.0,2.0,0.3961181460622354,1
44875.72322541728,36.0,employed,4755.835218585718,5.3168657795108665,0.7486802269186146,2.0,5.0,0.1352753047030786,1
14678.885392704073,37.0,unemployed,12187.961282653268,6.095602916722677,0.38815360169709356,3.0,6.0,0.5435852773831047,1
30121.49756495512,53.0,employed,6860.472747808957,19.609763139299535,0.659028133739664,3.0,7.0,0.2671883939469016,0
40790.880042287616,28.0,employed,32557.962948534907,7.8791244295720375,0.48939809629949266,,5.0,0.5558653984568188,1
46154.577088905186,31.0,retired,12762.475103731656,5.609518836627632,0.6872477902605345,0.0,4.0,0.35673906163635827,1
35344.29494720906,55.0,employed,17364.080982150626,21.79992105965399,0.5250041889218862,4.0,3.0,0.6307544497551815,0
47362.55524910231,34.0,employed,25399.128559564597,4.662243802703686,0.5312248677911926,1.0,6.0,0.3838172075316454,1
37167.12965139623,68.0,employed,13861.334166823173,29.24191399792907,0.793704450773353,2.0,4.0,0.28299618719517,1
42514.99861218894,67.0,self_employed,5174.915218157554,17.228264709673862,0.7392391190894747,2.0,11.0,0.15432325154845974,1
42982.92393054501,35.0,student,8644.774948887727,9.655533596411573,0.8204250085564742,0.0,4.0,0.13297638358343705,1
46359.89680865907,49.0,retired,20012.78505563101,7.849098470355137,0.5633578748683727,4.0,4.0,0.5907310387560939,1
37786.300965350805,36.0,employed,17024.2645109935,9.269665434417556,0.7347392311556452,1.0,8.0,0.40076873403324176,1
40425.9443197349,37.0,employed,11053.959108223353,6.506416939274942,0.503031021100113,7.0,3.0,0.2580555020888601,1
8948.512745074633,56.0,unemployed,1991.973001856226,23.14295843591063,0.784026210743068,3.0,3.0,0.22053820738062527,0
33306.71232135078,34.0,employed,15960.076959788497,10.37762995585583,0.6033129424684092,3.0,9.0,0.649639753711273,0
21195.65979848803,26.0,student,4787.316604578725,5.671084146685107,0.26085116039745604,11.0,5.0,0.422863286341307,1
61121.37831728852,32.0,self_employed,22001.013398626408,11.136121098920292,0.5406939390493034,3.0,2.0,0.47501192905598627,1
,70.0,employed,11300.279935402705,24.731869125180843,0.7853300819506288,2.0,2.0,,1
7299.406683124474,32.0,unemployed,1564.3782775681227,8.432993104541525,0.6423746492002822,2.0,5.0,0.15623124037199532,0
59189.02205045156,38.0,employed,5478.201988367368,4.22108459502546,0.7480383425208873,2.0,,0.08580857764600075,1
34738.82304666767,53.0,employed,23936.105499851103,26.00682769943044,0.4220188539505102,3.0,4.0,0.497486160948881,1
22170.199964344658,23.0,employed,12329.997175428913,2.847229436585738,0.662308384078538,2.0,5.0,0.5227007395173996,0
70840.9405361151,33.0,employed,34419.99704331804,6.792104813459135,0.6910975157278401,0.0,6.0,0.40486934173822337,1
83029.36988084816,27.0,self_employed,14411.309460097664,4.145288810907514,0.5503225658225427,4.0,3.0,0.23524480838054745,1
45578.1480390401,70.0,,41008.41723002189,34.049464166444345,0.5757750030917053,7.0,2.0,0.5077482957067018,1
36232.864932578224,71.0,,8167.531354390029,,0.6538796641130589,6.0,5.0,0.16441160929318666,1
37311.231034592405,61.0,retired,17707.229937394844,29.443914848923182,0.37012007871691743,2.0,3.0,0.26727444946133355,1
72976.0129499313,32.0,employed,26638.725197242587,,0.5918692969873472,1.0,7.0,0.47872549119000896,1
52262.49409700538,53.0,employed,12547.38725731838,14.794079388928667,0.6663597586176924,6.0,5.0,0.47886889425971624,1
,55.0,self_employed,3734.952582688976,28.39097382342489,0.8795533696988813,2.0,2.0,0.23787747783772775,1
69440.73476329024,67.0,retired,15354.073614778503,28.445466028244173,0.6287542987763681,5.0,4.0,0.11996037036957952,1
61872.3360211206,26.0,employed,15155.115661251193,4.209536363172216,0.7342056335423162,1.0,3.0,0.36959516301705597,1
28148.17773483514,59.0,employed,15707.90106416348,22.918645727896006,0.5238336381487192,3.0,1.0,0.33067225713447485,0
21702.602513201724,29.0,employed,4614.896547407867,6.357118954029465,0.8514488554938392,3.0,3.0,,1
46742.38880732569,50.0,employed,9808.734287895251,20.090999374852558,0.5746155718798864,6.0,10.0,,1
34758.52555521661,68.0,self_employed,10181.03772872112,26.59554085123498,0.7658790377050257,2.0,3.0,0.25787770875787647,1
42830.15446196494,21.0,employed,11342.874685678533,2.175639638023462,0.5143516701623263,5.0,6.0,0.28802526676107065,1
18432.6955012311,26.0,unemployed,5502.970694643043,5.726628228513839,0.6675579666137783,3.0,5.0,0.3318076050821169,0
9575.4415848051,64.0,,3636.9998476615483,21.406313752418317,0.5529452948803315,4.0,4.0,0.5742884571479118,0
7274.452846870811,19.0,unemployed,5454.691224508605,0.30112166727532197,0.7018470497192584,2.0,4.0,0.38605963984508646,1
44042.450590274966,57.0,employed,6492.502530813136,21.293743702243763,0.8941192888923991,3.0,2.0,0.08357778162286957,1
27814.314364587244,,employed,6385.223037867408,16.02842397180386,0.7292601614422961,3.0,6.0,0.4190055016900107,1
42974.32282331226,37.0,self_employed,9526.967442614896,9.766527143072583,0.7329948315305054,1.0,2.0,0.3609301617764015,1
6493.225340304628,67.0,unemployed,1131.804937991453,35.98298771025461,0.6309458991266136,2.0,8.0,0.10946460265566109,0
32013.36138008616,66.0,employed,10114.645489827659,12.278983402301739,0.7361775707242443,3.0,6.0,0.3143358994357874,1
25960.4307875013,36.0,student,2766.4369336585937,6.704119852220166,0.6430206461618041,5.0,4.0,0.17656738450868983,1
49166.42514729349,18.0,employed,45033.308583800586,0.0,0.5175043785233142,8.0,0.0,0.3850881120404114,1
,25.0,student,1955.2002394457718,5.345535914693263,0.555975746634745,3.0,4.0,0.44119246167845094,1
20249.144309907002,24.0,employed,3238.6335778652324,2.7333302689292474,0.5943998713859692,4.0,1.0,0.16102850020536516,1
36602.86682507493,73.0,employed,19771.752561829242,17.357251400750954,0.4938767815891353,3.0,3.0,0.5754172833367281,1
48074.94365866769,52.0,employed,11775.187293729956,15.37472172880267,0.7478682695947698,1.0,5.0,0.3071803941041251,1
44470.77763552456,56.0,employed,17380.171024930976,18.0005949556703,0.7751776921707012,3.0,5.0,0.2821683588938575,1
28111.107947090673,31.0,employed,5578.379480383913,6.652641149667891,0.9026839827070373,0.0,4.0,0.13465372072779463,1
42146.7232942014,66.0,employed,9779.245703134182,17.501368709268995,0.705271175568456,3.0,6.0,0.19998824913956978,1
76970.51732554701,59.0,employed,17655.43608222585,15.890634215073835,0.7713337363942534,1.0,3.0,0.21713759347839393,1
14083.373823518843,60.0,unemployed,1105.0692201633155,24.92080830992152,0.9457463391607953,2.0,4.0,0.014794804268041743,1
16049.388563343937,44.0,employed,6007.823386979489,14.899988755547577,0.3536730521995789,5.0,8.0,0.4163901823006863,1
44219.022503082815,57.0,self_employed,3839.9268031401075,23.293198853698833,0.8669400643299485,1.0,8.0,0.11271042537870482,1
35318.29431087255,49.0,unemployed,9868.458771041436,13.21750068747501,0.7964456435280769,3.0,3.0,0.17425755098232298,1
19078.257091843658,39.0,employed,17285.159370717527,8.439356165098642,0.5526179972952263,5.0,6.0,0.5212557435688249,1
36859.26648189772,51.0,employed,16804.53631942745,13.560465724864192,0.45079364771608277,3.0,6.0,0.46369529823854244,1
16214.887860408135,36.0,student,1615.4777220227568,13.87270604328842,0.8570860654634689,2.0,5.0,0.051659589774912626,1
13334.62553875846,72.0,unemployed,5663.483505248463,23.60594134187606,0.5253568695750239,5.0,2.0,0.4487035976433462,0
40019.65856839174,58.0,employed,4470.5675651450965,22.547177512110217,0.5508374571496405,3.0,6.0,0.14810731461939333,1
22475.112581893827,60.0,unemployed,7348.5973455371,21.575648316596777,0.35599255081448866,7.0,9.0,0.40753726177070265,1
37888.07293283069,58.0,employed,10383.436183586038,29.029323583867814,0.8625017568618759,2.0,3.0,0.1839786159059846,1
68777.35165093573,43.0,employed,17139.155341268077,10.536752011692187,0.7966774414005263,4.0,1.0,0.20839752441570786,1
37664.841436382056,72.0,self_employed,18964.466916061367,24.866279997139927,0.7815855007067803,1.0,2.0,0.2655258507660456,1
30483.218955867887,29.0,employed,12146.737268589204,7.76244230596259,0.6451252436587138,4.0,5.0,0.3018890448811312,0
9095.966786486422,50.0,unemployed,1841.0979272669358,9.490386189374192,0.5366830674708143,7.0,9.0,0.21467612268264297,1
14639.17576081986,21.0,employed,7290.0782910794915,1.6697301861755403,0.7667047069908923,3.0,3.0,0.40444108034550347,1
14589.66355771194,34.0,unemployed,4058.858910313807,7.039118793380519,0.7144133462410918,6.0,1.0,0.29125108819753137,1
101417.41938946271,50.0,employed,27623.086043179515,25.327197931364374,0.734368098507854,5.0,9.0,0.5124967353710632,1
45666.38456174022,45.0,employed,29480.460572006472,17.086422692170043,0.5881338514903052,5.0,6.0,0.4685513006836858,1
51193.7983175506,71.0,employed,6502.464759281934,10.935689157234878,0.8491491915451069,3.0,6.0,0.06362353453835395,1
29539.52090665977,52.0,employed,37364.39916476139,,0.6127327918768161,1.0,5.0,0.4732999929594577,0
11248.73750845374,41.0,unemployed,758.6333393205898,14.303879255302103,0.3598881812737117,3.0,2.0,0.033982509100813296,1
,42.0,employed,28019.12912222525,12.877837184390064,0.47971958681087057,4.0,1.0,0.3699431072725912,0
99145.80467519008,52.0,employed,42743.176176140776,11.61702090804007,0.5756716994679834,5.0,3.0,0.5997918182226798,1
76418.03197324983,63.0,employed,46716.82001178383,13.031549561007639,0.1379958326370591,8.0,6.0,0.9192098776336889,1
54318.61771652729,33.0,employed,33724.75628445556,8.655596065725764,0.7700305193338938,4.0,3.0,0.26294606175787005,1
12935.789972028133,51.0,unemployed,1579.3877695267797,15.310817401712526,0.5442061327035953,5.0,2.0,0.23541965320985994,0
40330.34559998855,50.0,employed,21614.473646005965,22.94310999483769,0.1330211431387282,4.0,4.0,0.5817217005770249,0
17440.866770078486,18.0,retired,3965.151509461251,0.0,0.587397990622665,3.0,3.0,0.0842596329268571,1
17604.612830863694,70.0,employed,3436.492108511638,30.29062340240297,0.72455701552142,8.0,4.0,0.33561023919594807,1
22740.687522907967,50.0,self_employed,8196.68667166018,11.17778630385314,0.6436643040293826,4.0,6.0,0.449431366433804,0
37231.11134676327,31.0,employed,23348.59728999245,7.56327321692765,0.7023701381919377,5.0,7.0,0.48006028431908193,0
31382.442808405154,54.0,employed,8549.718486758307,8.244244271859408,0.7192417217983441,3.0,6.0,0.4309257214397308,1
8709.171694292918,56.0,student,3358.942120131654,16.530929331367968,0.7591881883026892,1.0,9.0,0.3461538678371109,1
24950.8549352978,70.0,retired,6681.57426575842,15.787791215011444,0.4158056706008873,2.0,4.0,0.35743127912825134,1
15485.163596788774,19.0,student,8208.567142572609,0.5635603977340848,0.728872710469513,1.0,1.0,0.33207414368619276,1
20202.781508654145,41.0,employed,12159.119165397704,8.970847133852699,0.654595663951349,,3.0,0.39111868631023317,0
30179.26851713475,28.0,employed,10172.657711329952,6.6291957060604965,0.7298707337655642,4.0,4.0,0.41162808512593524,0
34024.4165418013,50.0,self_employed,2761.59045014162,8.60021172025635,0.5503091771150888,6.0,6.0,0.20121149850057649,1
26680.31829451757,46.0,employed,5662.309109615967,14.944379524243274,0.8882272532718385,0.0,4.0,0.14819373304784322,1
63490.48062288409,45.0,self_employed,39468.03099668394,15.01758137965481,0.6231000748710718,5.0,4.0,0.4542885381816489,1
14024.33366791764,73.0,employed,5668.284321295241,11.72943529076218,0.7804065041114554,4.0,2.0,0.3375582172633279,0
13454.925210368458,48.0,employed,6285.830651658015,6.647742795308975,0.6195956421661193,6.0,5.0,0.4209474496428249,1
12731.324958647425,41.0,unemployed,4886.485819829427,8.853714378126654,0.8101880902159977,7.0,8.0,0.353608663623157,0
41913.94113269132,21.0,self_employed,11813.531417399057,1.696335790941442,0.6686646638296928,8.0,2.0,0.31535726483290216,1
44449.43669171691,34.0,employed,7721.212436569155,12.441247953557184,,5.0,5.0,0.20764597017626668,1
27736.742183563576,69.0,employed,6483.736151229584,12.97797540565309,0.7118124670005145,5.0,7.0,0.2122758537344265,1
25244.113460776876,,self_employed,13205.609661742623,15.547441598162088,0.3645594282119636,2.0,3.0,0.6157028201335805,0
36182.900837048575,69.0,employed,,31.397113336956973,0.6742541479597,4.0,6.0,0.4512391838065094,1
29120.886135530352,48.0,employed,11984.441340940284,18.050536383062582,0.5668717006318305,4.0,6.0,0.6015760939718765,1
78868.38286103639,49.0,employed,,15.800340552498954,,7.0,7.0,0.20218899075290026,1
10808.241787377556,42.0,unemployed,,18.722293688786074,0.8866230275060327,1.0,4.0,0.20231836584433377,1
12376.877580970295,49.0,unemployed,,15.533017575889474,0.6006879050381586,2.0,5.0,0.2884571514872492,1
125205.17489222859,21.0,employed,18871.451977626475,2.1089347425585743,0.7801540957943914,5.0,5.0,0.23277073813675492,1
32945.827038162184,21.0,employed,12734.235402392002,,0.32672297087000945,3.0,4.0,0.3091197085887647,0
47957.88133984815,45.0,employed,16598.327211337964,18.462197688771056,0.6259351641286179,4.0,6.0,0.5962707912886506,1
50169.10694255901,52.0,employed,13575.66561632527,27.12953297235424,0.5414371895345741,6.0,2.0,0.2430233976105099,1
52349.665252158484,49.0,employed,18289.13494880772,23.12759937259194,0.674060181299506,6.0,3.0,0.2870409575940883,1
41971.396632821554,42.0,employed,28153.143267894393,9.178632750028015,0.7354111608238486,1.0,7.0,0.42933090519257183,0
,34.0,self_employed,38671.464956926815,11.323111768144635,0.6632597381254923,3.0,5.0,0.4102465119780633,1
38183.8200099384,58.0,employed,34464.01212936077,10.286170952689275,0.5675449188229114,7.0,4.0,0.6239238260124849,0
27228.052123026107,52.0,employed,8636.24643728009,20.62523421610628,0.6738112354952408,3.0,6.0,,1
42734.3959800657,20.0,employed,9263.834175828915,0.8105754795840239,0.7559695280080513,3.0,4.0,0.2277613934560185,0
50069.92153177746,43.0,student,16897.7744524708,14.880051343933973,0.45142603911275014,2.0,6.0,0.3038871680766945,1
73178.07507758743,58.0,self_employed,16602.72843499374,17.89397618190717,0.7789750111656477,1.0,,0.2172915760074322,1
42275.33132508092,62.0,employed,14888.834170358741,9.038475155388513,0.516753675248918,3.0,3.0,0.340304718193839,1
27854.998775442247,34.0,student,13841.191947875832,5.42025491886033,0.7355634319108434,6.0,2.0,0.3252642488851263,1
23515.42918219021,70.0,employed,5295.46317496567,11.72245046517946,0.7523555402226271,2.0,4.0,0.19738048964841964,1
,55.0,employed,11388.724617706172,16.8853922861567,0.7260063594655699,1.0,,0.2507891418553355,1
29166.54877099413,42.0,student,3510.3156028054086,16.89702652888584,0.5701176680633678,3.0,7.0,0.1535163117418032,1
76388.20639865278,53.0,employed,29087.706899161603,22.497931938476647,0.770050871763011,2.0,2.0,0.3263440797953482,0
24700.20726687481,67.0,employed,7256.107656951281,32.994018275575534,0.528197727935757,4.0,2.0,0.5755242070891742,0
28515.578908788637,30.0,employed,13067.46767426122,8.211837471394052,0.6080703200362987,5.0,4.0,0.3121809800828807,1
108086.58489949291,26.0,,46437.930700879224,3.385310982608683,0.44114305593836156,2.0,2.0,0.4922938084690067,0
41916.75072622197,43.0,self_employed,,12.590385942400978,0.5063679280384834,6.0,6.0,0.5329598089631162,1
90371.20675971216,22.0,employed,24261.812328264754,2.020282808204963,,6.0,2.0,0.2958519363804702,1
40272.68226431461,65.0,employed,14990.575164385293,12.592480177597242,0.6593366063611013,2.0,2.0,0.3192200482551843,1
41072.338354657084,73.0,employed,7948.336701631023,30.73869003023305,0.6095698425039779,7.0,3.0,0.2991371424961221,1
31171.346055911643,52.0,employed,3439.885094229642,21.491667491606847,0.8428460975173536,1.0,7.0,0.11931893739742913,1
58178.87357081516,73.0,employed,11459.042852888371,31.161938030738714,0.8037790030454214,2.0,4.0,0.21152904762177197,1
71602.75108260462,21.0,employed,36818.67125780668,1.9427386824771409,0.7560349590593217,2.0,2.0,0.402754415538877,0
10822.165861049627,54.0,student,1130.4921148716526,9.768051391496906,0.839466352060104,2.0,3.0,0.1934395381268469,1
30447.973642817477,43.0,employed,11767.29742490737,16.42113419501266,0.35707831673714585,9.0,3.0,0.33623305690119976,0
57385.05956981222,33.0,employed,17896.161768994018,4.873260930316288,0.573871778309495,5.0,4.0,0.3504357257050011,1
34037.75678415123,35.0,employed,18848.268868169678,12.343633592963236,0.48159433067030444,5.0,6.0,0.3984553398726692,0
28376.23465005771,49.0,employed,14252.372923307476,10.755722409724799,0.5334134310344245,5.0,2.0,0.4661876676579385,1
60160.488399570975,,employed,29368.91332252505,17.82703548771351,,6.0,3.0,0.3049763272124776,1
69358.00042900232,27.0,self_employed,,4.431238001945825,0.6388217251239099,10.0,3.0,0.40744669959284635,1
29003.707762169928,53.0,employed,3524.692149388298,12.645856728232284,0.5964450978391579,3.0,6.0,0.16247013161783325,1
20191.885271261574,70.0,student,4034.3292710798864,21.68533903389135,0.8108091661357248,5.0,7.0,0.14579197140033043,1
9923.048102590377,18.0,student,2988.0051818155525,0.0,0.56712644781947,3.0,,0.24456757574154833,1
23208.16753821472,68.0,employed,6999.863708508931,27.103020923756482,0.631438007465847,5.0,8.0,0.4041253906273479,1
38641.519653764764,52.0,employed,11348.786979685869,25.425771716803,0.6392823273145137,2.0,5.0,0.3686002246900048,1
36890.28048308479,37.0,,3952.893626132659,7.409326324922815,0.7267928663639568,2.0,5.0,0.23972667413124177,1
24633.735245970052,59.0,self_employed,12480.536614455452,20.69834020037786,0.4509865452818891,7.0,7.0,0.4138079711272542,0
25387.521116025673,53.0,,8644.026240208083,,0.4983953705227119,2.0,2.0,0.3729821151009362,1
10660.820177224889,61.0,student,3715.9077472527074,20.274475411193194,0.7040162592654029,3.0,5.0,0.45627916250237155,1
15957.876391242173,22.0,unemployed,2059.948540970032,2.795024788299007,0.6654617080043425,6.0,8.0,0.1614262863763663,1
4752.177804694823,21.0,unemployed,706.9860967622227,1.4035031973057657,0.7742436867677498,,4.0,0.15352538570616014,0
21899.33139040186,54.0,employed,4908.660408757869,16.709237280954866,0.7390982899385833,2.0,5.0,0.17228258901088872,1
10015.150567094375,35.0,retired,1878.1099723762752,5.003847614229288,0.7165240690192525,2.0,10.0,0.15252935911057527,1
44779.704980312046,31.0,employed,10257.127893915536,3.57483483052759,0.7941307006509947,4.0,6.0,,0
14744.615215420408,42.0,employed,1571.1899561869102,13.605553117840625,0.6405729609060176,3.0,3.0,0.13748577708865836,1
36896.22787774145,59.0,employed,14980.303466462714,28.552404707096528,0.5327140036035071,3.0,3.0,0.49742771163216,1
41217.36088616155,28.0,student,8607.777296910956,2.812438921101162,0.5838387508927035,3.0,2.0,0.27993875560363124,1
83844.31712334164,73.0,employed,39405.73034192524,40.0,0.5330948319890203,3.0,2.0,0.5595024170573705,0
5152.431874854323,,unemployed,1468.818650384911,9.552541265727845,0.7993285344514234,3.0,6.0,0.21889148041312806,1
42159.056368586236,26.0,employed,19049.72631428126,3.641234591299945,0.5022279639531809,3.0,3.0,0.6074239967459036,1
15503.784088776014,22.0,retired,12019.324926677526,2.9466881648435104,0.5179718629252287,3.0,7.0,0.4678622905681596,0
19998.88862305498,66.0,employed,2612.0979569191786,35.41333776925651,0.7567034277046641,0.0,6.0,0.13351644950659042,1
34312.500842477464,24.0,employed,7681.407412709904,3.0894919568816595,0.7027355972860188,3.0,2.0,0.43921418284813635,1
46979.68882030581,41.0,retired,23225.645233444455,8.419356233456105,0.46950438602641614,8.0,7.0,0.5950579228766076,0
49012.44071988727,56.0,employed,26107.167815171935,11.52021996931041,0.43616961200600163,3.0,8.0,0.7474136938238963,1
25398.09717317722,47.0,employed,14664.811114725366,10.525492825291511,0.7600863015209715,2.0,5.0,0.15275464661916757,1
51664.026126850185,32.0,employed,7443.499744438492,9.35727014005105,0.602971589633666,4.0,5.0,0.14609356726240494,1
11827.065070062743,24.0,employed,,2.368526887969139,0.7021112877286511,3.0,2.0,0.35287868589631266,0
24922.520234250012,58.0,employed,9953.993492592243,24.66947506479221,0.41713709966532186,6.0,7.0,0.4296038113912332,0
24053.943371630216,45.0,employed,9622.454312394064,8.562253320929473,0.6874834012282496,2.0,6.0,,1
37765.84289104545,20.0,employed,3358.349697144763,0.9742043592266797,0.591852122833585,2.0,4.0,0.10465530827780314,1
16406.597797089904,28.0,student,2840.7321065814676,4.112637296352934,0.4880381792348786,4.0,4.0,0.1283378740358443,0
33835.45354510024,50.0,employed,7415.822813333079,16.069356607748432,,4.0,6.0,0.1622193237352239,0
33277.61524103916,27.0,employed,3878.68643767058,4.8777045709689535,0.678744871404095,3.0,3.0,0.07911675302775129,1
36724.65550100757,40.0,employed,3855.287737916315,17.480341533174677,0.8889006788169943,1.0,4.0,0.08156667072540462,1
47575.13279698511,25.0,employed,9747.731650698985,5.179559198194649,0.6850589396519289,4.0,3.0,0.22885036614443627,1
43043.895211026174,63.0,self_employed,11427.70659433132,27.788394893153153,0.35444614907230454,7.0,5.0,0.350271365808863,1
15751.28000543326,53.0,student,2579.2335948743435,10.228612881138792,,6.0,4.0,0.2580210051255837,0
22197.32265236077,62.0,student,8559.140371173004,33.06235388735537,0.7602392791551458,2.0,2.0,0.22412755251835845,1
54888.64479813333,20.0,employed,14532.99327796438,1.4711032848495997,0.7998876586257256,3.0,1.0,0.07851381377333827,1
27501.25873086707,39.0,employed,8970.00947148046,15.37246321893541,0.6458821213866055,1.0,6.0,0.5215491488812874,1
35252.743488176005,33.0,employed,13704.735880065376,7.311151779177504,0.4579017556977864,6.0,2.0,0.5375505477370891,1
64922.74357033925,53.0,employed,8563.95403532587,10.584840932282194,0.7848312226825738,3.0,6.0,0.17826942353364494,1
20923.3211710814,64.0,employed,12900.654434784423,30.021528733142237,0.6789221264325587,5.0,6.0,0.5017976018115287,1
98485.17201725225,30.0,self_employed,36812.84419045458,5.1973082807310504,0.48739909737437764,7.0,3.0,0.6040587430681518,1
18590.8074168284,61.0,employed,,17.489861874059663,0.3131019440173738,10.0,5.0,0.4554723872363176,0
30556.041242572705,51.0,employed,10748.710007457914,14.337483848673692,0.6699194762424255,1.0,7.0,0.316051558084151,1
22581.9230818087,64.0,employed,13644.548338246204,24.63034738605642,0.38784751623356933,3.0,6.0,0.7343896561266617,0
108441.21397330209,22.0,employed,70455.10246053708,1.6004451937859816,0.6169603327725266,11.0,4.0,0.4420708090524468,1
28235.207908326433,74.0,employed,11814.237023309915,34.38133252953678,0.6674651075237128,3.0,3.0,0.5286483636558766,0
28270.649398988367,42.0,employed,8471.626013516208,14.127222658708744,0.6650162297304019,3.0,1.0,0.311775694975883,1
33187.74000789206,33.0,self_employed,7969.088479169041,7.579763524442104,0.6783973716573549,4.0,3.0,0.3970055284573495,1
38093.59375054965,28.0,employed,4769.257220075696,2.3238393901129717,0.5741093482827228,5.0,3.0,0.3052906177207894,1
30815.68555359618,74.0,employed,11026.581814911864,40.0,0.41872152434249066,4.0,3.0,0.24613491394461473,0
33980.99231417753,68.0,employed,2323.8856807541165,22.35088849361171,0.5903662551593608,1.0,5.0,0.04363860512303512,1
2176.7166552332255,25.0,unemployed,630.5038296267705,3.287703416000727,0.6679341588451911,2.0,2.0,0.17905198627265842,1
37368.37053616033,43.0,employed,5597.291072584946,11.840487683647487,0.773096247498082,1.0,2.0,0.14930486282056027,1
12824.096077194106,59.0,unemployed,2577.752674458014,17.179687772666345,0.722216280992735,5.0,4.0,0.1985177992488999,1
30519.99184346575,51.0,student,13697.71953437168,19.956840630236595,0.5220162661535913,3.0,3.0,0.45948033392745896,1
69879.70020787565,28.0,employed,25535.69487550142,2.083506174943096,0.47913872345355213,6.0,7.0,0.48919420533371655,1
36368.42198093769,38.0,self_employed,4305.480587676196,14.482099951728147,,4.0,5.0,0.19795769032233979,1
54617.768589684536,38.0,employed,19256.988949285787,5.229268303234724,0.5667840599195596,4.0,6.0,0.5353756546602144,1
10467.897053667997,34.0,student,3504.7522728228273,12.79725128100625,0.3435250026089493,6.0,5.0,0.5211002843214433,0
53298.9106227792,72.0,employed,11012.884428500682,31.149877185325767,0.7993849476235557,0.0,6.0,0.19883033395165212,1
13637.994910192543,29.0,student,8241.704576393051,2.637226729090915,0.5604772192454601,1.0,4.0,0.44846309461447337,0
20083.447873934438,58.0,employed,6211.270361034867,21.498489426244184,0.6185713281452084,3.0,3.0,0.435867171819523,0
33097.25610827286,69.0,employed,6857.921474699945,20.338018449447812,0.7085038092575151,2.0,8.0,0.2056928866081812,0
73147.71901013183,63.0,employed,29988.11764430641,34.73216702440831,0.5577794121187742,3.0,5.0,0.4088675404910279,1
43731.01908542069,63.0,self_employed,14824.988551609202,29.397717129110895,0.6625974556218117,3.0,6.0,,1
76745.04275401305,27.0,employed,21577.59550661258,4.537879210701557,0.8713595542996835,4.0,2.0,0.24460667137129277,1
24975.07591350957,25.0,employed,16835.076973292904,3.205065077931393,0.7284442775752187,1.0,4.0,,0
67456.33185852367,62.0,self_employed,38176.469842828184,35.09093805684376,0.5742090554293668,6.0,3.0,0.5539002374661787,0
13105.310396440565,60.0,student,7464.201934949237,25.21807894101118,0.5073405965190113,3.0,6.0,0.6620706019072247,0
40646.35063806636,60.0,employed,8335.92593566105,21.351029508259273,0.5149489624964694,2.0,3.0,,1
40471.01890415411,41.0,employed,5354.385216500184,10.091628820400077,0.9086204842208737,4.0,3.0,0.10989056066000219,1
50551.397348368875,47.0,employed,7374.561060369171,11.447741719465778,0.7384863677727211,4.0,5.0,0.1748279712209444,1
14408.133974868882,18.0,unemployed,5599.763401006676,0.0,0.43976721444819517,3.0,4.0,0.5340481374400782,1
25094.59419203761,34.0,employed,8373.133250051567,8.843700943097863,0.6480151032267711,4.0,2.0,0.37278915031128973,1
28197.99895839495,48.0,student,13316.560013370332,21.267327035470785,0.46278408267323085,7.0,6.0,0.5724280881770457,0
86321.00971085773,,employed,55908.79085462473,3.7249550378741727,0.1746781611119817,4.0,4.0,0.5014480503698551,0
27121.94041910814,25.0,employed,13334.802589983743,3.845791838553605,0.41714524221592897,7.0,2.0,0.6924954823231475,0
14506.962154747478,20.0,employed,5413.396075766404,0.9728277938118166,0.6664304837348861,3.0,6.0,0.3446247570247585,1
46614.16687834496,29.0,employed,20646.408110484896,7.23329824552104,0.44698883471840006,1.0,5.0,0.5889092827822274,1
10770.73139749194,74.0,unemployed,1352.017916493306,25.143737116910216,0.7780842975259825,2.0,2.0,0.15333392512702484,1
34011.31600911862,57.0,employed,7635.769318675243,27.73538675068001,0.6204108118624421,1.0,8.0,0.16444932368625984,1
47958.382275289856,72.0,employed,23793.121059809822,21.396250261415524,0.4045972986915541,2.0,5.0,0.47307868220197535,1
20234.186242335312,32.0,retired,8604.54026084711,8.618050389600112,0.4696419523150856,7.0,8.0,0.5933018901162322,0
22223.35563324692,52.0,retired,3859.7073317384284,25.016606341632908,0.638698216015723,,4.0,0.5856705037802696,1
17271.15522601801,68.0,student,7187.483154126193,33.07221591088364,0.7604626897583528,2.0,5.0,0.28892262550981257,1
75726.00965550648,38.0,employed,,8.111297710191415,0.509777478107638,3.0,,0.5413856992015476,1
36865.62418993627,55.0,employed,14300.579408364752,23.080725865507166,0.8039691212708545,2.0,6.0,0.26123932085647666,1
9789.014133085931,57.0,student,,12.643444661873385,0.7001855191256384,1.0,4.0,0.39601831470850907,1
19971.48448557351,65.0,employed,6425.200329641521,11.040255240541025,0.7250741826031137,3.0,2.0,0.3375806808528135,0
38933.67984627813,73.0,employed,6540.528895046356,37.11559740828008,0.6562714974565967,5.0,8.0,0.18043699170847563,1
7226.165935782257,53.0,unemployed,966.2895200559097,23.968191419864976,0.8216156533778254,2.0,5.0,0.250418626367246,1
16628.082411322346,51.0,employed,3320.7552163836954,7.054032590528831,0.6957291081447621,2.0,5.0,0.17556518703927343,1
49899.586516710115,67.0,employed,7944.444583904219,37.66517340777723,0.8961663225447808,1.0,4.0,0.17040472571741058,1
35795.385144291584,57.0,retired,3941.85912975433,18.23405594958096,0.9150028070688175,2.0,4.0,0.11854159292206694,1
33231.114935339814,38.0,self_employed,8062.601941529236,14.863265769224672,0.49313757768406336,4.0,6.0,0.4254519002418279,1
42059.04088811971,53.0,employed,15167.050078511154,23.551665038543046,0.6244919856640454,4.0,5.0,0.5839921383071722,1
39897.175946815376,49.0,employed,12300.737640893734,22.95215561724205,0.48978925809040974,5.0,7.0,0.5547793786457997,1
49080.13713754942,31.0,employed,,9.100329938313134,0.6766514675495877,2.0,7.0,0.14634052233399264,1
49137.36154250241,47.0,employed,29397.177305883622,22.747519430810748,0.6841742443942376,1.0,8.0,0.44358406996623057,1
3453.983845787146,53.0,unemployed,1103.5500059612884,20.211121026791524,0.546878789925817,5.0,3.0,0.45535688504052796,0
11270.324459250878,69.0,unemployed,6336.807198809592,17.154120719806567,0.6426340823585497,3.0,5.0,0.3953216808756579,0
47049.338908648664,51.0,employed,18587.01061799534,14.313349988513155,0.44907441029579465,7.0,4.0,0.41387738791763495,1
29577.573599342806,27.0,employed,15744.647800030603,5.860147942543039,0.5914886849269292,2.0,2.0,0.33551698132922747,1
18489.423392586752,74.0,student,6778.978950950683,16.47416776778287,0.5000912228790217,8.0,3.0,0.30944828111206724,0
52857.24092171379,50.0,employed,21713.967258285098,24.25297285463718,0.7128162312130788,3.0,5.0,0.34907928040639835,1
37815.05628146589,34.0,employed,7986.576692365773,5.170677570837743,0.7839906456830793,4.0,3.0,0.17980571544321475,1
77184.94535315447,61.0,employed,,31.20014824503395,0.8410592416153342,6.0,3.0,0.16888534698409463,1
70178.92322302355,39.0,self_employed,21465.828846841505,10.294921704966209,0.592315119117172,4.0,5.0,0.5444355006618795,0
34225.21470633847,39.0,employed,10701.377187455848,14.791813869478894,0.6964300589618517,2.0,4.0,0.3013007841890686,1
36180.916649735875,65.0,,15717.232268732312,36.423938668873376,0.33503941013112604,6.0,4.0,0.4989352142217582,0
8732.770455985901,67.0,employed,4548.702338590203,22.21113509102631,0.8564585603768059,1.0,5.0,0.19963182434362142,1
33930.1433063987,47.0,self_employed,,17.920919011971524,0.41408911622630695,5.0,8.0,0.5922526036921669,0
18460.074681703572,39.0,employed,6843.495000616257,7.0566418029578335,0.6286264837015734,4.0,8.0,0.5602610679510539,0
40563.1286243997,67.0,employed,14835.930235199465,33.34310007034904,0.13116693359731085,11.0,6.0,0.40839082406401583,1
39200.13052765004,27.0,employed,9594.117834861892,6.22759850612878,0.8389460105171025,4.0,1.0,0.28553152213561617,1
51427.47686723477,60.0,employed,4095.707380966741,15.840191741626462,0.5315544089453266,4.0,5.0,0.03843016978469229,1
,51.0,employed,5625.2815069881435,7.07798709691966,0.4870590674776246,3.0,3.0,0.08991430973497153,1
35841.62782077927,66.0,employed,22556.533687295476,22.01871125125895,0.5771295403107216,5.0,11.0,0.5100987651796964,1
113573.80353161064,41.0,employed,39918.590500194,6.946007372583926,0.5087244592742906,3.0,8.0,0.44202194854672083,1
40791.36609214491,65.0,employed,20071.155906063286,32.483140463582224,0.6778038215620011,6.0,2.0,0.42666568555668394,0
9430.879359776609,18.0,student,3499.9616477919485,0.0,0.6598496930729238,4.0,2.0,0.5105236572045699,0
27418.248173754422,61.0,employed,5424.714040277595,32.947274047700404,0.6409450139549475,,6.0,0.22173015028362272,1
10549.191757937293,21.0,unemployed,6113.237191594902,2.349256129938401,0.6469448312438963,2.0,8.0,0.5260464989217424,0
34179.74963133602,54.0,retired,5639.31539867458,26.83085595992197,0.44146228445506946,3.0,4.0,0.36328101686300174,1
,29.0,employed,17648.470317167754,6.157455552860751,0.4862641034729902,5.0,5.0,0.6279743325982619,1
34417.562070727545,72.0,self_employed,,19.464667329143676,0.668896319258229,5.0,6.0,0.3453418523096836,0
16753.000893747092,61.0,student,10997.00810440843,29.427267102692326,0.5418899295615224,4.0,7.0,0.43139193893421846,1
,23.0,self_employed,,3.104786143624043,0.5347289670552324,6.0,8.0,0.23603987164849238,0
54486.46988503892,68.0,employed,10828.038400832897,39.315050411507876,0.8283758870220447,1.0,7.0,0.16101489906426475,1
50044.13996302412,32.0,employed,11219.410717285802,5.968916861456403,0.7848532103999089,5.0,7.0,0.2651102671575029,1
65074.208542438595,49.0,employed,8250.92400427442,7.293084784519595,0.5982559270788188,8.0,8.0,0.20412886789662812,1
30775.906595359313,22.0,employed,5571.9827836000695,3.1961271892134713,0.6988466806635654,4.0,4.0,0.1568931463888915,1
46378.38735256756,24.0,retired,11195.116089471423,4.217749101979953,,0.0,5.0,0.439882695906683,1
12852.922714662815,31.0,retired,4417.9848326813735,4.327619568728683,0.5089603111747004,2.0,4.0,0.2858476766687162,1
,48.0,employed,12172.55665240754,19.06130158619377,0.46030688107602724,2.0,3.0,0.5673342738174161,1
21772.638303535754,48.0,self_employed,,,0.5474713016279522,4.0,,0.5764736277484023,0
36483.1520857928,66.0,employed,5597.468372087712,25.664900867047123,0.6018171319870103,3.0,6.0,0.09779431914016137,1
33124.9441658856,27.0,student,14384.385865708355,3.759326501408794,0.6414387179232545,1.0,2.0,0.5648699951220606,0
26874.3871024635,60.0,employed,12903.58205116981,18.0095926391882,0.6000140388541123,8.0,5.0,0.5787094087985847,1
14307.027326274523,18.0,student,4148.487434187312,0.0,0.5646971587457528,5.0,3.0,0.28470319721014165,0
11409.12665486751,34.0,unemployed,6792.6921264443545,5.8385140700801035,0.701161063304182,3.0,5.0,0.38350544288213967,0
48359.3112117374,27.0,employed,31009.36012320598,4.255210784823216,0.7496275563249127,4.0,5.0,0.41608761416101475,1
,25.0,employed,9052.10388810726,2.4422091490066578,0.5942361130163714,0.0,1.0,0.3449433653375469,0
9734.868371392367,51.0,unemployed,1237.1676972870946,15.835510948014873,0.7291418596743945,1.0,3.0,0.05011776277722834,1
18532.89181437017,69.0,,4970.692791172671,27.866840249455944,0.7353298289705238,3.0,9.0,0.339125880635828,1
27286.284193045238,56.0,employed,4710.555662154062,23.813340441037234,0.9035529378085551,0.0,4.0,0.12273563949278855,1
,66.0,student,13888.202544875025,29.10179473966516,0.6381037170641523,4.0,5.0,0.5371920361355542,1
38004.619770963945,51.0,employed,17015.750071356968,11.391387607469564,0.6747753967691892,3.0,3.0,0.4513611609433738,0
,21.0,employed,8883.48078836285,0.6705412627706036,0.5984496487821347,4.0,5.0,0.5276851203679698,1
67377.87550192993,37.0,employed,14144.184144205883,13.292573273461691,0.6400862199913975,6.0,4.0,0.3688952753670153,1
27102.825108212328,64.0,employed,7587.217352843036,33.27583446582278,0.42397858451918424,3.0,3.0,0.4787693965538502,1
51704.64210871261,20.0,retired,18230.6531741657,1.574667423679926,0.7015425112756564,1.0,3.0,0.2968793809993062,0
73262.45077973162,23.0,employed,11987.219514217402,3.879134671708564,0.5984184984158318,5.0,5.0,0.23957717715732532,1
37346.92333182063,65.0,employed,7107.610137358229,27.273555552742152,0.6534683361272595,1.0,5.0,0.20556418455117953,1
17166.67419134085,21.0,employed,5100.698346948239,2.2096890670948413,0.7615026056229658,0.0,5.0,0.20946322655788094,1
79863.59243251706,72.0,retired,20271.014358399054,25.315472786012997,0.6745726696550134,3.0,7.0,0.15185814648644463,1
,61.0,employed,15811.602298025642,28.913259504906108,0.48050954218748904,7.0,7.0,0.5692874019090765,1
15442.972231298883,55.0,student,1551.4241436743307,28.608426838099138,0.5407500032250218,5.0,3.0,0.2284169562510574,0
64432.54471691354,48.0,self_employed,11595.902828591285,20.333014029737956,0.8239034795452709,2.0,3.0,0.23552648520716044,1
18057.732565611022,23.0,unemployed,5759.410749180037,2.2472960978554015,0.3989145123021478,4.0,5.0,0.30915778798610055,1
48961.72899507155,41.0,retired,10505.742287016177,9.813077609521358,,0.0,4.0,0.14956111300866382,1
9127.106317797556,64.0,unemployed,3716.7151567891187,17.246580015570103,0.3812426041636336,3.0,7.0,0.7067424422068019,0
21292.060289120112,69.0,student,3644.606342610191,21.43214384400312,0.436796497874852,,8.0,0.3345856211733768,1
20071.674772632177,43.0,employed,7460.850157912195,17.308649926883046,0.4374294741932425,7.0,,0.5759130357500406,1
17735.881560731712,,unemployed,6966.327925782531,29.18230905836387,0.06844538293197805,10.0,5.0,0.5263129443271923,0
35901.247213154704,62.0,employed,,15.396810339901526,0.6831777989281189,3.0,4.0,0.232296889975394,1
41793.856237386586,21.0,employed,7337.626007413691,1.8807632314489506,0.6691856714071024,0.0,3.0,0.14868269228368905,1
16876.50939752273,53.0,student,6225.889984697069,14.967304786839835,0.5475725769302725,1.0,4.0,0.30498040562675416,0
22422.73426645712,53.0,retired,14536.856243503667,18.713222647769555,0.38945581787070527,8.0,9.0,0.4889007119459161,0
25879.19369999409,48.0,self_employed,2492.8202097176622,12.666646909848232,0.8978363585880647,4.0,4.0,0.07842307891387887,1
53917.75491262067,62.0,employed,13084.041037622337,22.571014916186183,0.48967379491943225,3.0,3.0,,1
76485.1603290463,68.0,employed,30048.51401140039,31.894116852776342,0.5355310669929395,6.0,6.0,0.3869687662463163,1
27492.425807736294,49.0,employed,15878.994690135138,19.799030101541284,0.6501115568678041,5.0,5.0,0.5214279537975628,0
47895.18481128705,36.0,employed,9604.705994822292,11.734371856451826,0.7937495626346238,3.0,4.0,0.1997087881562724,1
45075.39505068773,74.0,employed,28328.48020622877,24.33890352847059,0.3293332599729303,5.0,5.0,0.48263887501686625,1
36462.83879283625,72.0,employed,14159.993662230796,33.172052350392676,0.7261946687178649,3.0,3.0,0.26740415373299675,1
16927.62417988186,57.0,employed,6413.14164131491,13.385852175861734,0.6064619831489392,2.0,3.0,0.4604585539735677,1
6630.126745370833,54.0,unemployed,719.869248395614,17.5124538810691,0.6419052526116087,4.0,3.0,0.04155409462842202,1
24575.591758596995,23.0,employed,12356.000068981519,2.74932075040983,0.6412813686952734,2.0,4.0,0.48593169140971093,1
6231.3635589854175,40.0,student,3994.708082576745,13.461564871990738,0.6194728052417358,5.0,4.0,0.25315336034933017,0
80767.14534147762,29.0,self_employed,42850.70714179396,8.219173545578055,,7.0,4.0,0.4221286507543565,1
43645.33202712659,47.0,employed,22027.539114071857,11.102974275792363,0.6399767076390172,3.0,3.0,0.4885964364101383,1
35775.53202742475,65.0,employed,7432.668066912521,33.237062792987864,0.7214676347508189,6.0,3.0,0.2544581820181189,0
12147.541594156224,30.0,employed,2128.5803561312805,4.6400946144671815,0.5890963228274319,5.0,4.0,0.25209737276671107,1
10212.723547768597,74.0,retired,3117.8619396333265,29.74415647958699,0.19816384238567725,7.0,6.0,0.25475326074809834,1
36273.01320570182,25.0,employed,,4.878019359184158,0.790802205451572,1.0,8.0,0.3449988761391003,1
97269.91118071253,23.0,employed,100123.8864056524,3.169448815809072,0.4374539538085373,6.0,3.0,0.666331148480752,0
12804.228174610855,73.0,student,1907.3210917370084,39.474699072951886,0.6289836100332193,3.0,5.0,0.3203353711956925,1
39152.676457853006,23.0,retired,11850.617216499075,3.4446435775491206,0.3612346024142977,7.0,4.0,0.4799079865585801,1
28568.180175751295,59.0,employed,14295.711699810792,14.998142643589611,0.6052701858040682,4.0,6.0,0.37828572139825023,0
37332.50334921111,61.0,employed,6577.504518692867,34.217766130164726,0.8399134293202655,3.0,,0.16048048326504166,1
66658.77163981624,36.0,employed,9617.464026791591,13.719583067836389,0.6258746788710533,9.0,5.0,0.10665786208437739,1
30547.074070808434,21.0,employed,12836.661874567142,1.3743143182289217,0.5693928373745416,1.0,3.0,0.6056779572708914,0
25718.02909076623,35.0,employed,15980.479594331138,3.881536652026538,0.3278525713841433,4.0,4.0,0.749689997087415,0
73794.1896945037,21.0,employed,15109.20080826909,1.1462940117404343,0.8290781704224555,5.0,1.0,0.13893130889188876,1
18576.111940412586,56.0,student,3240.164140164518,26.66427769759854,0.7747775468115858,2.0,5.0,0.2292616093641086,1
715887.0765476626,68.0,employed,85238.51015877687,38.52611258496501,0.731714918787204,59.0,6.0,0.8678424232591759,1
28358.60337432387,74.0,self_employed,6474.297476795388,39.14417766313206,0.5000622157519302,3.0,5.0,0.22234794163927082,1
73374.89341189028,63.0,employed,32959.64882208726,19.712067388324098,0.556165927138327,9.0,7.0,0.5548148018081795,0
14573.957947343319,62.0,unemployed,5466.99030694527,10.292563591719146,0.6672930449998441,5.0,7.0,0.2980368466306924,1
49647.53361997446,68.0,self_employed,16366.495322891553,25.527485320286225,0.5878854618522777,5.0,3.0,0.28835838985810014,1
,61.0,student,3360.753586728361,18.310668728669462,0.8346418753053659,4.0,7.0,0.16220081934757485,1
14102.61229622434,55.0,student,587.7999920559915,10.129986995353482,0.8787581421050237,0.0,9.0,0.03215807997335418,1
36284.95947113905,74.0,,31369.725091869903,14.756672438673945,0.3818415977622612,1.0,4.0,0.6520819763470679,1
29106.153200766876,36.0,employed,4839.8463243127,5.252798343485835,0.7155260058063365,4.0,6.0,0.22468980040775724,1
,41.0,employed,59903.50572591248,7.440366692708028,0.6293555689169212,5.0,3.0,0.6228963522437622,0
32809.43536150877,69.0,employed,5138.100282205075,33.26586412658345,0.7198150903777257,1.0,3.0,0.20060682641199173,1
8592.106445181358,35.0,student,1632.991601791125,7.293375399107221,0.8378078380264395,3.0,3.0,0.15485222040140426,0
15682.302598314049,35.0,employed,7906.532099835525,7.8567689279908235,0.49631712524353067,4.0,5.0,0.4419561519460624,1
5360.533589238474,26.0,unemployed,1489.3278617598269,4.472230407918967,0.81054266056657,1.0,4.0,0.3095298402801979,1
49463.256439916404,33.0,employed,20178.2908968762,11.641201296888148,0.5978035371314714,2.0,4.0,0.394687155665142,1
20419.545713035546,51.0,employed,2239.734823110855,21.578087168226702,0.7416451484996348,4.0,2.0,0.0888580965583248,1
42194.4041402242,68.0,employed,32041.477886692355,29.371378416436034,0.627411556577206,4.0,3.0,0.4275108237308123,1
42770.22400115125,25.0,self_employed,14779.060102047208,4.524094961152836,0.7422876703140479,2.0,2.0,0.3399201116337877,1
38675.27872817782,56.0,self_employed,18148.304832101294,23.9998694815038,0.6060744699633642,5.0,2.0,0.5484506263513781,0
45215.83343391939,61.0,employed,28256.033424917347,26.408430933652344,0.39529247586043875,2.0,4.0,0.6546468135282951,1
39306.75902919565,69.0,employed,31668.628932135507,25.390057856695616,,7.0,10.0,,1
10305.626718551914,60.0,self_employed,5623.884988073847,22.684546419527464,0.6017426612559273,6.0,1.0,0.532513094377225,1
30889.987448256572,26.0,employed,5936.40058055198,3.815159038954945,0.46158711686207493,2.0,2.0,0.16278686955728883,1
22458.049617396497,45.0,student,1570.9416971471671,11.798327652161369,0.8523321706457618,1.0,4.0,0.08196703214869905,1
82466.00323366799,72.0,employed,40792.62964880078,19.5728855249026,0.4654318734276037,2.0,6.0,0.350167771236963,1
84392.07755034279,69.0,employed,26469.78256003511,21.06952395862914,0.4628310863638522,3.0,3.0,0.28432898724293804,1
18369.09190146305,52.0,employed,6266.3732476892055,,0.4757810489830201,,5.0,0.4358535007444144,0
30489.491137162815,72.0,employed,,29.57189272149735,0.735732553357509,1.0,4.0,,1
16596.425057104247,56.0,employed,12242.129517853555,18.99715221622872,0.5175355694457215,2.0,5.0,0.5041736145234496,0
77648.1138250665,21.0,employed,49447.69630277427,0.7943081176990665,0.6460527826740832,3.0,5.0,0.5572753892202557,0
42182.1810198007,70.0,retired,24877.448775646615,21.00717805026653,,3.0,8.0,0.3076356354391471,0
43273.42323430626,27.0,employed,22648.074568407163,3.8314447304488026,0.541773250346277,7.0,1.0,0.419243249703876,0
39460.18353099785,39.0,employed,3957.3338212769468,13.107267160424964,0.44733789986093386,5.0,4.0,0.18377835893838942,1
72425.63209463905,31.0,employed,23954.6143170495,5.196558257972546,0.6391361101256611,4.0,2.0,0.20341349567566985,0
66546.92370130956,59.0,employed,11287.463405485783,8.395713063382093,0.2931020861171783,7.0,7.0,0.3277580909401615,1
64797.503044111734,19.0,employed,50249.088516965174,0.25060197399802503,0.691841494246457,3.0,4.0,0.5416334079229103,1
45630.87865835624,54.0,employed,14139.38173465157,17.93516582815697,0.6239564856452597,4.0,4.0,0.2216465965809853,1
33546.77558552631,67.0,self_employed,35252.42081628897,15.341767825607697,0.16701829439210314,10.0,3.0,,0
53293.11439686252,62.0,employed,23053.397889397234,21.858031657771743,0.7033227053758804,1.0,4.0,,1
,35.0,retired,11645.854392182075,9.256894795278448,0.7547589921696426,4.0,10.0,0.2819963136193236,0
33013.81090613932,69.0,employed,15056.836721688156,38.763199818622255,0.723491113637736,3.0,3.0,0.307046473386294,1
15233.136395159623,38.0,student,1964.2449969076451,11.866959092185837,0.8369553458417103,2.0,4.0,0.18082909780598602,1
64001.16944667117,56.0,employed,19570.923042106133,8.307728476042266,0.5023965691964126,6.0,4.0,0.3143825374099951,1
83454.60033264902,46.0,employed,14110.698471980391,11.996272707185389,0.8322474548083189,7.0,4.0,0.16657111913255626,1
,21.0,unemployed,3805.4006378174076,2.028222547406769,,7.0,2.0,0.5701477707265293,0
35018.152261889336,18.0,self_employed,3711.503273509474,0.0,0.9144980136686771,2.0,6.0,0.09927613398332935,1
15148.31242628326,28.0,unemployed,8336.750735023377,7.549838429001447,0.6897248840000634,6.0,0.0,0.5884056977517976,0
46318.62832889251,71.0,employed,28820.510171216327,27.422540532323683,0.5600300401588143,4.0,4.0,0.5423833521675526,1
30764.816672190813,72.0,self_employed,14205.020808710644,13.79530521503947,0.6579018680684413,3.0,4.0,0.2804435489674584,1
312815.05424770655,41.0,student,83770.80001074017,7.9350534544878695,0.44442044898952165,62.0,5.0,1.0,0
49333.45905943275,73.0,self_employed,8408.344542453344,40.0,0.7005585012880007,2.0,4.0,0.1797947595402954,1
47367.50406075719,20.0,employed,2787.145188736635,1.5897517014097717,0.6620736673537367,7.0,3.0,0.13491857693564285,1
96254.61707021478,73.0,self_employed,68946.0575399439,39.47952445472267,0.5266768755097001,2.0,5.0,0.4737751797104566,1
31913.339489532096,31.0,self_employed,4698.5442666915105,5.101278140284986,0.345113477758187,9.0,1.0,0.2335227517456157,0
24321.332328897133,20.0,retired,4401.4821462773325,1.3225828150121184,0.7022382116820327,3.0,6.0,0.12870335305050246,1
19406.02542001254,61.0,employed,7869.877944511468,14.333473204783397,0.4184182192916225,7.0,3.0,0.3950827990669701,0
33317.05689416759,39.0,employed,25658.793714201343,9.04498082184641,0.4117600541719597,7.0,6.0,0.6181795802714756,0
6037.3117269564655,34.0,unemployed,1386.9861395215369,9.892814034566698,0.5010376475899203,3.0,5.0,0.32819471883279494,0
52781.956434592095,61.0,employed,15313.540952128422,33.5976545509617,0.8469723178232954,0.0,7.0,0.23413925805728628,1
49281.722692930576,36.0,self_employed,25947.69847228138,8.343341389239198,0.567562964315007,2.0,6.0,0.30970968732390086,1
31617.477953965896,60.0,employed,,20.895077810040085,0.6570083137192592,2.0,4.0,0.30815144435810954,1
34537.057123621234,29.0,employed,4800.313562360328,3.6531122910769596,0.4786323917363169,3.0,5.0,0.1735886029679526,1
58456.80517426673,22.0,self_employed,4740.284816748766,1.7677345825984765,0.7760917830898858,1.0,4.0,0.10689309323031086,1
20580.55458016923,36.0,employed,12000.664280181427,4.28060096311296,0.5478555552442369,6.0,10.0,0.370347226849673,0
40218.562981144845,52.0,employed,2580.0337079571427,24.31515227078751,0.9589636716494508,0.0,6.0,0.031011867214804117,1
56673.67425452155,30.0,self_employed,14867.206248635539,2.568009042342243,,2.0,4.0,0.29421260579729885,1
,26.0,self_employed,17220.972167950433,4.880918006048089,0.5611454425682497,3.0,3.0,0.4796983475671131,0
25573.75277528979,60.0,student,9701.97727966116,15.28518687664501,0.7147777318632427,3.0,2.0,0.2808100441727689,1
150906.62898730382,46.0,employed,40351.01115276552,13.598638458157119,0.6796531961118897,39.0,6.0,0.8790484011738833,1
34241.812296467346,42.0,employed,23814.230881235562,8.854441537436509,0.48818788605489905,4.0,7.0,0.4268967725716855,1
14208.980936871398,31.0,retired,1020.9477014671397,5.720551210609854,0.8181514798998663,4.0,4.0,0.09254972851764057,1
74281.95167160814,19.0,employed,62475.52278421616,0.5280667318514276,0.5943770451015321,6.0,2.0,0.5519037792685826,0
20362.280493708546,21.0,employed,9135.88441751588,1.7536081405779504,0.6235311869811448,5.0,3.0,0.25000273573651693,1
15913.21307342728,56.0,employed,3866.6390089735587,29.03852406265986,0.7944350175082132,2.0,2.0,0.29256026977534794,1
38819.42601464104,22.0,employed,,1.597282164261555,0.7258888184251662,4.0,5.0,0.38692338258244874,1
14764.801194328613,32.0,student,8178.857724243749,7.712803108979517,0.7073958709884128,3.0,2.0,0.43102230661750257,0
5990.171137103251,69.0,unemployed,2317.719024222514,37.79269770457228,0.662217602914367,7.0,,0.5571180426080902,0
51959.39251826238,37.0,self_employed,16687.397272909777,7.108642610633905,0.7446020591381041,1.0,3.0,0.22899064926459514,0
13416.6327842133,60.0,employed,1931.4133629785856,30.199259524362123,0.8384951780212169,2.0,6.0,0.16224978614261942,1
21630.92999667997,37.0,employed,16996.657814493505,14.716128098844282,0.7151180391337286,3.0,6.0,0.3339595231751736,1
27238.613642572538,,employed,15386.07019216113,37.55029983893586,0.48770402125248286,8.0,,0.604735828566341,0
54236.59781935364,64.0,employed,24486.708625679876,24.92814983702808,0.7881613088586866,3.0,4.0,0.40025277321209995,1
69406.38766255672,44.0,employed,4839.845321411502,16.465002423895402,0.5891056098758961,2.0,4.0,0.09157738065032356,1
63031.578363864326,57.0,employed,8515.507350315533,19.056941324094424,0.6281856560224974,6.0,6.0,0.0845175189589491,1
33636.36676275772,41.0,employed,26418.54966353938,12.842130101406346,0.36401061071651303,5.0,8.0,0.5780720328175749,0
10789.685145382957,71.0,employed,3201.5033628135,40.0,0.5760873242064122,0.0,7.0,0.44476678026230837,1
48568.80301068502,38.0,self_employed,19251.166688740985,7.01344667386654,0.6819829377884797,,9.0,0.5323297809489989,1
75757.05615635442,65.0,employed,26741.631344412108,31.74982885564617,0.592965921298602,4.0,3.0,0.503386765206388,1
67298.63303472061,53.0,employed,13181.408823771493,17.63089614485087,,5.0,3.0,0.30419913381273034,1
16020.947767242895,54.0,unemployed,2308.3655788475016,11.02046227412845,0.5847603614472947,2.0,2.0,0.22091572191777017,1
22038.77757137788,38.0,self_employed,7984.992219613734,11.722424568453329,0.7073338428896996,2.0,10.0,,1
9774.42318286742,,unemployed,2802.681020183417,31.746438764289163,0.5599351006378194,2.0,9.0,0.4956882883204025,0
95502.4517938057,60.0,employed,8653.577015591783,22.73264664694891,0.6937253320037987,2.0,3.0,0.14895172393300046,1
6259.234098767423,64.0,unemployed,2087.981691961474,32.3131453073698,0.6392687031316545,7.0,5.0,0.439846870434586,0
20456.97923075579,63.0,employed,10951.660091640402,18.87845258034866,0.5817694957390869,9.0,8.0,0.5950388833243586,0
58178.769129796565,26.0,employed,22191.550923395305,5.986087835139724,0.737561698699017,1.0,1.0,0.32665319683728866,1
29272.985631125364,67.0,,5714.9697319082,28.860610939598022,0.5757845641386108,4.0,5.0,0.27042245994656394,1
20113.01584391074,65.0,employed,3643.0081100970265,32.04909296307008,0.8263804472144414,1.0,9.0,0.21566830843384313,1
77962.68465651498,,employed,41219.735357507656,4.729283973894803,0.6901981263967223,7.0,1.0,0.48439846546301135,0
45730.83103233897,73.0,employed,22017.794243350832,25.72223429279625,0.6730692891680957,5.0,4.0,0.37601700852885367,1
10501.541063333014,48.0,unemployed,2532.4752900757617,22.37311341132262,0.8666834693709147,2.0,6.0,0.13256873731707142,1
20478.12622505022,36.0,employed,7132.067738285876,4.149671945420321,0.5947635823771236,3.0,5.0,0.30558217562065576,1
101083.61068533309,30.0,employed,18264.453742051406,5.3086683376549,0.5286751706666422,4.0,7.0,0.340975484493794,1
35874.215693709695,38.0,employed,4621.957657263075,13.363823896646032,0.7316912937210855,1.0,6.0,0.15626803764015307,1
73032.80708034881,20.0,employed,25136.311634467813,1.2925776282136026,0.7926137754647657,1.0,2.0,0.21488789788919188,1
56773.0359216388,57.0,employed,17959.34699329261,27.727974240003178,0.7050986271192986,2.0,5.0,0.15026167276966865,1
27988.506399934264,58.0,employed,4345.129079605016,25.74536803228984,0.4820757005533767,9.0,4.0,,1
28100.128900145573,56.0,employed,8666.423164223934,29.19370100105335,0.8073307762663708,2.0,5.0,,1
26195.301051067014,49.0,unemployed,5480.652546838016,15.467627729510854,0.6974089461040979,1.0,5.0,0.30875101933537197,0
37726.252570544304,38.0,student,5062.265167836346,11.491478042239493,0.7330316768741413,1.0,7.0,0.03952774769952786,1
14207.737818041804,59.0,employed,3400.912786110925,29.05356166058158,0.5497814027848473,5.0,3.0,0.37086217187874865,1
52585.74268114642,67.0,self_employed,38232.14582211263,30.429713925776607,0.5896511469079592,8.0,5.0,0.3948861676118052,0
17089.942594249915,22.0,student,,1.0449361252968061,0.8270232009172871,0.0,3.0,0.10631586615397884,1
15163.757346943074,39.0,retired,3696.2502001149455,8.824155302694376,0.5894867619529733,,9.0,0.3491943675931292,0
45532.5724645863,74.0,self_employed,17102.91161666414,29.767050823950907,0.3212024916079653,7.0,6.0,0.8138870613458684,0
9246.999726004178,67.0,student,4066.8460600020076,31.988695789530126,0.4743272713995993,3.0,7.0,0.5418341865289369,0
14380.453133046745,74.0,student,4058.1563871747167,29.46387031230406,0.4598675197154476,1.0,13.0,0.30618569172577453,1
8526.557719172133,28.0,unemployed,1461.9121700201426,6.665295448302753,0.6366248896806438,2.0,5.0,0.1771152676478592,1
28285.493864505563,44.0,employed,8033.9395274888975,18.266707832821368,0.311762433886393,6.0,4.0,0.2919118019058177,0
35040.53289653058,25.0,employed,9275.163202788817,,0.7860607230524003,0.0,3.0,0.14122479905683763,1
21855.69197849738,67.0,employed,14214.283624981535,27.913286290966138,0.5832838056402007,0.0,6.0,0.592146195535483,0
79745.01528550668,47.0,employed,18493.043889155655,15.493720568165626,0.4659777642396256,12.0,2.0,,0
46473.689614366034,31.0,employed,25301.289068610025,4.37307457070797,0.3595772238441733,7.0,5.0,0.3938583043844396,1
89079.23327568061,23.0,employed,15844.669110393781,2.4696342677104948,0.6970116663386092,5.0,4.0,0.24390378755955855,1
33522.093753581976,60.0,employed,14782.382884005061,22.22392077113168,0.5249037800315158,8.0,3.0,0.3669276690911026,0
27600.93750915738,64.0,employed,15425.226298479898,31.758580555681863,0.5141600152301096,3.0,1.0,0.4853657942048327,1
30619.29616256667,68.0,unemployed,16825.911961646794,23.82968123926841,0.3995981095367158,4.0,6.0,0.3438822997802919,1
27199.942275647834,73.0,employed,6728.571556106545,13.670227421706333,0.472784723214366,5.0,4.0,0.43707849488437966,0
33218.2262932966,64.0,employed,7475.747141009117,22.64936844720892,0.5517289501320406,4.0,7.0,0.3184340085978986,1
18218.65923836845,62.0,unemployed,6637.956638894404,30.921904931537824,0.4088446662083168,5.0,4.0,0.5422477021490723,0
6845.282250017326,64.0,unemployed,2487.237886972935,24.96665048424026,0.6045979326290194,3.0,3.0,0.3216933400423351,0
36278.203975086,74.0,retired,9405.258531174431,21.913871650794523,0.7706123995902291,0.0,,0.23713191763385408,1
24307.162829081386,44.0,student,7988.138266789111,19.567146788554435,0.6587758296096478,1.0,2.0,0.27425998886186437,0
34252.52208367993,61.0,student,8518.98171152209,12.615805723352395,0.43603980354554955,3.0,2.0,0.5874134898754327,0
56671.24688640463,64.0,employed,49088.74161715493,18.221823208815145,0.48356447126607144,2.0,2.0,0.5842716569619536,1
69563.07517440566,24.0,employed,28946.47899113273,2.773684886266488,0.6852410473150314,1.0,6.0,0.4165765711924498,1
34364.833886523906,57.0,employed,5983.8255298687345,25.06868257746551,0.49006000786890075,4.0,2.0,0.11688382442091996,1
25951.249051742274,37.0,self_employed,8352.409527182925,13.327513430233676,0.7658119253352135,5.0,9.0,0.2909058744001303,1
52148.230374679755,25.0,student,26426.10123103858,1.6459540002298378,0.4855366423615489,7.0,7.0,0.7266038817540712,1
16926.778817181086,27.0,employed,10545.362631922413,6.076993430503411,0.623109646841635,6.0,4.0,0.5871151213070323,0
17796.2574857297,24.0,employed,2859.962159660998,3.793902294902388,0.6496294470447385,2.0,,0.13309376172427956,1
48173.48381072847,69.0,employed,14668.701567421223,,0.7167981507618529,,4.0,0.3098278594566815,1
81837.67769717511,61.0,employed,35212.97808075888,31.831429163298996,0.5977875677451061,4.0,4.0,0.39007734502819763,1
39925.69669229283,,employed,11687.953543564514,3.332576675981346,0.5990844263500972,3.0,2.0,0.3167969646531891,1
59853.30015205179,53.0,employed,20084.588951363374,10.994256369537428,0.6719814665023514,1.0,3.0,0.6128261266704161,1
6693.89673870265,55.0,student,1285.1978413015838,14.367947447764326,0.7856593880937957,2.0,6.0,0.19323478787779666,1
28288.977465504995,47.0,employed,16297.02867556715,22.091962759963867,0.5249777588276671,8.0,4.0,0.345248989633743,1
4980.093634396999,52.0,unemployed,1008.8826046648545,19.002735317018704,0.6072164824631162,7.0,5.0,0.24485124031888783,0
,69.0,self_employed,15978.496170976545,26.686078472312207,0.8146099750877163,2.0,1.0,0.2649884621261399,1
16753.866336982766,47.0,employed,8345.891261327293,21.733344256765577,0.5295785099573209,1.0,3.0,0.4024902842096688,0
19169.784165111258,55.0,employed,20968.08952682754,26.807208345012562,0.1889657283705785,3.0,5.0,0.5886922904562422,0
16435.361440583038,50.0,unemployed,4713.79157884187,20.367926143674516,0.6375620467703788,4.0,3.0,0.32958025302663624,0
61753.88552601643,40.0,employed,18121.284826413324,16.04573041490598,0.5576817372090295,2.0,5.0,0.5011001825511566,1
16770.36744324779,68.0,student,3471.344964299362,13.415049315864518,0.41092769842815086,7.0,4.0,0.14197507267545875,0
48295.14186391461,41.0,employed,4211.2356144280775,15.054106739078735,0.8222871465917088,1.0,4.0,0.08233830618640685,1
52271.37950368067,63.0,self_employed,8649.326054663716,35.072285459315445,0.7571386824573388,4.0,7.0,0.12402592946991045,1
11412.499097007218,,unemployed,2660.1275186706853,7.79912656254065,0.6616399604726966,8.0,5.0,0.1731751535663914,0
21007.761812946672,57.0,employed,4537.430257135187,13.01926825190084,0.6862153979818845,1.0,6.0,0.2568050909365673,1
48167.78441487028,61.0,employed,5607.661536278222,29.084384432727813,0.5039594192142062,7.0,3.0,0.0975626036351212,1
34539.98444830424,59.0,retired,20765.095734872008,20.99316024499405,0.652518209867525,4.0,6.0,0.5016543847919523,0
56784.13211714996,50.0,employed,28358.58108258597,8.063072407192218,0.7403795513642338,3.0,10.0,0.3633791939014261,0
,53.0,employed,6329.474375443315,12.627118612276446,0.7242657626433929,2.0,9.0,0.12102722821829306,1
20246.75966647547,46.0,employed,13716.040116063214,11.04420127870048,0.5773823418725907,2.0,5.0,0.7357793582639154,0
51285.84569370345,37.0,employed,14808.022905301923,7.460115029043816,0.6738292885568721,1.0,3.0,0.4723736801471065,1
12701.651906767549,59.0,unemployed,2707.3189477964474,29.790749636933263,0.5274346567249911,3.0,7.0,0.19314729012856055,1
9984.699530805956,68.0,unemployed,4153.633162474443,29.861093720741245,0.6922356202951838,2.0,3.0,0.5338963868178558,0
31340.989278168192,58.0,employed,10865.267099513178,25.638014680856287,0.5516107706166808,7.0,5.0,0.35908201687397856,0
9000.624891582844,62.0,unemployed,2024.5278249714183,9.158250346657763,0.8535591575095979,5.0,6.0,0.10865441141727322,0
56637.23382996546,65.0,employed,16268.075310102375,21.45583848348418,0.655451048251364,2.0,7.0,0.470005325145257,1
17871.14416438716,38.0,,13137.187419490652,7.813847536786324,0.6875279936898887,1.0,4.0,0.5464803315326743,0
22098.32367008965,21.0,employed,2770.8760757748983,2.1334657240323125,0.7823090411728045,2.0,9.0,0.08390812500827297,1
21567.409045184853,37.0,retired,5154.344995808205,14.67411405468631,0.872139321665401,6.0,4.0,0.23906493179928476,1
81379.235240237,61.0,employed,17383.611966291675,19.522193919344737,0.4704498355152344,1.0,6.0,0.29939836492664285,1
61521.39469678068,64.0,employed,27255.62603013296,36.05647296216785,0.6134431288085538,6.0,3.0,0.43967011520863464,1
15987.774227774344,47.0,employed,2339.9984542285715,6.049850150361566,0.8788329409561746,1.0,7.0,0.023059340852160413,1
24980.5154975449,62.0,unemployed,5000.961015871606,17.398992271107193,0.6921446622248225,2.0,5.0,0.5478800950473086,1
71304.17132099245,22.0,employed,5203.989948504218,2.6598348270318803,0.718714028932644,2.0,7.0,0.11837440069321402,1
20191.072636007444,54.0,employed,4544.726973607517,14.978152018260714,0.7306660350680068,0.0,3.0,0.23681627844841693,1
11322.883489104173,,self_employed,6690.689645409962,28.597941132616494,0.5099054760669524,3.0,2.0,,0
35027.51550250913,46.0,employed,20136.274716447904,9.270210193968595,0.7130437794569978,3.0,7.0,0.45471210900350517,0
63653.66638787856,58.0,employed,16092.133660468364,27.09600145587466,0.6346092732821814,4.0,3.0,0.20726038755750836,1
80469.2968368931,46.0,employed,27654.54117762138,8.988597840362411,0.39516653007088026,6.0,7.0,0.6990889474913046,1
23496.021027541246,47.0,employed,17763.942315457378,9.229625567507377,0.6246830972932289,6.0,7.0,0.6992355677600902,0
87202.61101937063,52.0,,18820.395448294432,15.8932869110188,0.45872304020468047,8.0,4.0,0.22407419020953906,1
5960.362745413458,63.0,student,2250.0907787334,34.51339588491898,0.48188103255703135,3.0,3.0,0.2836523078744625,1
33232.54257577578,32.0,self_employed,11126.716997566698,7.717821679979726,0.6679945887944085,4.0,2.0,0.4754134069223551,1
32425.643189061946,35.0,self_employed,7567.846876986081,9.877335527710517,0.60510754839738,2.0,3.0,0.43619767095846496,1
45228.991655950755,41.0,retired,9737.552308004882,4.734310880066904,0.8010042082518187,2.0,6.0,0.25263929997925094,1
69504.80966489787,29.0,employed,15295.775107000962,2.5736603505696505,0.8516302685487254,1.0,5.0,0.16914755732393594,1
58519.29615976862,37.0,employed,10908.106376791673,4.563047892535668,0.7371140389660813,3.0,5.0,0.14127461699487923,1
9242.593389060854,37.0,student,2669.9021543463577,13.143920791138049,0.4972384645786737,8.0,4.0,0.2964579602302943,0
55899.432995551135,35.0,employed,8398.39449724259,5.815891641935024,0.8310400460613312,5.0,7.0,0.17012601716857784,1
51525.45127556897,41.0,self_employed,5524.529595295691,9.137966948014645,0.9089706837798959,2.0,5.0,,1
5511.326861472182,46.0,unemployed,4273.570588526892,15.847206680966877,0.6625079748181657,3.0,4.0,0.5145495952657639,0
12919.500112423138,57.0,employed,5039.455344829773,21.464531033087674,0.5668313161346763,5.0,6.0,0.1370786633105985,1
61022.299688191735,35.0,employed,17095.77368360715,7.587400875198093,,3.0,6.0,0.23923155190756074,1
33188.222550387385,66.0,employed,11897.575075742021,9.72384593380335,0.5009458565223763,6.0,8.0,0.25050808091525945,1
19099.338000465377,45.0,employed,5592.650434466793,12.683561715823215,0.6261913116691904,3.0,8.0,0.4096419119330613,0
32725.636339476176,59.0,employed,12224.97947847655,26.376512346712573,0.7597096132346647,3.0,1.0,0.22828250574803932,1
43565.48731607629,24.0,employed,17353.510030086763,,0.7059101828557106,2.0,3.0,0.5001449059620017,0
12194.646368633676,27.0,unemployed,2473.5368411644995,5.625133255478618,0.3064946267665504,5.0,3.0,0.33251489106947585,1
8357.041391283683,43.0,student,3781.991130872125,5.227292297259174,0.562280119287861,7.0,7.0,0.3154441322933017,0
32628.986452762445,38.0,unemployed,15073.981266853349,14.896093651774382,0.5727300174620686,3.0,7.0,0.4971395586334354,0
60000.54859989048,46.0,employed,39321.774997856264,21.560658688617288,0.5884850048567938,4.0,6.0,0.440455490139552,1
30709.006877027656,27.0,employed,15637.513864397673,1.8132920104926205,0.7532079876986589,1.0,6.0,0.4141523213085809,1
31333.80018670913,44.0,employed,6875.133312670992,12.341967255381594,0.7937843882380636,4.0,6.0,0.3688372865743678,1
43466.40836894118,57.0,employed,28430.69045800471,17.483433401584858,0.32539686358262465,5.0,4.0,0.7039485676461985,0
10322.09602458012,59.0,student,1717.2064444480827,28.910330555619865,0.7812405026190243,2.0,2.0,0.22213007599458717,0
42673.70571273194,32.0,employed,43872.316210830075,7.342061367115457,0.5254548151018008,3.0,4.0,0.7632344430244429,0
18669.263390313525,37.0,employed,2075.271287358288,10.769566357270982,0.7565546789580287,3.0,8.0,0.07232004534749416,1
12269.97827443555,47.0,unemployed,1914.7788230699393,9.32360445370375,0.6904587780627776,5.0,5.0,0.18310814465933836,1
20246.03498335425,47.0,employed,2187.0775009544163,7.140925223149209,0.4036570253438837,5.0,4.0,0.21230753618878676,0
20763.626498233345,63.0,employed,7252.309226111386,27.692939623930883,0.6227969205802513,2.0,4.0,0.22778045861871574,1
82690.60794679618,40.0,employed,32060.925817879048,12.592923093996458,0.7020844840791673,2.0,6.0,0.4839039140052842,1
41147.6924073276,56.0,self_employed,20976.662178201987,26.57709513481874,0.5181588527341867,7.0,,0.6358872890220159,1
14099.309706780507,68.0,unemployed,9414.245626839574,35.34050342326167,0.5326539368803477,1.0,5.0,0.6421230601263985,0
13283.926765014396,,employed,4809.3586403053905,9.836559794523954,0.48551211943244593,6.0,4.0,0.5542491778845912,1
13471.773722111991,64.0,student,3180.623965073246,24.058774169427956,0.5843474574237003,2.0,7.0,0.4395672051262829,0
22867.20069523587,,student,7644.70200775513,13.471289305327993,0.6801466180354337,2.0,3.0,0.32808784641971095,1
14006.068913325666,37.0,unemployed,4300.108034925579,12.93441114871642,0.49864929031496696,6.0,7.0,0.4691113064675397,0
12369.451080275445,55.0,employed,1901.871241039248,26.989834888280242,0.7963338580355958,2.0,3.0,0.13493176224375245,1
40278.3329055601,53.0,employed,14461.05731398854,27.91265886375385,0.5012309844867066,4.0,3.0,0.5450463003744594,0
21810.182376401815,49.0,student,3103.006608443941,13.705207652457133,0.8093276680737189,1.0,5.0,0.2236813610099333,0
69001.32588361549,31.0,employed,8619.806934979042,8.192090365867857,0.4553915604529763,3.0,7.0,0.21486109464565453,1
28787.444618839632,23.0,,9312.90885098968,3.0642034456947354,0.6435112765152843,0.0,3.0,0.3278368747524325,1
4142.867730025741,69.0,unemployed,2186.2098817801934,15.52876702798368,0.6505199898195183,1.0,4.0,0.3868956498067535,0
22062.058984338175,67.0,employed,5419.389642284945,28.514528830975475,0.8358632222734311,2.0,8.0,0.15555186398086981,1
7344.047176294297,68.0,unemployed,4493.761629053867,22.842678276367113,0.5248690921073174,4.0,5.0,0.6957396997655149,0
26244.382846728706,47.0,student,7589.350033540875,13.641059267978575,0.812767612279343,2.0,7.0,0.15703839579637507,1
10269.584922553535,68.0,self_employed,3325.4226023874194,15.40413969562171,0.5373673696941601,6.0,4.0,0.4257295951284569,0
29022.357782886327,44.0,employed,12170.377756823636,16.817933799721114,0.802138716070804,5.0,10.0,0.33106597559224676,0
37039.883971217394,22.0,student,9248.02264031752,2.475058375227814,0.508065220199778,1.0,,0.3082581628377795,1
36446.70120485415,29.0,employed,7464.95062044913,5.713114917414281,0.6564637555115904,2.0,2.0,0.2675792255655279,1
62534.18135401592,33.0,self_employed,28184.693615443914,4.410472721032393,0.5749925609360823,5.0,4.0,0.361866126536278,1
5593.042584728258,39.0,unemployed,1016.7848095630492,11.216496295499798,0.742666365428478,3.0,5.0,0.13281226272910576,1
17931.521543429175,71.0,self_employed,4238.541006455886,13.78424282427525,0.6749350549094293,2.0,5.0,0.17453600776538447,1
74504.97859568932,36.0,employed,7221.808902125927,7.265217882336371,0.8028150839023256,4.0,8.0,0.14149945197479835,1
38200.64513789487,52.0,employed,15009.537361096513,14.396099992971344,0.7704110467231339,3.0,4.0,0.2801061486346108,1
38239.99288503701,33.0,employed,21753.060519086106,10.950828532865803,0.5599754347038421,,1.0,0.4985244773098446,1
20762.91176650112,54.0,employed,6582.3915238518075,16.176140829598722,0.7188390778893539,1.0,4.0,0.3937844950792654,1
38192.363432848484,50.0,employed,19826.799521383407,17.890621477615305,0.4585134937837739,9.0,3.0,0.46664295036923165,0
20476.460065106163,26.0,employed,14344.84383852542,5.7989391419391225,0.2371020824354757,6.0,5.0,0.5341603105921828,0
65738.18410448375,44.0,employed,6419.464286175302,11.841847244587823,0.8070672099484141,4.0,5.0,0.09542633278210991,1
49716.55376823052,24.0,unemployed,11889.320890170322,4.3813326722546355,0.6789230060463629,6.0,5.0,0.3233633794579069,1
23128.556525965858,68.0,student,4272.638629966144,14.093839375799194,0.7674088740792039,5.0,7.0,,1
26437.184641649106,58.0,employed,2849.855178802162,16.756235771839037,0.7242168518224739,0.0,2.0,0.23071066672608262,1
11254.023797325835,71.0,self_employed,3345.6428738558816,13.612326520313575,0.6921234661240399,3.0,,0.2685589016803692,1
17207.112977747303,67.0,self_employed,6857.947834588314,26.291331100869773,0.42516928522867076,5.0,4.0,0.2996987306234825,1
79017.99699072436,30.0,employed,27162.072761155036,9.292430834936177,0.6588766870134399,5.0,6.0,0.2894615203594547,0
21707.304121730693,58.0,,10910.745105965909,23.766844047710368,0.7125044879053726,,5.0,0.4687648693332932,1
10559.280649823191,23.0,unemployed,5272.907939153094,2.878226852046246,0.6852481139573617,3.0,2.0,0.37376736864318283,0
35277.05541524814,72.0,retired,8787.758361369888,,0.6185106070278296,3.0,6.0,0.2600015160970934,1
83822.36023730593,62.0,self_employed,11709.726671842482,33.381218427650424,0.5820106804396191,1.0,4.0,0.24018680981271107,1
16433.206591664202,56.0,student,6004.595814039679,18.350993092885837,0.749238669927705,2.0,8.0,0.3740131606980477,0
20764.32442510785,74.0,retired,7533.993554051821,20.171268982339527,0.7469009700254785,0.0,2.0,0.22510812740341787,1
37639.54533247489,66.0,employed,17879.113695706164,38.04575943647062,0.6255819186438013,2.0,6.0,0.4607424887947764,1
29187.367403632878,67.0,self_employed,10236.156429273908,22.23984365356533,0.56988294942585,3.0,4.0,0.43682699616159454,1
27257.674633174058,23.0,employed,19622.29415767981,2.114496947228633,,7.0,5.0,0.621375738219456,0
31234.080920540233,19.0,retired,7701.584043905907,0.22097676037930067,0.6076988082323767,8.0,6.0,0.20675854550342843,1
39840.75884842029,72.0,employed,6502.803063895597,16.576757129887717,0.5363810390649641,4.0,5.0,0.15753088487101763,1
105430.01567831685,32.0,employed,43721.98142304125,9.597207382607158,0.3303699077712551,13.0,,0.43471674428557705,1
22612.931858874825,42.0,student,2549.9900537184726,11.750809506270965,0.7910428092258207,2.0,5.0,0.09501947746150347,1
,20.0,employed,16779.104788445526,,0.7032054990184129,4.0,0.0,0.19941589754344505,1
7439.324175982514,53.0,unemployed,2577.6331538045847,8.761601867695207,0.641410947814609,6.0,3.0,,1
,64.0,employed,19235.266545884144,26.20003901019672,0.586915778139687,2.0,3.0,0.39115527949139073,1
17709.1083590805,65.0,retired,2383.8944774432593,29.703552960721495,0.8651021820281865,3.0,5.0,0.06162785510979081,1
22127.566233134556,51.0,student,5431.427989694816,18.89942590399915,0.7375661725183177,2.0,6.0,0.21980962165926182,1
51239.054274443144,,employed,15990.158022226184,19.163281834793995,0.7531016962821319,,4.0,0.29499673188530035,1
13031.337303423483,47.0,unemployed,4650.310189960011,15.862390773893573,0.6332104942119393,,13.0,0.37277174038314076,1
121014.16220390942,43.0,,52339.29828147589,15.343243870646306,0.45388025022336154,7.0,6.0,0.3858747062583288,1
81576.79001146423,49.0,self_employed,31379.799449741637,22.25670191165805,0.48935639698190514,8.0,4.0,0.48276086749562236,1
71964.83286307211,71.0,self_employed,15894.895751083019,21.295759688253007,0.7959846133140867,7.0,5.0,0.22649420266748535,1
18626.134826739617,32.0,unemployed,3777.285558640801,6.66109427571001,0.7545733787900898,1.0,7.0,0.28497350758901563,1
87700.28331572408,44.0,employed,16813.919247752292,15.12018955122787,0.6940740191868435,5.0,6.0,0.20089361875111555,1
17703.45949688986,52.0,employed,,13.21000542745953,0.5929785530069916,3.0,7.0,0.27167668702111564,0
79257.05729372271,50.0,,34541.4219582941,9.832631026176552,0.5928553077557748,9.0,5.0,0.47685561792434744,0
22123.105608601512,19.0,employed,9734.93581302383,0.77970125406688,0.6358617495818645,2.0,5.0,0.3808655632950504,1
27387.183855941475,34.0,employed,4669.503613912651,5.069397332443878,0.5317839437182054,5.0,4.0,0.15568102404044476,1
48083.58944164878,54.0,employed,19419.104423123947,12.227034860688617,0.49776140286020965,1.0,3.0,0.3031924929404788,1
67279.44750621052,57.0,employed,29866.525810369654,22.277254751292663,0.8274962384804185,4.0,3.0,0.2852213396278894,1
10199.199375555647,59.0,student,5297.43674117726,10.103260424068969,0.5529762665965562,7.0,5.0,0.5904094432473785,0
28105.69661143297,74.0,employed,5487.257548927952,12.34400116819094,0.4918994262308793,8.0,8.0,0.28339255749120873,0
38130.35779068423,56.0,employed,27598.716551285997,9.059510166761948,0.5688959961561307,2.0,4.0,0.5549786691286527,1
16542.19746039153,51.0,student,5118.750502806976,9.040620186558213,0.5670653281274668,4.0,3.0,0.22084588468873118,0
55659.94409165713,36.0,employed,27154.216018295043,8.235326111049222,0.643851034640677,3.0,5.0,0.4586502796562371,1
222631.6715488925,39.0,self_employed,68097.33548444835,14.648684107652592,0.5088908179400458,2.0,1.0,0.39688080906734646,1
44786.424783706425,,employed,6625.367404819422,19.043607385293875,0.8202125418101159,0.0,,0.09950407707786768,1
12572.341993745278,44.0,student,3677.665214976615,11.869490068499749,0.29174390661898564,5.0,7.0,0.34526075350606383,1
20890.630050526852,58.0,self_employed,4808.61777317263,22.40602622806081,0.7609911312645159,1.0,8.0,0.3094654553500578,1
15432.42142376206,25.0,student,5990.764035772503,2.6690065876197973,0.6067068495365169,2.0,3.0,0.3654224615690475,1
22694.435856858632,25.0,employed,5350.8065789814555,3.216659090825518,0.5753262406791466,8.0,1.0,0.35181863502019384,1
45879.556101420676,30.0,employed,9535.760989689865,5.181444145423399,0.6023595798493395,2.0,4.0,0.13691182605508626,1
15933.653016280155,29.0,unemployed,3670.769227319659,4.456431374890132,,7.0,2.0,0.19844769121551956,1
28808.215842121626,52.0,employed,12658.789366893376,14.723220657433567,0.5881888829868693,2.0,6.0,0.508624775148271,1
97975.96837244778,54.0,employed,17426.41041009338,7.440142544900568,0.7050961596594412,1.0,3.0,0.16309028139913545,1
25141.530022605126,49.0,employed,10928.717289153372,22.68444842706148,0.5383930605564855,4.0,6.0,,0
23947.267922432882,34.0,retired,6216.979665007164,12.582529255507435,0.6449018653245342,5.0,4.0,0.400133815319212,1
54989.16873605607,50.0,self_employed,44679.28131857355,22.959926875189858,0.6521844496752219,2.0,1.0,0.49128652358955605,1
62401.065322593066,24.0,self_employed,20804.129186676637,,0.5799197082704721,3.0,4.0,0.37684496629803854,1
75667.0777481741,44.0,self_employed,19826.74597308277,16.913814528436106,0.49245854430495706,3.0,5.0,,1
44992.37183010457,26.0,employed,20313.825613126293,4.3508808284162255,0.5070040318730415,6.0,3.0,0.3467084899736272,0
61417.88451047069,22.0,employed,11983.214072577925,1.026019786418601,0.5867616952675474,3.0,9.0,0.2865523893912176,0
26041.479573990764,27.0,employed,6238.196747967034,6.837439328349828,0.7534841645903881,4.0,8.0,0.18221288341916816,1
63218.43053303202,24.0,self_employed,53159.02667724944,3.9943816652014936,0.6030806494938887,2.0,2.0,0.5649262011010076,1
57088.876829233384,45.0,employed,10636.358736535944,7.753799840459118,0.8633336288402698,5.0,3.0,0.1887763044269063,1
38688.441177343746,49.0,student,12053.62911754859,24.13117059229903,0.6542467693320984,2.0,7.0,0.19719590857788208,1
5519.0436882874465,52.0,unemployed,3532.4329884313843,9.374454557337058,0.6207678013818108,6.0,5.0,0.556334561589466,0
23072.770666463315,43.0,employed,19986.66426844672,11.820198177639254,0.18800644145547796,4.0,4.0,0.5618191038560085,1
54806.85107198872,28.0,employed,11919.50631716069,2.953854395955038,0.6027230516761624,4.0,2.0,0.15926406885759312,1
9646.18481363594,19.0,employed,1461.9625531118963,0.2901144770347427,0.46034781592157764,7.0,8.0,0.16545438950550995,0
32510.816975430174,58.0,retired,5564.092846238693,31.227337720990647,0.2520171587458958,4.0,8.0,0.3810027957669973,1
,74.0,student,3337.3688228259184,30.423325454782635,0.6846612935958403,9.0,14.0,0.11594887140705384,1
,34.0,student,5174.95820329249,,0.5327058899971557,3.0,8.0,0.5040693838391966,0
29287.175412184755,29.0,employed,5427.365432150834,7.324235847719121,0.8434823775664247,1.0,6.0,0.10115655525061103,1
,35.0,employed,15552.299747441824,12.327492872885577,0.5983415126203357,8.0,3.0,0.536327625856812,0
27979.473754725706,30.0,employed,6929.755951019441,9.006748344872008,0.6360781756325773,8.0,6.0,0.39184732969088587,1
28387.828235355806,30.0,employed,12971.03008170324,9.117491790961479,0.7418485712022242,2.0,7.0,0.3097756743035126,1
25811.60207782873,46.0,employed,7182.894553281282,20.81377473988896,0.7285591684133212,3.0,2.0,0.3934884707185756,1
25113.502058579255,62.0,employed,3903.830248471693,25.667815252461466,0.7497876112604965,2.0,3.0,,1
22199.447132683137,58.0,retired,2385.2938709553655,16.21919959536937,0.7918188026296196,5.0,4.0,0.1554819983157563,1
31522.215877153078,72.0,employed,13803.315379325248,40.0,0.5391393733826952,4.0,8.0,,1
92694.64194436271,38.0,employed,17352.778128054877,5.469958336004632,0.7994440099172397,3.0,2.0,0.22474373170070408,1
10436.71653621074,46.0,unemployed,5157.897018040079,8.435836892853734,0.6892028249407443,6.0,6.0,0.3276538838677944,0
43134.35714599516,39.0,employed,6034.359723971254,9.666227010245743,0.7697908119475009,3.0,8.0,0.17780093990767123,1
9525.582874188785,20.0,,4020.627714598671,0.7403979306558179,0.6543046874029403,5.0,3.0,0.34583322502298575,1
29747.85453443262,40.0,self_employed,7894.540217765945,12.527673147755104,,7.0,8.0,0.44455964915731333,1
7743.952929147667,32.0,student,3538.124692673617,10.404536152902836,0.41552920626816103,6.0,5.0,0.33548943743280385,0
18208.195172101332,45.0,self_employed,3276.4988376802385,13.354707487233654,0.5846048779441668,4.0,4.0,0.15339893933144333,1
19860.75315660705,27.0,employed,4627.703560697962,4.790901204460075,0.48086225816164807,3.0,2.0,0.20037445295892725,0
43789.90529936303,60.0,self_employed,12527.522614865624,19.062969970323532,0.5381680591179836,2.0,11.0,0.3428981372651726,1
62198.54135961775,66.0,employed,16949.068823762103,29.97799180730704,0.6626652013781487,4.0,9.0,0.3313823595448988,1
14863.558181577959,72.0,employed,5921.167596450825,14.06231646701733,0.3687246488569757,8.0,5.0,0.3559884984925038,1
27596.979279637184,22.0,employed,12895.583463869682,0.9166157262237478,0.7117399179209528,2.0,6.0,0.24766353774874364,0
18334.772002381298,24.0,employed,,3.5088185079593863,0.7419291153628962,3.0,4.0,0.287906908419793,0
11137.124189841015,73.0,unemployed,2715.4865639535815,28.65099199008701,0.7315165856019092,3.0,6.0,0.28086997444197104,1
62185.973499227046,66.0,employed,23231.74144634806,21.33191123575808,0.5174471405588065,7.0,8.0,0.5161506422358049,0
29043.755993547973,51.0,employed,3649.5941723658543,13.213054309207607,0.5255591151723792,3.0,5.0,0.20412041757136976,1
35462.87004542443,36.0,employed,11748.63492843713,4.159520395665757,0.5597743245707039,6.0,6.0,0.6435388816608639,0
26312.30747931834,47.0,unemployed,5783.524281237253,17.641677226003566,0.4590918632365806,6.0,8.0,0.2925492680370814,0
45658.7464296782,48.0,employed,5411.963211816824,13.586415644772913,0.46552553584153317,6.0,4.0,0.10768596109920767,1
27316.99327739557,66.0,self_employed,4757.836758449523,22.423719538164963,0.7377449699720939,2.0,5.0,0.07012838253348296,1
,48.0,student,16160.43360635194,22.082007325414054,0.49216183770196514,4.0,2.0,0.6642993552456328,0
139198.74293491791,,employed,86654.75984465452,0.6425287295140873,0.21352255327423403,46.0,8.0,1.0,0
15684.353183457704,57.0,unemployed,2412.887222004591,12.934969679423023,0.9394716416165128,1.0,2.0,0.08422578761426612,1
46989.059501720076,62.0,employed,5065.324312370682,26.14919550817506,0.7658741166276698,2.0,4.0,0.11574754270858117,1
18332.30622251768,34.0,employed,6640.224654056273,4.469651057635114,0.5680593596226222,5.0,7.0,0.40440120043684646,1
43603.159333839736,24.0,self_employed,11749.547483017288,1.8986299242677154,0.8171232598012874,0.0,7.0,0.23824407467948314,0
17121.08785213883,26.0,student,15536.987778121947,5.0279163555156865,0.706633261869136,5.0,1.0,0.4795239600189867,0
47683.40432318413,65.0,employed,33577.29637247351,12.950109794647112,0.3511597563233288,5.0,5.0,0.7386772078305709,1
55032.187786218514,43.0,employed,17640.023628680152,9.20290927056467,0.5686124932198628,4.0,4.0,0.6096306393863241,0
46107.218583978836,48.0,employed,26584.167266428158,22.16508482370371,0.536751389877213,5.0,6.0,0.4929487941285003,0
31207.17524973256,72.0,employed,8407.592596034814,34.72142149632209,0.8105370437031552,4.0,6.0,0.1636885865984513,1
63702.2517504637,21.0,self_employed,12528.10365228043,2.2730271317538358,0.7006402787143331,1.0,3.0,0.1176242633654655,1
25816.75017009476,29.0,self_employed,4935.1086459689695,8.020100056943944,0.5607417551637616,7.0,4.0,0.2759001198289199,1
20641.299608050453,65.0,self_employed,10679.457521037613,18.214739699703816,0.40952201131712374,4.0,7.0,0.556689816963472,0
7349.272867488314,48.0,employed,1968.6777876437886,17.382793820658662,0.6124336002096359,4.0,7.0,0.2744490929959293,0
38570.37230772698,19.0,self_employed,19091.92042481097,0.42721740687306403,0.7897513672806193,,4.0,0.27056876916272576,1
26490.380870434656,58.0,self_employed,7030.171887696252,24.730503959026635,0.5233079001265155,8.0,,0.20482595610265097,1
48736.69021128911,25.0,self_employed,6756.856103821505,2.8635194909338346,0.809170427049101,3.0,3.0,0.03252824505477767,1
13553.313063844978,62.0,employed,965.9127875658236,8.834778617633564,0.7286320262517748,3.0,4.0,0.05168947638117661,1
26275.98608785718,63.0,employed,11585.042051386112,11.536331809638208,0.6814459751045493,0.0,6.0,0.5320539957620407,0
45941.99736251871,64.0,employed,8028.034046467896,30.479940203748566,0.5883776386268956,4.0,7.0,0.20114593401260325,1
21700.312206589908,44.0,employed,9412.853668840346,6.510481818447272,0.6615770908546752,2.0,6.0,0.32244549257061517,1
44561.62645654903,33.0,employed,9342.062875794962,8.394804149162182,0.581088685613499,4.0,7.0,0.11336167860635915,1
27487.556833295195,68.0,employed,6485.732299699526,35.733355370775776,0.8826503022576295,4.0,4.0,0.1947349272863318,1
39297.100830280506,49.0,self_employed,16180.335491820584,19.9844830052633,0.48608933407417,5.0,6.0,0.43538768811033196,1
48902.26547923009,54.0,employed,18593.78442556533,16.13027796810208,0.6861259655141763,1.0,8.0,0.34811926580131763,1
20467.14889959435,25.0,unemployed,6913.163607334377,2.276137704231243,0.6172493850007186,2.0,2.0,0.6224842626212095,1
38034.39670232096,53.0,employed,10463.659801223277,26.373287242578385,0.6142505244266969,4.0,5.0,0.33462217402127836,1
8460.577630124577,51.0,unemployed,1163.7407732940533,17.814713699344185,0.5131571964284614,6.0,4.0,0.13054365322227007,0
28882.19426455702,34.0,employed,15065.240643686235,7.092032568963736,0.4649762843659259,,6.0,0.5926225172243827,1
49935.01212752737,61.0,employed,15518.37517896335,32.90508863480058,0.6350741202568404,4.0,7.0,0.4255431533678757,1
23972.997890866307,25.0,self_employed,6481.352344971101,2.3030745242620263,0.4369653201628622,3.0,2.0,0.39243657070603877,1
16610.98530971773,59.0,student,2460.5234484307957,19.080134062359093,0.6420646072768413,4.0,6.0,0.2614232804273655,1
29943.21252013567,72.0,employed,11006.4374837104,14.320120976897606,0.6596452264955966,3.0,6.0,0.3324852319289025,1
34486.358131397865,50.0,employed,5034.836821720719,8.797701009271133,0.8086966820181529,4.0,5.0,0.23245381671496798,1
24116.91921261239,23.0,self_employed,11767.485948043597,2.1957887679905057,0.5632153007009997,4.0,7.0,0.3673831793235875,1
15824.869550091917,49.0,self_employed,3616.0814258549453,19.213682621322846,0.425740391998708,5.0,5.0,0.19251681231317874,0
47116.15938904005,48.0,employed,23731.865858095585,12.1000909947753,0.6501135008200134,4.0,4.0,0.3991700987906997,1
58809.913213577915,49.0,employed,13672.367253701803,19.02652229041584,0.5545475515548289,6.0,3.0,0.33455825567638225,1
14822.662243072607,33.0,employed,7407.2320549603555,10.246714223271534,0.5680073967751611,5.0,6.0,0.26284064294164045,0
21836.013909569487,53.0,student,9465.99886132965,25.429136207720067,0.6728018160630028,2.0,2.0,0.18667335799404855,1
62416.90664118743,33.0,employed,26717.932806213135,3.4024755364836325,0.680902443320172,1.0,5.0,0.466972554787049,1
48920.68163548503,49.0,employed,21721.999253063295,,0.5690425997509065,8.0,,0.4211330721883172,1
20640.07734086135,51.0,retired,4431.339526056016,9.51341402003556,,3.0,5.0,0.20707447081345487,1
22657.627181338165,54.0,employed,8090.442129786511,22.28246553526562,0.74415850137669,4.0,3.0,0.25122666936193816,1
37816.055483748605,63.0,employed,28093.21712171724,19.034886571200047,0.4022580066174078,2.0,7.0,,0
41105.30754206885,68.0,employed,5268.504758947445,31.233798930845857,0.7431632936702026,4.0,3.0,0.23573697139616895,1
38097.49289153803,62.0,employed,8155.987785600034,14.44496005501112,,6.0,3.0,0.2948889249766704,1
33187.63629991278,63.0,employed,8325.244922958242,26.414749410326877,,3.0,6.0,0.21079473991755412,1
21134.755362474785,67.0,employed,12092.019982620262,13.490114159621054,0.6248946712173183,2.0,5.0,0.4830116335911611,1
15701.664756419126,31.0,unemployed,5964.034680565847,3.9240152717230945,0.6259142392149047,4.0,3.0,0.38811008167840516,0
50550.97069885272,34.0,self_employed,11441.100416954589,9.098834481579773,0.6825080751508815,2.0,2.0,0.4498342216870641,1
40151.33875805977,48.0,employed,,12.061886849706493,0.6069155871241996,2.0,4.0,0.42966436532600494,1
38387.870740071485,44.0,employed,32761.633539111983,16.178937940575416,0.5464583530115492,1.0,6.0,0.5007476385150185,1
84088.4705047773,58.0,employed,13237.426758419824,24.4438264496645,0.44492071480009066,0.0,5.0,,1
13288.621572167862,18.0,student,3326.8980262150326,0.0,0.8162622878924243,3.0,2.0,0.16276519779247592,1
68921.09294798491,25.0,employed,20684.61661244159,4.468270273184135,0.8126941836864016,4.0,2.0,0.13507017286166398,1
27675.364969695085,60.0,self_employed,,28.40716806472433,0.6801773425572726,5.0,7.0,0.2487043131793796,0
63226.27810250286,64.0,employed,26213.919120422444,34.355282596222345,0.5141869630848179,4.0,8.0,0.4706048075636319,1
74012.84623162274,35.0,,33998.6043650777,4.221261460713954,0.6250265902335252,3.0,7.0,0.357003855538372,1
31365.83111351132,35.0,employed,17889.570723934303,9.22979995074019,0.5872484679865884,6.0,2.0,0.6723842236401817,0
29163.097434986943,50.0,unemployed,13640.907628488376,20.7765152055117,,1.0,,0.42114801847473843,0
45913.65945425656,45.0,employed,22023.518388070173,8.914451598052013,0.5595433820969201,3.0,7.0,0.5198568272030768,1
11710.212448002603,27.0,student,4657.97855400306,3.223554172075508,0.7795225210511169,5.0,,0.4157171850019857,0
30119.307877206167,46.0,employed,10536.472130173608,10.085000984835071,0.5879653493154,,5.0,0.50840953622837,1
22394.23925282859,64.0,unemployed,2863.191117385822,24.996390012696708,0.5443336282118877,4.0,5.0,0.1254534417114488,1
20165.131458728894,59.0,unemployed,24510.04990294095,17.20779598425523,0.3176083360368176,9.0,2.0,0.7978840929994788,0
14977.50750992321,64.0,retired,2192.787652572865,27.584214827356135,0.8027894437961828,4.0,9.0,0.1648425844356268,1
33872.926429824816,54.0,employed,7131.540780911231,20.381177130507425,0.42578236251808305,4.0,4.0,0.45932465744670015,0
40205.59690418443,,employed,43039.82699327187,29.713354993091457,0.727670100113309,0.0,7.0,0.3284700437988361,1
28175.207553429587,32.0,employed,10521.513741417337,4.919467981197502,0.38656063372750704,4.0,3.0,0.4813499293439973,1
118054.28755631509,20.0,employed,23079.0603107005,1.3208456509875965,0.7582143715439917,3.0,6.0,0.2059495296027386,1
40816.09923692146,24.0,employed,8888.866090701971,3.590527982767299,0.48937978455932907,7.0,5.0,0.25085804180876464,1
24647.20931305625,74.0,retired,5858.064001777762,15.589826984416753,0.7012264075062733,3.0,4.0,0.2329437934730586,0
46108.407064864376,54.0,retired,8270.363137508712,11.523733612035834,0.758887659768183,2.0,7.0,0.22994553703837917,1
30254.288819932204,32.0,employed,16985.313337626532,5.328107228974307,0.5414104987411247,3.0,3.0,0.35417458940149754,1
66106.60763820098,66.0,self_employed,7628.134168880757,36.557995425755465,0.845945809304456,1.0,8.0,0.09217515663384576,1
7887.122314520699,35.0,student,774.1576943802008,,0.5348925275975129,3.0,5.0,0.11440785210612471,1
14472.792642178256,52.0,student,1424.1823615303356,7.205533286372512,0.7656607098502843,2.0,1.0,0.2732229088521932,1
61361.33601487432,32.0,employed,17788.787125163068,3.989656196334339,0.7248706561735019,0.0,9.0,0.1845228981009376,1
79626.2316028719,,employed,30711.138353604012,1.0965154709524385,0.49356254296806423,2.0,,0.5000182700816245,1
8634.577140739644,33.0,unemployed,2171.2719075467458,6.6255531972889505,0.5750967517989583,2.0,3.0,0.21309821825423036,1
23273.931230613634,31.0,employed,6221.797193431563,8.817796527563692,0.5589524153923968,6.0,3.0,0.40005979194759783,1
48229.35864761862,49.0,employed,24266.685706672695,14.578105518955464,0.5924961985964305,1.0,8.0,0.5461268360000731,1
18616.584618974743,19.0,retired,6554.8953705917165,,0.4953935876946833,5.0,6.0,0.3818471578422683,0
22226.40103707055,31.0,,12994.29789883293,2.9707287066137518,0.666810173394466,8.0,4.0,0.4669408105064519,0
28143.039316208567,50.0,student,9708.478527082329,15.418678991579469,0.7149258166176266,1.0,6.0,0.3444365252061246,1
9682.99743480695,40.0,unemployed,3393.489225526757,14.789394912108357,0.5309377698394959,4.0,9.0,0.586482839127324,0
13592.685881591191,54.0,employed,14573.249637428387,21.773999901325336,0.5278026746667659,8.0,11.0,0.5155764286906429,1
18948.078030931632,55.0,employed,12049.575255678737,26.332726924518372,0.3625941972053079,2.0,6.0,0.6202494730557205,1
376487.23105691647,73.0,employed,47997.10503881631,,0.43431350436709,40.0,5.0,0.8760985571197912,1
14303.913151385821,65.0,employed,6497.879626968977,23.52399245532298,0.4911866464658622,7.0,7.0,0.4689726480647975,1
31301.45281767876,31.0,employed,5716.094419866001,7.879652911069379,0.8463803032918894,4.0,6.0,0.13656690286341558,1
19915.665691241684,57.0,self_employed,10475.635941298493,11.74266497411563,0.5933893746224661,9.0,2.0,0.4925234521517113,0
82451.82838571734,53.0,employed,18222.365014889747,24.13194100821778,0.6981496885345906,2.0,11.0,0.18077272622559531,1
117934.12409637358,51.0,self_employed,49065.11387489666,12.767107005661263,0.7360372512139486,4.0,7.0,,1
21394.76294424366,63.0,employed,10106.517588993209,11.51929720572376,0.5445445520116026,3.0,6.0,0.36576439059844496,1
41290.153646107894,26.0,employed,15458.808283055138,5.275366195273412,0.5642320565356171,5.0,2.0,0.3002449452446813,0
22466.894160101714,39.0,employed,14508.037109472674,13.083226544622951,0.38851678087765545,1.0,4.0,0.5591006002221625,1
31111.792270136855,64.0,employed,7340.035261836847,33.58956119065053,0.4292100500306949,7.0,8.0,0.4866931870777384,1
44738.400500838,68.0,student,3046.7334327769036,36.76224236311373,0.7712698728817484,1.0,5.0,0.09370081832622942,1
28757.553039421196,20.0,employed,5470.094199662596,0.7342309414978931,0.6736625988277744,2.0,5.0,0.2513488825079209,1
31476.020120301906,44.0,employed,7080.318247933161,15.205259293397992,0.6570717278544969,4.0,8.0,0.2442230464685931,1
7934.00508421354,33.0,unemployed,1630.5022048996843,11.992106965547931,0.6495386634420547,4.0,7.0,0.2726605254785057,1
64414.5416635781,27.0,employed,11218.620516054558,3.1165553616897896,0.7281155039683217,,4.0,0.24814977464179427,1
7103.668706049883,21.0,employed,4261.543860622379,1.4511780034055126,0.5695239470818199,2.0,5.0,0.6272387814627104,0
29103.139654130453,48.0,employed,7380.023019816421,22.382994563529152,0.6976788007112209,4.0,4.0,0.367725487807162,1
35491.7996474107,56.0,employed,6577.415003602506,9.950215826806398,0.5688204854014698,2.0,4.0,0.47475949071160223,1
28703.41875046914,48.0,self_employed,3851.5490639785476,22.708498156011512,0.8504455730846829,2.0,9.0,0.2073154330364254,1
55925.333733838925,38.0,employed,4523.805818665264,9.857867134741316,0.91351407908418,1.0,7.0,0.0626668184225088,1
66238.26804046749,61.0,employed,30220.67157736437,31.640452345157648,0.6758409009069366,3.0,4.0,0.5617551393660476,1
17925.512269626448,55.0,employed,9532.190175404185,21.194445320356742,0.4295368362166807,8.0,3.0,0.4228189651550051,1
103439.6186629016,69.0,employed,51635.82790666943,30.7459277389062,0.4119595528613861,6.0,5.0,0.47344782102543626,1
17825.237832375442,37.0,employed,2874.941423899337,12.612037566279122,0.7077881881605285,3.0,4.0,0.34422366784505076,1
,31.0,unemployed,18895.80992635934,3.1236615174765108,0.6023576390818397,4.0,2.0,0.524308817928803,0
39140.53263318204,43.0,employed,18719.334445552668,14.416525085594595,0.3772288163626806,3.0,2.0,0.5785190952829331,1
31053.277310600864,46.0,self_employed,11666.649958134309,21.122145712167228,0.629632490248615,1.0,3.0,0.3958906411414407,1
29593.69275963449,44.0,employed,6571.039339145863,20.115530093775327,0.7456582027968943,3.0,8.0,0.20352207553248527,0
35712.05567251085,65.0,employed,4846.686304185636,36.70666472089456,0.6801591716653416,5.0,5.0,0.1661389834271075,1
40304.11818518449,20.0,employed,9863.756953701139,1.1749994551215246,0.6355406902373852,6.0,5.0,0.18866625467188963,1
8023.264795958298,48.0,unemployed,574.3824182213958,17.39916326624757,0.8327027016120332,4.0,,0.1144731730164958,1
16153.351665736733,42.0,,16057.844244126307,12.75549696159303,0.5547573942770339,6.0,5.0,0.7148819732086487,0
24702.595264561864,30.0,employed,7995.199996234906,6.774384185892163,0.6539210162554554,4.0,7.0,0.3163712990610677,1
19780.961950234458,54.0,employed,11749.942808080372,20.421747296276273,0.6528024626531063,3.0,2.0,0.5913607964552303,1
12066.604632881392,,student,4850.935118215095,10.145023250085595,0.6421371457951897,3.0,5.0,0.35542927039928235,0
20435.169358909294,49.0,employed,3577.736071796316,7.85300591836163,0.8166293218492422,1.0,,0.1929122382516485,1
29434.494374692407,22.0,employed,9721.148013653396,2.2865997722341986,0.7664509357818041,0.0,1.0,0.20207664526832342,1
45081.96032751039,22.0,employed,,1.554119432092365,0.9114006479411035,2.0,5.0,0.05640107748985393,1
42432.3090481381,42.0,self_employed,12109.442005387767,9.140526984142571,0.6661811318340094,5.0,2.0,0.44382496730120097,0
107203.32759493988,56.0,self_employed,47407.377182919096,12.010446576381312,0.3799560590564217,5.0,4.0,0.4621837523426313,0
12025.365543503005,35.0,employed,3461.117211894086,11.570913688227707,0.5330272587844875,,4.0,0.5202132219250735,1
32144.464552097943,35.0,retired,8946.991609929406,13.236150737950428,0.6553016308678394,3.0,4.0,0.3616891716447964,1
36432.26708246472,67.0,employed,9326.928919127555,28.256085293981098,0.8277576305072234,5.0,7.0,0.22959509626999386,1
54602.51217392451,18.0,employed,25047.608178418202,0.0,0.7248923401569867,3.0,6.0,0.380836729300122,1
51960.162706274714,22.0,employed,18620.150157288583,2.921321975624931,0.4724861471114591,5.0,2.0,0.39134791617664616,1
33439.868170877264,26.0,employed,4277.889890110156,2.6460494964785504,0.5752688490758279,,,0.1569454913733617,1
39589.75463493384,74.0,employed,9356.516293020477,16.35847027954288,0.8146666628635953,0.0,4.0,0.26992770938011734,1
25033.379506273817,46.0,employed,7005.39332562421,9.154657996880704,0.5400673561957131,1.0,3.0,0.37944719215989003,1
49357.25225947776,27.0,employed,28883.841561041416,2.3195306728741043,0.44514613832120326,7.0,4.0,0.6944324639513811,0
,35.0,self_employed,4101.207507733623,9.34536750326698,0.49864262849542923,8.0,6.0,0.3454532815905552,0
53552.25682923621,73.0,employed,10375.011763193641,20.327451413639576,0.40708617428737287,5.0,4.0,,1
35897.153365125836,57.0,employed,11316.585001658683,29.16225065718346,0.5871834715135174,4.0,4.0,0.5169877678803806,1
31312.70362777722,30.0,self_employed,10460.575861426358,6.8165359672360974,0.48363983106554653,4.0,6.0,0.7321531875172034,1
35562.37870406837,31.0,self_employed,23136.487818802376,5.404962334996105,0.6391779719000186,2.0,3.0,0.49450594838065554,1
11737.918269633477,22.0,unemployed,5055.079877800421,3.1631375167145164,,4.0,1.0,0.35652950343379697,0
24314.538819426805,62.0,unemployed,7900.713696189013,33.96433469154538,0.49301807343557436,5.0,2.0,0.5618788941698378,0
201200.4615977666,25.0,self_employed,107989.36963531974,4.670183988298642,0.5703952219601202,4.0,,0.47174941485586297,1
66831.87471272238,34.0,employed,12784.16147143313,10.800163284220496,0.7542369589117124,3.0,8.0,0.17308989060146215,1
27373.676175267163,37.0,employed,4004.6214412818567,14.940879499379184,0.6435695467865155,2.0,8.0,0.2249236936754933,1
54731.850332664246,53.0,self_employed,12502.016414147462,19.60958067543917,0.5840411622883418,5.0,4.0,0.34991013220276157,1
50851.483903572254,52.0,employed,7758.90317283073,24.752404926369838,0.7845445445937795,2.0,12.0,0.13843822216127744,1
22866.303403523416,63.0,employed,11054.163663955218,10.75034850209975,0.6666185072372566,10.0,6.0,0.4037061657451247,0
19333.610778888844,34.0,employed,8984.152355661628,8.519000186761495,0.6250892279363267,3.0,4.0,0.4093063729282279,1
35184.451158425196,39.0,employed,9793.074884550811,,0.6425945801255664,3.0,10.0,0.35760619226329654,1
54385.55156582809,40.0,employed,24332.45109105868,4.897954981315207,0.6495622285053805,3.0,6.0,,1
16221.54970898196,20.0,employed,6984.741319027365,0.5043423823889597,0.36764155881302835,5.0,7.0,0.5072640980588062,1
8863.783124391233,60.0,unemployed,1840.356501736113,8.950340885225204,0.6203458464407314,6.0,7.0,0.27316268777455854,1
24177.522880246263,48.0,student,14048.060246574976,11.292270080756035,0.6533762806867907,5.0,5.0,0.4564306573407497,0
37081.067435673926,45.0,employed,,6.266881918163678,0.44360535601091217,6.0,4.0,0.2003992470160628,1
36863.95892187749,74.0,student,16752.867159937563,25.418165407962938,0.3509770954528751,7.0,6.0,0.4125594957037767,0
17931.53678093731,28.0,employed,4196.645898556652,6.876478468237506,0.3295331920306494,4.0,4.0,0.3670889863437138,1
,73.0,,24298.166521311225,31.256383678403935,0.5336324684132883,6.0,6.0,0.5564354336606735,1
11782.00721288188,56.0,retired,4683.2014474158195,22.96241000036327,0.5901891012697518,4.0,4.0,0.31037970074908683,0
13166.330636090792,30.0,employed,,2.6268481471893788,0.3882528202405481,6.0,3.0,0.2079860871952556,0
12341.483212669822,56.0,unemployed,1849.7578609690665,26.741201013833777,0.7725589151316383,7.0,6.0,0.14005264467740686,1
14416.02323991025,61.0,retired,3231.877864653463,12.371711788081162,0.782236186239763,2.0,6.0,0.343767416602492,1
17809.280688821087,38.0,student,8608.610246254711,7.631810512389845,0.4207794783486024,3.0,4.0,0.501491503580219,1
,37.0,retired,8038.513936690469,9.691450402240605,0.6426833817051354,4.0,5.0,0.5358293463468495,1
32929.127978249795,65.0,employed,5921.152641133527,35.62581475457107,0.6248851725403656,3.0,5.0,0.13525943956360093,1
23832.238071155494,27.0,employed,6084.056485166508,7.1900055092167,0.4124405871633675,5.0,6.0,0.3892064326983706,1
15780.116100061861,18.0,unemployed,7942.935337279632,0.0,0.5149652969596362,4.0,2.0,0.6145339186352394,0
34085.98638726635,55.0,self_employed,19689.150489264415,23.590775766749818,0.7472127880604161,1.0,5.0,0.35355708101303057,1
69365.34118416725,69.0,self_employed,28330.399889894456,26.347079319788172,0.7079529969848827,2.0,4.0,0.38668016838813585,1
33183.69347107131,46.0,employed,10915.798304390604,16.782539278385922,0.6077440508641403,,5.0,0.40169777494926745,1
22419.27342308075,,employed,9486.847049256623,2.006581536799086,0.709662858914061,2.0,2.0,0.32939571338470774,0
15617.458843421757,48.0,employed,1236.50298817096,10.845530170347288,0.7825750256749118,5.0,3.0,0.06498788817923222,1
36653.179773381176,32.0,self_employed,13757.570637898309,11.07100005337551,0.6035082385188314,5.0,5.0,0.6000951176349276,1
19252.529127231017,65.0,employed,4576.006420779418,37.025143652704195,0.5850645033596004,1.0,,0.27505466727614897,1
20339.686424692656,52.0,self_employed,6297.788013309323,13.388636851121387,0.7221410023576854,2.0,5.0,0.20098245157592226,0
16546.113676782767,37.0,unemployed,7102.4461325512775,6.547953727315777,0.752890138286545,4.0,4.0,0.31002917369165917,1
14930.553598017405,53.0,employed,3079.937764553878,11.819879571165789,0.5508004471560555,7.0,8.0,0.2443108700645586,1
73577.65728745147,56.0,employed,24434.45721286716,18.65490794389575,0.7490488265031257,0.0,7.0,0.39598672682703945,1
,56.0,employed,14673.633026375255,,0.7046477550688409,2.0,6.0,0.3400170243779834,1
24869.656889662554,38.0,retired,25556.70773932512,11.781959590608333,0.3355885173313564,4.0,6.0,0.48660494998273846,0
23811.577942130403,50.0,self_employed,9941.020866402027,7.836540377995557,0.5718773640340803,3.0,3.0,0.504609989226863,1
53219.8192460165,20.0,employed,25627.53336223259,0.5244126669030721,0.7863194216567307,5.0,3.0,0.3085173399836065,1
36262.79390047269,41.0,employed,9710.971553158073,8.42169299411405,0.8324130912442459,4.0,4.0,0.2442545804107318,1
25769.62311607276,39.0,employed,10090.829580545278,13.995784740568196,0.7193695501372617,6.0,5.0,0.30060294942612764,1
40131.319699350795,48.0,employed,17354.75933557933,11.819211702756217,0.5157374147644601,9.0,6.0,0.3166224438769021,1
7827.982490383611,72.0,student,916.1135141142655,26.054463745996795,0.73247555125537,4.0,5.0,0.07505007974604294,0
17635.10177822029,72.0,self_employed,1862.7874320760272,32.074554290697485,0.5407457884317629,3.0,4.0,0.07085291136886733,1
20741.814322590937,45.0,employed,5717.20103373172,18.174346735962178,0.5973964534235949,3.0,5.0,0.30795913621442483,1
,54.0,student,4645.60219770122,13.8335548584525,0.7396102516714568,1.0,3.0,0.1750166800443067,1
36256.38704462605,24.0,employed,10795.858500813967,3.8314898801912003,0.611216913049784,3.0,4.0,0.18310063766337337,1
30679.269724574613,45.0,student,27858.63824644251,10.034291950491589,0.5199972939935256,4.0,6.0,0.6519406062981853,0
22925.499238370616,57.0,employed,5042.543571036448,22.88050927577858,0.7784990216514944,,8.0,0.11748308074256475,1
53244.19694342908,56.0,self_employed,13288.669269112657,17.88006721011897,0.5826796025941611,2.0,6.0,0.3047350873499947,1
17152.814385519694,72.0,student,2004.5840141122428,40.0,0.5810539106469642,3.0,8.0,0.11572287339199051,1
22662.739035484818,44.0,employed,8364.40810749799,20.52065682504959,0.5175936523702112,3.0,5.0,0.5539590493717621,1
48434.324011967285,69.0,self_employed,,33.88816709532294,0.5020967417666764,,3.0,0.47597185131021963,1
24595.508573516094,73.0,retired,9561.93838968461,40.0,0.7552731298011942,5.0,2.0,0.2880865664012615,1
26514.32423024778,50.0,employed,9457.15307449723,,0.43760239281683494,1.0,3.0,0.4808453342778104,1
37086.17522007136,23.0,employed,6294.875442897828,2.9633918726437436,0.721760810845924,0.0,3.0,0.1637035431251048,1
37441.87415268523,39.0,,8495.707224302874,6.699436063812344,0.6578553379669629,6.0,2.0,0.16368142058572543,0
33629.40008001416,61.0,employed,13639.66261390217,15.745787428289168,0.559608291576839,1.0,5.0,0.504798497671051,1
29545.993356968153,51.0,employed,5838.187296957655,16.951900176069437,0.7599101113618081,1.0,6.0,0.2015124889716572,1
18911.504707775006,71.0,employed,1750.8061488575304,34.19519515559917,0.683722565814426,4.0,6.0,0.01584992429941378,1
13194.568985916741,64.0,unemployed,2230.248167556344,29.11323644779519,0.8339025367020356,2.0,6.0,,1
24309.993821106782,21.0,,2811.7087496380445,,0.7784635915074348,2.0,9.0,0.12352759644886357,1
21803.713235542466,67.0,employed,12102.949410764713,26.242680652521667,0.35230273368960086,3.0,5.0,0.6083500326422238,1
11269.192493041264,38.0,unemployed,5884.5761829807525,15.11611184067489,,4.0,8.0,0.49837174482143554,1
52418.41668875152,64.0,employed,34808.08009852734,33.705725240961016,0.5962572718778215,2.0,7.0,0.28296940725840564,0
13946.510733709314,,unemployed,5861.052281518502,19.86416582327224,0.6987332192469541,4.0,6.0,,0
27845.56246904047,43.0,employed,16247.68326689743,8.442801617065241,,9.0,2.0,0.17611457333918557,0
19103.98110491179,,retired,3214.7726821941424,2.0754751836492717,0.756677208110635,1.0,3.0,0.24290188329638418,1
54897.15534242058,24.0,self_employed,22852.510186015617,3.850451749356878,0.7514792484354327,2.0,7.0,0.25725949241432283,1
10955.885892686436,51.0,employed,3763.636090225016,25.926829655322887,0.858703988313596,3.0,9.0,0.18685752542276005,1
27052.51657220401,50.0,student,18809.74713460297,6.623627655752518,0.3000963570410528,2.0,6.0,0.7974067078248545,0
14228.355412288134,49.0,employed,3395.296013526847,12.284330331378838,0.34387267025077495,3.0,7.0,0.279701052938731,0
17895.34757148925,26.0,employed,6026.808470095928,3.2432812124120733,0.7941596179211112,3.0,3.0,0.26272909408933864,1
28081.522713785325,47.0,employed,7618.404694209825,10.82050151420431,0.7131866424241756,2.0,4.0,0.3175897480294784,1
118228.23748907777,21.0,self_employed,15455.913176840642,2.071363739573302,0.6442344171268791,7.0,5.0,0.18137303261340573,1
84011.55937854093,26.0,employed,20171.365889476278,1.8163428958883396,0.6391260736960062,3.0,,0.4303669479549617,1
51701.59328423613,46.0,employed,8268.328949018722,11.638503800142185,0.7325477614606857,3.0,8.0,0.27504829321188845,0
43402.45082636783,53.0,employed,10335.160072520792,21.94537677379674,0.32559345149098684,4.0,5.0,0.21183471901240003,1
14312.112933649709,55.0,employed,5939.780196939095,16.429621764175035,0.7813007447550719,3.0,3.0,0.34765040600212266,1
39276.39893429532,73.0,employed,3436.1541394081273,15.754098261844229,0.9035042671547376,2.0,5.0,0.0913144647320688,1
27594.982472942327,66.0,,13623.299608549185,27.192551215461723,0.6135038453380881,3.0,7.0,0.45850988861116726,1
24140.961721442636,39.0,employed,14795.952716479153,10.784888978559598,0.4404499144542192,3.0,7.0,0.5859154399429782,0
39238.023582302325,62.0,employed,17953.977892764076,34.72054527345894,0.6334409431859305,6.0,2.0,0.4440917171100959,0
31563.45285669202,23.0,self_employed,9532.311932510811,3.245578657363628,0.7267477944536239,5.0,1.0,0.2350606219309901,1
56086.46366402108,,employed,19256.36399800965,38.00186844995571,0.6881032406174069,5.0,3.0,0.3354812270701097,0
15173.91017170285,40.0,self_employed,6141.2132313982875,6.859854862731222,0.5204602767324699,9.0,6.0,0.2547967191903954,1
37703.405886518405,61.0,employed,7908.945068257078,28.249151239369887,0.8127245894066096,0.0,4.0,0.1482822630521737,1
23399.066052032635,73.0,employed,9138.910800540254,29.20406125009725,0.43918489869450816,3.0,5.0,0.6948627617551957,0
29589.714166356862,58.0,employed,32410.243663472338,25.100227980829224,0.6022327633922704,3.0,5.0,0.6565516823826549,0
42290.307841579255,70.0,employed,13353.070868134348,24.98760563024615,0.553369337719056,4.0,6.0,0.48994899537724984,1
20771.68559179479,18.0,employed,7510.257338380155,0.0,,6.0,6.0,0.3920223955481201,0
13798.20713784138,27.0,unemployed,16037.123097632842,2.0469779827116725,,1.0,5.0,0.532179945064284,0
32657.535271250625,53.0,employed,6102.582789852566,24.604053403860597,0.605352071914124,3.0,3.0,,1
26100.41692736013,48.0,employed,5784.139102330656,20.66655027455987,0.8195729603861642,3.0,1.0,0.30692817138390055,1
28701.760949605155,24.0,employed,8383.989600161674,1.785143041630811,0.8148635239370434,3.0,7.0,0.26203568228772817,1
33614.87829722709,58.0,employed,19466.022881418794,23.484341589052175,0.5545550627659126,2.0,3.0,0.5404157159262385,1
24737.65223028325,21.0,employed,7791.8150125146585,1.9279206609578907,0.8150475755493178,5.0,8.0,0.30445515429820136,1
36444.55114054954,74.0,employed,6240.7896355111025,29.936199844808005,0.767129872637294,5.0,5.0,0.19309221152969788,1
31599.977551113847,26.0,employed,5124.932001241264,3.122698734861306,0.7773675147421462,3.0,9.0,0.2547848806308752,1
26751.845255699638,43.0,employed,9734.006956436939,18.214188532786913,0.2914407161563508,8.0,3.0,0.6212203515922223,0
28144.2680862586,64.0,unemployed,4121.745204715823,26.93136159614349,0.873562657581157,4.0,3.0,0.17797013245598764,1
22347.568020504594,47.0,student,5739.075700440164,18.331784709041,0.5699748009128448,3.0,5.0,0.14152795039104535,1
29990.738121327864,60.0,employed,2398.60767712229,24.833286143458768,0.5771699092542,3.0,6.0,0.09066657850537305,1
42969.26601196386,58.0,self_employed,,,0.4483579428058068,2.0,3.0,0.5474285353111071,1
7606.571373732252,72.0,unemployed,1684.4830689466016,15.50017549587599,0.8380778004903344,1.0,6.0,0.10718233333527015,0
29190.955484976497,44.0,employed,12514.783732841877,19.59247261365649,0.6799739639877392,2.0,4.0,0.3642435493075893,1
10830.691087458974,73.0,unemployed,7336.34143011476,,0.5171909378650573,6.0,5.0,0.45234675119405515,0
21416.42060685743,47.0,self_employed,4490.0232279185675,,0.854116867821132,2.0,4.0,0.25926430533116124,1
22038.139465490003,68.0,student,6094.221038749129,36.801526122907426,0.6815979102700279,5.0,6.0,0.21494287740306176,1
19742.29770720263,59.0,retired,5462.808295716132,24.220100723837017,0.8125203352858822,2.0,5.0,0.16869941019142312,1
30402.090949918147,25.0,employed,13388.088240381483,3.91286320077273,0.7429821200003539,5.0,4.0,0.33347170708826146,1
27327.26143935378,54.0,employed,11419.215080554819,9.555441361306151,0.6696941998967907,2.0,6.0,0.32004396963021897,1
159459.5071521687,68.0,employed,,23.086636782388855,0.7015520013322811,4.0,5.0,0.3801957281182025,0
26073.960802731555,25.0,employed,9537.775394919263,3.968906415522196,0.7652177140615539,4.0,1.0,0.29953834909738364,1
12908.761205722487,65.0,employed,1077.338113753731,11.708713484014194,0.7097251341931053,2.0,6.0,0.025450258107045157,0
11422.713570128748,24.0,retired,3627.143339193202,1.6012632413191583,0.6668351751093581,4.0,4.0,0.3558654762512962,1
53085.08652331439,67.0,employed,22100.850395917598,39.00834890015195,0.6168517266614697,2.0,4.0,0.5806256479459478,1
70843.34754854103,62.0,employed,9527.772241970377,17.570981585412497,0.8341732526232308,3.0,3.0,0.0810930226953005,1
9038.778113500442,26.0,unemployed,2369.620401627847,3.2787159389975873,0.490673711366735,4.0,3.0,0.40047447748841525,0
68835.49694373333,59.0,employed,10677.399228379678,14.387617104757345,0.743021984446133,,2.0,0.16298722447616631,1
52617.024177255305,24.0,employed,28577.940367603733,3.5256711701793972,0.6564616551181366,4.0,5.0,0.4257098357689907,1
267543.5412131602,50.0,retired,28541.48994616416,15.483057026690501,0.8105725656252734,,6.0,0.7341856513851437,1
31881.362108811325,70.0,employed,5377.081332546887,35.06144587005333,0.8741061468964701,0.0,3.0,0.1155903186649069,1
39752.782324103246,29.0,employed,16392.397968510424,5.5824658902481925,0.5200539497925186,0.0,4.0,0.5429453310101395,1
56315.659035495,,employed,21834.5337684176,1.8832462935320649,0.6339260707854999,6.0,1.0,0.6526223789230228,1
22147.947382941693,42.0,student,4628.5819261789375,11.750698420705858,0.45476223892086043,5.0,3.0,0.28066380224070947,1
25889.579973239903,39.0,employed,20090.9804543056,4.8953598614941605,0.5414381610160109,3.0,4.0,0.5560425654771333,0
33286.14344100606,20.0,employed,11068.129452011526,1.392143656577713,0.7612855089648294,4.0,6.0,0.3257842783479602,1
97795.29313013013,,employed,47782.056551338006,6.70487127477051,0.5228069620110642,,11.0,0.5704209014453159,1
41175.83765634328,32.0,employed,16198.983722275678,4.622413725712853,0.5958773870742614,5.0,4.0,,1
28043.5947265909,25.0,student,9225.342376223525,3.3318540197382815,0.5323266326686646,4.0,2.0,0.2610960712671445,1
47569.281898132744,33.0,employed,3944.3860105561157,4.756656498603731,0.8399212427478342,0.0,9.0,0.08595938720623095,1
,19.0,retired,6257.573403553522,0.523531976118219,0.8440645552825502,2.0,5.0,0.25569633721474033,1
38343.85081023058,70.0,employed,9829.384155795917,24.773790842737206,0.6928034443218081,6.0,5.0,0.19308570289710347,1
56879.78659718405,74.0,employed,34351.2529055222,40.0,0.5765635128726854,5.0,4.0,0.6316412665632339,1
26008.376471428634,,student,16652.251393441882,5.060482759895364,0.5867122593138752,4.0,4.0,0.4809221194183389,0
41437.71514727228,67.0,employed,20641.031902713166,26.755922219095385,0.46705159238956717,5.0,5.0,0.4158286309033005,1
25671.038715488332,44.0,employed,7574.442023551897,16.438233910446147,0.6464407148230074,2.0,4.0,0.4207526987484399,1
22018.36643946246,70.0,student,3985.163805976598,14.381962682542717,0.5001031087215344,,5.0,0.665090737945289,1
35118.94585449439,27.0,employed,7300.410783885465,5.236895489889969,0.7206528097024288,0.0,6.0,0.1794160121826946,1
31128.281076621148,34.0,employed,5362.547733055977,11.496694920030333,,5.0,4.0,0.24796456657275084,1
97023.94120175776,60.0,retired,28578.018432741886,28.246402214389537,0.8460146569074887,2.0,4.0,0.2457526244663036,1
16822.53013053108,30.0,,4275.196909814795,9.13322897108922,0.8847881166324949,0.0,3.0,0.11956053253710774,1
58644.93141900163,64.0,employed,8598.160550590255,29.088165230050084,0.7911179269040015,4.0,3.0,0.20028161042900042,1
23592.03721353046,42.0,employed,7949.354208151838,10.473410347281373,0.8283046265556566,2.0,10.0,0.2734022608478076,1
38777.58857461164,41.0,employed,12933.134857600919,17.30222910735319,0.5661703356886542,3.0,5.0,0.24493541503633542,1
131175.80948213462,43.0,employed,9870.507773110943,8.380351514222012,0.8378092749703406,5.0,9.0,,1
24689.311159919584,63.0,self_employed,10457.759446596636,24.759961520175384,0.4905834284596801,7.0,6.0,0.4095633815818177,0
25287.454257744772,,employed,3031.862000688439,0.0,0.5711435616304069,3.0,4.0,0.2474822009562611,1
39598.769012977085,60.0,self_employed,14618.648939210245,30.381485408286075,0.5210677841410016,2.0,7.0,0.3884965380777733,1
23775.038842930808,62.0,employed,7847.1318216101645,32.996712260879235,0.7897155273495595,4.0,3.0,0.3513268130154542,1
56501.822625359724,64.0,employed,6524.273068405337,11.545327925713224,0.6956546644438699,2.0,5.0,0.037458035208192325,1
27798.442751268714,74.0,employed,16918.34516872927,35.59558809366096,0.3706278818159649,5.0,3.0,0.48116654832940486,1
55398.89905469594,62.0,self_employed,15436.08600697951,14.188353346842808,0.7117888174462296,,3.0,0.3539087962931969,1
18683.675134362627,48.0,employed,2355.1883866043536,20.024149946763306,,0.0,6.0,0.2438877301841595,1
14714.434782032526,44.0,employed,2692.8765429069817,16.1307598181643,0.3968581867868848,4.0,7.0,0.33742735613269526,1
16193.421037886374,40.0,student,7218.588844671519,6.793851133524096,0.679560883972281,3.0,6.0,0.27782536245069167,1
16576.579107958743,65.0,employed,6072.67233119576,32.885810862230706,0.6264292362298436,3.0,4.0,0.4079823602975137,0
77585.39319131325,40.0,employed,8416.165444255053,10.495612213045014,0.856280814142377,1.0,3.0,0.16247671625660873,1
8450.248043599786,50.0,student,2018.4144187145791,16.842038116500042,0.5463614535045037,1.0,6.0,0.4117966401789082,1
21615.299565720856,23.0,employed,9378.019734820957,3.9142112606304003,0.6695615794259677,3.0,3.0,0.437739068175776,1
44658.9468109639,36.0,employed,21011.164457166804,10.69155634520843,0.6353723596039574,3.0,5.0,0.5012225290212151,1
27087.239395785353,,employed,18541.723894555103,8.297068305222997,0.601587727138961,3.0,5.0,0.41678560384365354,0
16997.23588921268,42.0,employed,,5.041383922038254,0.9097702190443281,1.0,4.0,0.131432492730515,1
100708.1571642293,46.0,employed,68128.59145925216,8.946809229578186,0.3980051861866368,3.0,3.0,0.6762121058250871,1
24209.327656295925,58.0,self_employed,2037.9527857712615,8.637570105198506,0.9104467781255091,1.0,3.0,0.0442807195471098,1
32921.16675356246,42.0,employed,9674.245870513405,9.599698930312552,0.4237097272715067,6.0,2.0,0.21328573621401745,1
11448.129296869367,26.0,unemployed,13831.626587438423,3.2536400945311548,0.46960255577855936,6.0,4.0,0.7531703089120354,0
,,student,14563.451751893359,16.0641393092883,0.6721386094945205,1.0,5.0,,1
50336.53377996139,21.0,self_employed,34569.487130757276,1.8415832045865312,0.49032525427881735,6.0,6.0,0.3681430906893027,0
26420.87406368559,66.0,self_employed,5070.090173069435,14.765140950613821,0.5931420209313599,4.0,6.0,0.13599594796811684,1
33941.59631361261,61.0,self_employed,9734.27681012333,24.12268405689136,0.655512193697769,4.0,4.0,0.5620465816821083,1
22694.18127902133,30.0,retired,4603.875609157207,9.00222917660813,0.753895091528815,6.0,7.0,0.2758555677524564,1
52811.26235355156,33.0,employed,32666.433473608122,4.665070705432871,0.59827187512069,3.0,6.0,0.5176128794045907,1
20248.561694311287,19.0,employed,8151.409956924808,0.5954528181592185,0.7029473659498366,7.0,5.0,0.4850498423282724,1
99613.72929276356,38.0,employed,36748.249151786185,4.547069695022889,0.43673762555081885,,4.0,0.3983360943166008,1
24844.913098152156,20.0,employed,11321.726807662792,1.0373771611493492,0.5259478453781989,3.0,5.0,0.6938592348017891,1
36156.980300193456,71.0,employed,24599.479341821785,34.1809483759638,0.5442318999061497,1.0,7.0,0.4504631866410999,1
22366.407788895285,25.0,self_employed,12642.99566155488,1.5429754809986007,0.5465761627248298,4.0,3.0,0.3509117798973081,1
18975.813891558013,55.0,employed,5594.953820858545,14.807371683364265,0.20002953336088491,7.0,5.0,0.3368134265294883,1
11726.876403233302,50.0,student,5361.771527040326,23.2567741195262,0.46232361699841784,5.0,4.0,0.5546045578517957,0
22353.50455640412,31.0,employed,13570.203716212658,4.358742407240301,0.33604038890188437,3.0,6.0,0.4231042199275053,1
29521.42317013001,64.0,employed,14015.712797541237,29.151337701321225,0.7497456318129506,3.0,5.0,0.34900898725513047,1
22259.351370604403,24.0,employed,4580.307658422781,3.4040577861389814,0.5280596056807404,5.0,2.0,0.3926994706572154,0
51419.67758872666,68.0,employed,15609.833536343232,14.910629978784847,,1.0,7.0,0.23665391112534126,1
24551.00458490372,60.0,employed,11768.612399489813,27.09102935234215,0.4139284623594452,6.0,7.0,0.4412360309343947,0
23227.501225449843,54.0,employed,7303.86352594812,18.692949449495472,0.6472623685574181,3.0,3.0,0.30570156257809894,0
29837.32984600326,68.0,employed,7499.7238232049585,13.360774021788496,0.560289972640198,4.0,6.0,0.3646627311681199,1
59660.142067298584,40.0,employed,16332.274662785156,16.931702523101563,0.7406127625336127,4.0,1.0,0.39919938775892183,1
40434.476826050435,34.0,employed,5025.150358008525,7.922835479777929,0.7199802055962247,3.0,6.0,0.39700585286300316,1
34549.73762347477,26.0,employed,9813.847939791283,5.176388007054415,0.36081500775411113,6.0,3.0,0.38426829605758545,0
17738.23245941917,70.0,employed,4285.573986631481,17.192248284402947,0.631496286379116,5.0,2.0,0.539450516951178,0
20509.54712372526,40.0,employed,5695.198822378504,6.210818364137449,,2.0,5.0,0.3569496088414609,1
19164.11942998274,65.0,employed,5627.7900736297315,30.304851086863714,0.7221057413655048,4.0,7.0,0.2563815384950928,1
69802.53539742896,36.0,employed,13730.599065176226,10.877301128430528,0.40956949341126997,5.0,6.0,0.3075141331618866,1
47348.08060966167,72.0,employed,18599.4726388953,19.681089081606117,0.7388059575513508,1.0,,0.24557176805026712,1
8261.550997968792,67.0,unemployed,5343.3682693407845,31.74073300416204,0.6890793018239412,5.0,7.0,0.3452134230389822,0
19170.716935150656,35.0,retired,5032.884022412309,8.550921062388728,0.6996902274617836,2.0,7.0,0.23954822093676487,1
12018.563975038427,45.0,student,7369.195016022695,11.047275557687982,0.6945540794835688,1.0,,0.5569069404617735,1
23320.06416145874,63.0,employed,1177.9616486911302,30.246079071950835,0.6158308527303153,6.0,3.0,0.048755931692243876,1
45713.57211471227,30.0,employed,7240.061520543435,6.840835782303898,0.8009361361883431,1.0,4.0,0.12316445081224785,1
31452.441478984307,19.0,employed,6235.283635870898,0.504361019583198,0.6967000867535897,8.0,3.0,0.34272838019438234,1
35981.55581407274,34.0,unemployed,4648.86052259064,10.621828128809248,0.6675872645024838,0.0,2.0,0.23277817852962235,0
23750.474489294287,51.0,unemployed,4959.169412571854,17.38760152415899,0.6792261338692431,6.0,5.0,0.34402477179401914,0
,25.0,unemployed,6535.563234896298,5.341844618321073,0.7162413942133932,2.0,7.0,0.2899891064288008,1
25400.68209840869,37.0,student,4320.307474823186,13.125834897777242,0.6119418809456831,4.0,6.0,0.15315742830620727,1
29397.663128615695,70.0,employed,7453.79019188439,21.575452269494146,0.6695671770561682,1.0,7.0,0.26261742222710416,1
17138.33965345367,22.0,unemployed,2687.1487832433504,1.9158062013110206,0.5512259931339257,4.0,4.0,,1
10676.085597442643,20.0,unemployed,2307.41572574222,1.548799682434466,0.5470942773208237,7.0,6.0,0.19780851868321392,0
82054.4249811257,42.0,employed,16465.383652729743,17.690943285032404,0.7762832528576327,2.0,7.0,0.25744815531066034,1
22225.432293409343,18.0,student,9445.55679104178,0.0,0.4874460373658987,6.0,8.0,0.4453371202012487,1
41405.96283617941,19.0,employed,7642.9041371986,0.36458229969400935,0.8330401223436139,1.0,3.0,0.18809606696580145,1
27088.41398644277,28.0,retired,4471.947885848489,4.186523116171833,0.6557774290639211,6.0,4.0,0.32532190469725575,0
30342.69541243521,23.0,unemployed,6203.732496897173,3.639547108431712,0.6576410520470093,3.0,3.0,0.26167071672830694,1
17731.97583514235,64.0,employed,8480.226164692704,34.796717808309296,0.3497270528220623,6.0,6.0,0.4316184280131095,1
100152.97976168159,24.0,self_employed,48127.14766101905,4.0884248668893575,0.6464422427718455,4.0,5.0,0.38537395332113067,1
33087.905315674514,47.0,employed,7996.4174218688995,10.597326961448562,0.6825044529111626,3.0,7.0,0.40242202770045865,1
6292.434939561328,58.0,unemployed,1656.1748637508515,29.289555359245565,0.748278255168966,2.0,2.0,0.36738161005745484,1
8726.092984718605,53.0,,3039.4322048207855,7.690503644754669,0.6176292335155487,6.0,5.0,0.44667526055707985,0
17499.13182082725,55.0,self_employed,10645.451430044996,16.786237275769505,0.3118714494595323,5.0,3.0,0.4421408537159831,1
25176.87496903381,38.0,student,,8.531543587980853,0.7166895860637337,5.0,5.0,0.4253222256542799,1
21608.74828404369,,,6877.336909452475,26.057188177137213,0.3603930339695303,3.0,3.0,0.5601683355958978,1
39510.977872626056,21.0,employed,12498.355139879743,1.6091530030226922,0.5398919831754397,3.0,5.0,0.27034687903623084,1
64030.096849935166,24.0,employed,43952.72814941289,2.0114561526364523,0.47149676880646013,4.0,2.0,0.48787501130479927,0
25951.677647066117,66.0,employed,14126.081417505975,15.49120424022978,0.5505797002151962,3.0,6.0,0.5682723526067898,1
31759.531166365425,21.0,employed,5064.622784018771,2.0464198652258796,0.8510172568371274,2.0,5.0,0.19894890540254914,1
18926.46895374225,28.0,employed,10639.983824428931,2.4571807870390616,0.4129078372739268,5.0,4.0,0.4597222778692701,0
29906.210460645136,27.0,employed,4605.602323720592,4.463744636855045,0.8345806478873763,2.0,3.0,0.1179330965771179,1
131532.8372870998,19.0,employed,28624.02766285797,0.3149878439586074,0.6110133173289302,2.0,2.0,0.23436431585345274,0
26790.949426471147,24.0,student,14978.653239183228,2.35044201043552,0.5073562867543046,3.0,4.0,0.4487569591017297,0
31813.143168095405,50.0,employed,9450.75254187751,11.724052848102557,0.8099431483083888,3.0,5.0,0.30934630787720147,1
13373.210940363537,55.0,student,6299.566935106156,23.12919341602793,0.5058953839309326,3.0,4.0,0.5099274412037923,0
35549.56867234774,22.0,employed,21445.198476055033,1.8944494479069187,0.6589550412141453,0.0,4.0,0.49552401134080565,1
38755.399852171424,71.0,employed,8525.150849073027,20.1222503353861,0.7058201341653924,5.0,8.0,0.26516427562960043,1
29450.469947630114,23.0,employed,8218.333502232173,3.4940559939406155,0.6498607802689561,1.0,3.0,0.46033877211231783,1
47336.15211585483,57.0,employed,29539.678257702155,9.807606306204768,0.6525889589891327,7.0,5.0,0.6336193592696083,0
22545.172788126038,63.0,employed,10061.473583579067,29.69173742778829,0.5935005780726009,5.0,5.0,0.2610009872589059,1
22489.552848246043,47.0,employed,3031.956352654875,10.120641987465183,0.6650830551545732,5.0,4.0,0.31108196085531126,1
43699.752983888226,46.0,employed,16598.36548634902,21.022722940129952,,5.0,7.0,0.3047979679370198,1
20245.323816334596,24.0,employed,8771.486813819476,1.220012707330376,0.6135225032255955,6.0,3.0,,1
52287.29140888926,31.0,employed,26396.36641498365,6.941974031402848,0.6429827795491164,3.0,6.0,0.6982618556583557,1
36057.12242023595,66.0,employed,10077.00478724035,27.521231539994705,0.47102372119154146,5.0,6.0,0.37552071501433315,0
5096.061503438229,37.0,unemployed,3765.088979991163,10.381223792174666,0.4135425146670497,4.0,5.0,0.6107835276572273,1
38359.19574435082,19.0,employed,16564.57325609886,0.6890091753194076,0.45626828947173326,6.0,2.0,0.36297725317751617,0
10946.24488733988,59.0,retired,1998.829945478892,,0.7895512258495987,5.0,7.0,0.2656430686717358,0
17977.187649988133,56.0,,3412.3226373319026,17.074676897870923,0.8600450961292022,2.0,5.0,0.15077257671947034,1
22448.24892935619,21.0,retired,15445.38090118235,2.1547261914359526,0.6264125422384306,5.0,6.0,0.46952377600288,1
32071.401203145546,20.0,unemployed,18008.48018780873,1.4664823462347893,0.6835489439395614,1.0,6.0,0.48736939251675554,1
742523.2841869928,24.0,employed,122848.0231979079,2.994039851659556,0.5980636681361036,26.0,2.0,1.0,1
21368.085303241085,20.0,,9197.022405924752,1.0695602726440958,0.6899327929321193,4.0,3.0,0.36663844379794996,1
13221.903217770441,,employed,4055.2542676038083,,0.44946773903386006,2.0,6.0,0.5307655647503724,0
8713.486241437395,25.0,unemployed,2208.884263476826,4.674363656054295,0.8218453417870567,6.0,5.0,0.2310903182976546,0
19719.64643201354,52.0,employed,3381.7698802278137,24.916858509919564,0.8634815117641863,5.0,3.0,0.21598626667976706,1
90478.63671631097,28.0,,19928.49503085782,7.063144395098259,0.7238872212344571,6.0,3.0,0.17664317271072413,1
18064.34689373868,73.0,student,2606.677400991385,24.675969324521716,,4.0,5.0,0.16552160029408128,0
57913.70878355035,59.0,employed,15498.239802796445,24.183931831202752,0.43207719156758295,2.0,5.0,0.4199615720742995,1
31491.865196274168,39.0,employed,4043.083907245829,10.28876424905785,0.7267145879266219,4.0,6.0,0.08123328419559475,1
36514.927759153004,42.0,self_employed,11848.31636513719,6.498645116449897,0.774398175616465,1.0,5.0,0.3270442973204725,1
35727.8754761898,21.0,employed,22182.11393665816,2.079025656009113,0.6578627397410823,6.0,4.0,0.5196270455489628,0
63150.096715409614,21.0,employed,20708.62162873272,1.6831743534609123,0.6193431036326211,1.0,3.0,0.43100212381962544,0
14853.491780709122,48.0,unemployed,3383.8534015291384,7.044093668506426,0.7241858974546568,4.0,2.0,0.4212455941600568,1
21403.999546887422,19.0,employed,5191.502801119843,0.6061209674053836,0.6346595024015844,2.0,8.0,0.17680236525450488,1
81736.59248777137,54.0,employed,63575.251388672616,13.314982375377399,0.6129864140269491,4.0,5.0,0.5234337250325638,1
31369.527863787865,39.0,employed,5001.406821914405,5.072741629830177,0.8026944593763777,2.0,5.0,0.18146288800936514,1
31810.449577813564,25.0,self_employed,9264.37315169245,3.9476734416713084,0.7028964881061929,3.0,4.0,0.2445870491471598,0
8824.148138044939,48.0,employed,2956.82616062286,19.179755774326388,0.7195215848524454,2.0,4.0,0.40463641825657193,1
,49.0,student,,15.821487874379752,0.8906750740451213,2.0,4.0,0.06950349189214908,1
19098.38660015958,60.0,student,3829.7393484544245,8.54233649396633,0.8181081718957834,6.0,3.0,0.2388168364659604,0
38176.01921792951,29.0,employed,2202.3927963360156,6.007426063821184,0.8337336701636254,4.0,2.0,0.010785858012483702,1
29690.656057878998,49.0,employed,4698.447393219104,6.322928800914055,0.5579808235195639,6.0,6.0,0.33892339905400487,1
27238.61950279747,66.0,employed,22574.061620089553,36.280559077357,0.47496677678748783,3.0,5.0,0.5348387327075795,0
33207.13250733119,33.0,self_employed,14978.358910815221,5.405746419525469,0.5800748973707868,3.0,6.0,0.6172785371786205,1
45778.98562061153,65.0,employed,14057.762353591408,33.96238621861608,0.5375755035840382,2.0,5.0,0.18116234283312302,1
49989.03130861753,59.0,employed,10451.403927922425,8.497888499975016,,2.0,6.0,0.2679233052051183,1
32353.71741890877,42.0,employed,7148.698767765456,6.199917751087252,0.7910289061731197,4.0,5.0,,1
40855.3804190524,68.0,retired,9102.444288483433,23.54224913807971,0.8274441340857176,3.0,4.0,0.3035895513469429,1
34909.452245178276,73.0,employed,8860.018835709956,36.03404350873809,0.542724666008625,3.0,3.0,0.3775167921144318,0
14111.419051000215,31.0,student,2724.8267102026944,9.951981263904969,0.8237662816740713,3.0,6.0,0.20494104886157957,0
40103.05470011991,73.0,employed,13023.76978887321,28.196128900558183,0.557068916604918,4.0,2.0,0.36360798883718254,0
9201.847979409633,18.0,student,772.0880146541186,0.0,0.7485521532024895,3.0,2.0,0.05666750287032723,0
40796.809325979084,25.0,employed,14206.32803551453,1.5871290676521603,0.3559691340009275,,2.0,0.6789775042964207,0
16796.216761046828,20.0,employed,3650.021069633269,1.100451366086454,0.7294853289194556,2.0,4.0,0.18346618065477036,1
10861.604639664874,38.0,student,1234.1664946332298,8.560525173982406,0.716893064473622,,6.0,0.21922574313955165,1
6617.726203121883,71.0,student,3546.402956243959,39.5104448126663,0.4661844226828799,7.0,7.0,0.6914620355041231,0
33271.003260389356,52.0,employed,4602.835318146024,16.593208145936018,0.5608053537624671,1.0,2.0,0.2381798860904295,1
81211.8824597172,53.0,employed,24000.551159470124,23.074386645725298,0.5294329104597504,3.0,8.0,0.20706453350326348,0
34250.67903931644,22.0,employed,22392.133836573317,2.83570526771575,0.7392682673342007,6.0,2.0,0.4684457002439327,1
50100.82177918437,47.0,employed,27199.408854131536,7.5100304431929255,0.6493313343787116,9.0,6.0,0.4891415307184605,1
117730.91860179236,39.0,employed,34173.19589159982,9.754663477728686,0.6581985281888967,2.0,2.0,0.36614276161038933,1
,45.0,student,6046.246307632493,19.878222382399457,0.5433407878438856,1.0,3.0,0.3783702938159539,1
24770.13512623197,32.0,employed,5387.906047398111,6.36542450588541,0.7475365183790174,1.0,7.0,0.2346415103186513,1
29188.377506924775,29.0,self_employed,8200.836577772496,5.930018227984744,0.716107809617125,2.0,4.0,0.29550852274065587,0
36327.456222361034,72.0,employed,12691.880572337763,39.088567892482665,0.8179002582217152,1.0,3.0,,1
26464.31967503926,49.0,employed,14117.81722540275,10.526240712430146,0.6503544276580222,5.0,4.0,0.5176522009054276,1
30220.224960659238,41.0,self_employed,6397.125000028812,16.9452269469638,0.6989660583266677,1.0,3.0,0.4775405018937032,1
59434.310392475454,22.0,employed,9482.150136564915,1.752868210855077,0.6690354105431021,3.0,1.0,0.09567271122389662,1
66728.55960130322,61.0,self_employed,16915.38186226461,23.900259879403883,0.7685097217199826,2.0,8.0,0.21436383849330112,1
15939.470906486755,44.0,employed,3229.1096927979042,10.31741592022731,0.6680981138697123,7.0,11.0,0.27043461843810923,1
12061.430282724834,40.0,student,4146.097919229701,11.357971509626587,0.7044801062461752,1.0,5.0,0.540357342745667,0
31675.79128807243,56.0,self_employed,13748.152515524487,8.723716308913058,0.7130565187744327,6.0,5.0,0.4684568337258542,0
24499.237963602893,25.0,student,9788.490427114008,1.6740918960028062,0.7283614671121474,0.0,5.0,0.40642230121865,1
64314.33304018717,48.0,employed,11004.626441695573,13.46500971487654,0.8193862105877661,1.0,2.0,0.25204861216354507,1
140222.25340622693,67.0,employed,60725.23325960325,19.64758654894721,0.5989096227878034,3.0,2.0,0.4679022277750562,0
28772.154818849074,44.0,employed,9627.993766655025,14.806352240291691,0.5475875827730503,8.0,5.0,0.32962789655256197,0
29499.707966227164,18.0,employed,12320.751722605097,0.0,0.7363179162979516,,6.0,0.32413719999038165,0
48741.44665584575,31.0,employed,17097.45510856906,3.9078156239477524,0.6884324615370669,2.0,5.0,0.3933463887896377,1
25819.66372565822,21.0,employed,2986.8076006515357,0.9772654094264259,0.7253764157327289,3.0,4.0,0.2315561954502966,1
33844.06969198684,46.0,employed,10071.950153142447,13.000261711300649,0.5275788509606976,3.0,8.0,0.2780888858462821,1
29509.896056261427,38.0,employed,4655.055588599013,6.962017148547433,0.7315885824371859,2.0,5.0,0.29383165695800506,1
9790.551227011501,25.0,,1995.057209957644,1.9781832803924688,0.40389164681098694,6.0,4.0,0.2804685690082894,1
38623.51686230069,57.0,employed,10529.513489700057,21.783223966509052,0.7411380371207245,1.0,5.0,0.4842485583207605,1
33150.71355263134,28.0,employed,8017.066508736183,6.463231866819332,0.8028898062741652,0.0,6.0,0.1918098978364468,1
75427.38655305452,37.0,self_employed,22571.807886604085,11.612055961488327,0.43048921557741404,6.0,5.0,0.4845765832512921,1
36415.333093758425,74.0,employed,33404.61063026028,20.479651199644714,0.5190431177997419,4.0,2.0,0.745723995266189,0
19392.20113436042,21.0,employed,3632.8189464341594,2.1380007054605357,0.7353722454668359,3.0,2.0,0.2886839307381237,1
31918.80340376123,32.0,employed,2634.5463203100935,7.939306307190179,,2.0,2.0,0.14625365602974164,1
4467.733240411506,36.0,unemployed,861.8610561783619,10.238400370880179,0.8067876738674209,2.0,4.0,0.2098608461953499,1
19821.86860899081,46.0,,4401.5552797671835,9.175853988836483,0.6355940935952499,5.0,4.0,0.3792915006515693,1
,31.0,employed,19585.57012235346,4.489260521221998,0.6893988510345574,6.0,5.0,0.24697927506762118,1
22463.67493162388,73.0,retired,3560.0614943253536,26.66675717545746,0.7516921052220761,5.0,6.0,0.18879255891086805,1
57598.633344760194,18.0,employed,15122.93076562816,0.0,0.7665503920667287,0.0,2.0,0.15662463868712184,1
6791.361351166707,72.0,student,3639.781911940741,33.0937186621262,0.23659518396051138,4.0,3.0,0.683137335509189,0
11259.271221726605,48.0,unemployed,4565.260186963708,11.55398122060365,0.6806152800707777,1.0,3.0,0.38492933965519455,0
28630.95490412451,20.0,employed,11766.137194842559,0.5822993847536191,0.49497624352363884,3.0,1.0,0.5557617983402464,1
58566.860276645515,24.0,employed,71724.66265554409,1.745809873584501,0.513108305055556,5.0,6.0,0.6036816806115727,0
55920.79334154608,23.0,self_employed,6707.337332985369,1.3816833361334822,0.675551556836124,2.0,1.0,0.16163757743023746,1
35047.2044759148,34.0,retired,1730.457783832877,7.421600758077195,0.8251952460230894,3.0,3.0,0.11712314385951768,1
78488.31341881509,36.0,,32640.047437994082,3.632832392554323,0.5990847220524338,4.0,8.0,0.4120751507343897,1
30210.851057172433,54.0,employed,5885.483146697974,18.915241427334667,0.6182025090860541,5.0,7.0,0.2860966509156776,1
70794.77076129669,35.0,employed,18304.739135861622,6.442689813779414,0.7933380168258878,4.0,4.0,0.23839717411130093,1
21544.954206370807,59.0,employed,4206.475644642208,21.790979241621283,0.8619919731821812,1.0,5.0,0.1875450787950998,1
7403.728477532157,34.0,unemployed,2166.7814524314394,12.180083969039202,0.7218810448495279,0.0,5.0,0.37779679673294664,1
52911.357151021264,33.0,employed,6302.932265740668,10.821428491651355,0.6990128663730861,5.0,3.0,0.10919640244982413,1
18824.976618081208,33.0,self_employed,,8.1878685594461,0.572296703742137,3.0,4.0,0.36604423364758004,0
24178.90006426303,36.0,student,5029.074174469553,8.115159376498232,0.6271112173515077,2.0,6.0,0.23253620496925137,0
42022.76510219114,65.0,self_employed,15501.723072861287,29.09382732452669,0.6592133840753395,5.0,8.0,0.4239354730286246,0
68270.73962203223,32.0,self_employed,22286.041279424964,10.55437039404598,0.5754439858958069,4.0,6.0,0.4232107028910025,1
12338.205839708498,33.0,unemployed,5167.620470882224,7.405923611455949,0.6837603601374662,1.0,5.0,0.23359382886088154,0
13071.667080651952,72.0,unemployed,7439.059160950811,14.017570260364323,0.5951243887183354,6.0,6.0,0.3873147575699621,0
23423.271504818244,55.0,student,4745.808525970238,24.407158049412583,0.25481791240330603,4.0,5.0,0.3615193769900392,1
26073.51233595182,28.0,employed,9454.759402886866,2.062874923366305,0.5470163723697473,2.0,6.0,0.3903710334333767,1
25511.812170249636,67.0,employed,9022.939650839136,32.280371301435814,0.46021267755386114,3.0,6.0,0.5254373585950461,0
46037.64544044444,28.0,employed,10276.12856610986,2.50949962331942,0.7063704896640625,2.0,,0.36892601698106314,1
17893.7884005353,27.0,student,1445.4316422693232,2.3757295015779496,0.6058900593647468,3.0,1.0,0.24678899603335872,1
32586.495111837572,43.0,self_employed,15149.096999557692,16.725603050172893,0.5285048172119275,4.0,6.0,0.588721643273823,1
34843.01445879824,,employed,12229.420333309694,23.93480789455249,0.5854888175386549,3.0,4.0,0.41612632052839915,1
80602.08155608871,28.0,employed,40658.62819835993,5.371418776019827,0.6681132748225442,3.0,3.0,0.3297973270609426,1
29099.922695093363,60.0,employed,13811.957600964246,29.07874685629688,0.5155801169372004,8.0,7.0,0.3487066617840902,1
31549.101001677835,26.0,self_employed,15019.843190478807,5.686568851570064,0.29300952767912436,5.0,3.0,0.43848919649146595,0
15464.121652373478,62.0,employed,7122.177876794433,,0.5121822055129761,3.0,5.0,0.38216652506999493,0
35554.55409345511,23.0,employed,16444.75425008781,3.9888960611636124,0.7140406860639632,2.0,4.0,0.36662031533595457,1
25217.527692140247,44.0,student,7657.438648141092,10.778247058370075,0.5981481870671141,2.0,5.0,0.2575179463122943,1
19308.04125277106,54.0,unemployed,15963.216466630938,10.904567759009243,0.3339502471904449,8.0,4.0,0.5740094285087268,0
38334.62450370079,33.0,employed,7669.618913635297,10.613787988079025,0.43277062792452076,5.0,5.0,0.3275071444121701,1
58566.42074770361,52.0,employed,13699.128736483406,15.27763370301034,0.799235888011874,3.0,6.0,0.2842709634964022,1
36641.62825231418,57.0,retired,11046.701747467647,28.263291838749577,0.7523865136942309,3.0,1.0,0.407092974017506,1
69688.1309544487,55.0,self_employed,7934.215014058843,8.757892847686971,0.6710272214326464,5.0,5.0,0.11011550751164584,1
65346.65341356237,40.0,self_employed,19672.681691060734,5.8658878718876695,0.3467413167192316,5.0,7.0,0.3343241344744763,1
79617.49212887291,62.0,employed,51736.20875882459,9.863198256312609,0.6475862829696334,5.0,6.0,0.3962113931442519,0
33361.35311718742,59.0,employed,6894.950000995773,23.00946962343929,0.6704945924355419,1.0,6.0,0.12634363928025966,1
18703.594036094466,36.0,employed,12355.22040831837,12.584133156058197,0.3123021724928913,8.0,6.0,0.47566671259291876,0
55668.48971952278,59.0,self_employed,18073.232276470404,18.105455276773327,0.6708445966744632,1.0,8.0,0.35454386921087144,1
53652.137812818495,70.0,employed,8661.844107670095,13.22969802973594,0.8900538861080635,3.0,2.0,0.14819807559836523,1
79618.17673372544,64.0,employed,16602.839153617868,19.507739637094318,0.8171961580041541,4.0,5.0,0.15039527698871644,1
75807.71579108466,59.0,self_employed,16069.707507802932,16.76193485555736,0.7795537498616725,2.0,3.0,0.16528838864712248,1
48030.38197034666,61.0,student,25538.902645422204,25.20157565891416,0.5313055950574865,3.0,,0.5089986195205488,1
169579.12297194128,63.0,unemployed,44044.47998686007,26.608093977501014,0.7429095463762785,25.0,6.0,0.7338657409488448,1
40717.17595194516,34.0,employed,18628.320689910124,4.18902768561299,,8.0,3.0,0.4033588535643269,1
18169.659823479768,59.0,employed,4869.415589387849,18.536348727127976,0.48268261644419197,5.0,6.0,0.37874864231824135,1
42363.747650836616,29.0,employed,6375.379569959704,6.440595877003853,0.8662685232123434,3.0,2.0,0.17816790057496407,1
27549.738468630763,38.0,employed,16022.783553434403,7.106334510280417,0.4122418437158747,9.0,5.0,0.47895891752324066,1
40366.479601635714,71.0,employed,15039.102723165885,23.545153111605593,0.619698778212207,1.0,4.0,0.29396250928171475,0
37318.95274807716,34.0,employed,28580.707087241128,9.091471343792183,0.6130422858474148,2.0,9.0,0.6171469586975351,0
45975.6319285362,66.0,employed,17952.334171383147,21.202676195853176,,3.0,7.0,0.34424976729996287,1
17295.254987245044,42.0,student,4386.689247025478,5.2443979905441775,0.2944201210967523,3.0,5.0,0.3937651279747906,0
40572.068929114386,29.0,retired,20122.184295363906,3.6692655698347387,0.6220709007082643,1.0,4.0,0.29955725667005684,1
9306.076413348932,23.0,employed,,3.328242743396572,0.6673293416081927,5.0,4.0,0.5309819776224217,1
39934.535807340406,49.0,employed,4066.5549787879972,10.822175864750571,0.6238912668653845,9.0,9.0,0.0831810836483218,1
66253.58725158384,43.0,employed,22806.740555988014,17.265671690969214,0.5622385453595093,7.0,3.0,0.3159906636151155,1
92505.58076064613,47.0,employed,46479.35563505835,13.924196167211738,0.3939258279961569,5.0,4.0,0.5260173022925035,1
52364.317216445874,20.0,employed,9394.482774310947,0.9675053646367338,0.7468619317267785,7.0,3.0,0.19290122983092273,1
84325.66206865071,33.0,employed,22961.560502401535,9.9346459379824,0.5520306052143041,9.0,3.0,0.4481828465687363,1
13830.6977234232,18.0,unemployed,8293.830934403764,0.0,0.43925406917327137,6.0,3.0,0.5505536593701348,0
,35.0,employed,11324.790463982728,5.832502039954184,0.4236881381849854,8.0,6.0,0.5936651450851853,1
23660.461457819936,71.0,student,1592.2651722557016,13.940029579614375,0.8349909783614607,8.0,4.0,0.04110991997018294,1
36257.547973057386,26.0,employed,14609.022115735177,4.825167405610087,0.7644466039543198,4.0,4.0,0.21414968306009968,1
24558.69549906015,57.0,employed,4212.492356379164,18.79665543115347,0.6473728294448123,7.0,,0.12283537004950035,1
28067.84454754908,18.0,employed,5683.639248730983,0.0,0.8714363801749031,0.0,4.0,0.15885350860594658,1
20825.293216541453,50.0,employed,4922.759405879735,15.187354404626683,0.6812405037468094,2.0,4.0,0.2650647238626235,1
47296.35676097367,70.0,employed,4980.327099988469,23.342093063583036,0.7619452601602252,2.0,7.0,0.1648381740658217,1
25566.05981386273,37.0,retired,11549.798569724413,7.206913758452005,0.7052294319766683,3.0,3.0,0.42598169868001096,1
30328.918479942502,29.0,employed,16534.37514432337,3.5162239614063617,0.5737633341750652,6.0,3.0,0.5097761796604018,0
27355.096155276202,50.0,employed,14424.09680265205,22.344389337250526,0.5352378859103095,0.0,5.0,0.4366639781678086,1
46748.06638439334,33.0,employed,11277.771784899027,3.856902338520898,0.7366754458835203,2.0,2.0,0.2834777424086582,1
53649.32091580594,68.0,employed,14414.369691403179,37.06383170054938,0.5837508891490101,3.0,,0.32499106054655186,1
20634.980594044715,66.0,employed,11305.606154954832,10.374983555635694,0.6153200150102742,8.0,3.0,0.4988690595159607,1
19075.454161309623,55.0,employed,4010.053699856272,18.994001842155033,0.8199645499755323,5.0,4.0,0.3456147152560811,1
20484.685830741775,54.0,unemployed,7360.579348732556,8.459896942463422,0.6685637550245084,6.0,4.0,0.2754119461249061,1
18259.365048878903,52.0,employed,3831.34837650888,22.703985274716512,0.7012351282508138,2.0,7.0,0.21491854021528395,1
47750.43314232752,59.0,employed,18349.849440595255,13.402814491854189,0.5510257151163491,9.0,7.0,,1
89658.63372398065,44.0,self_employed,60910.147350467385,14.028392189289956,0.7015922530931179,,7.0,0.3161431855544725,1
40801.34074039898,73.0,student,7666.011141442698,40.0,0.8280137047352639,4.0,2.0,0.195807362273471,1
52519.31550601245,37.0,employed,13922.64785921136,11.20155186598166,0.7895824856739483,1.0,4.0,0.2531000707564341,1
51761.64746866781,18.0,employed,30963.308565603384,0.0,0.3542480780397284,4.0,4.0,0.6774372561462422,1
111966.35743374159,57.0,employed,16893.431185080673,26.44225978886468,0.7631866431821601,8.0,4.0,0.3144923334908496,1
11302.759388393066,55.0,employed,5116.714754260082,17.200847271145356,0.6616567239489082,1.0,6.0,0.3943483802866973,1
28791.404363047142,73.0,employed,2317.9709928565185,11.434832365310971,0.5533027720179164,7.0,8.0,0.16559298439665338,1
61056.570847857234,40.0,self_employed,15416.652855551725,10.825297605423422,0.5960808875364493,4.0,4.0,0.17961987959939751,1
30679.700583002446,42.0,employed,8955.742616799338,16.499779352592103,0.5368578874993484,2.0,6.0,0.40232321014323846,1
74250.46610159807,50.0,self_employed,12957.99320610265,14.655186512005372,0.8803606413944098,0.0,8.0,0.21996463010231496,1
35607.905964709375,40.0,employed,,14.411250266335902,0.7411719839473047,6.0,6.0,0.2927630284831689,1
19394.11114237461,62.0,student,785.4889925062438,27.425883351708304,0.8040994792723025,1.0,11.0,0.018020724146541437,1
11079.374918126787,42.0,unemployed,4717.594575549033,11.3795373696713,0.6970273560258409,5.0,7.0,0.49103281257377196,0
27965.99314819589,62.0,employed,4308.5860570545,17.33466024467181,0.736765906867386,2.0,3.0,0.22011253371900696,1
,42.0,employed,7064.643433280618,15.262176022495051,0.5040631432265291,2.0,8.0,0.4394891148639528,0
41588.67395233085,,employed,4815.498636944449,5.0562126077162315,0.7579206695017789,1.0,6.0,0.0937353908894068,1
12327.28449783367,74.0,student,4655.188410170046,16.9149267860827,0.7265657517951419,,6.0,0.2451107449199427,1
58489.49484209987,48.0,employed,15617.340885011921,11.775535107503629,0.8005104477233692,4.0,8.0,0.19671269385341653,1
50342.904380214604,58.0,employed,9877.694718985014,29.04414063027316,0.6666568896778903,6.0,4.0,0.23417669880511766,0
62925.591528072626,51.0,employed,17956.35532734773,12.211104420320234,0.5898715592642926,5.0,5.0,0.3152343456176265,1
,38.0,unemployed,1229.610101339106,6.819526418136834,0.7627969910472878,0.0,5.0,0.19465580044874511,1
15525.851100802542,73.0,employed,1455.030336370603,15.402862334108551,0.871191487919413,3.0,6.0,0.11543165193995758,1
36239.578242320036,39.0,employed,12581.861631651827,4.895240841553323,0.5573847787256037,3.0,7.0,0.5636077676511023,1
108307.03213126102,74.0,retired,25728.720155383806,40.0,0.8158509066836764,4.0,,0.20816872021379487,1
,42.0,,21231.41219864778,12.529586312552793,0.7221576015693362,4.0,5.0,0.4385151544702343,1
9633.045645985616,19.0,unemployed,2576.0128002549613,0.6377866763724186,0.41108860467124014,5.0,7.0,0.2789378836959725,0
44902.828496578615,20.0,employed,10361.817624323314,1.3275681362424465,0.6906736935843732,5.0,3.0,0.34980381238243186,1
52249.91033357941,73.0,employed,12945.434147389913,22.626460825775595,0.7611713158280289,1.0,6.0,0.1722413517778779,1
9160.524346280916,48.0,student,7503.959764774721,,0.2578689543491221,10.0,3.0,0.7562482630556756,0
79231.01576381935,40.0,self_employed,31185.633213660618,,0.7385757660005023,7.0,6.0,0.2228356924859406,1
36739.146085056425,64.0,self_employed,17231.96699686284,29.672627066638746,0.8050187795952838,2.0,6.0,0.30153859996493826,1
34705.71249827014,53.0,employed,9823.778197160182,21.94639565991836,0.40689778022265577,5.0,4.0,0.42601729496524016,1
36749.956821566324,,employed,,16.995590062120847,0.4448315738563686,5.0,3.0,0.3446883365805478,1
64361.4460919711,57.0,employed,28187.274778664516,27.486890943925804,0.7586566042520222,3.0,6.0,0.42159257388153415,1
24894.667948298404,29.0,employed,1586.4957448377477,2.7863266758141076,0.6477530614930193,2.0,7.0,0.046134274099677096,1
15467.788784055001,23.0,employed,6255.955705848171,3.2490511367258454,0.5119600736255523,6.0,3.0,0.40310540124273964,0
42679.65604473127,59.0,employed,15210.513397490835,17.105041136714288,0.5790186553518842,1.0,3.0,0.4403736737509462,1
13071.256744775073,19.0,employed,,0.5395843494786748,0.6001940453371064,4.0,7.0,0.30820610028818635,1
31239.8000171118,59.0,employed,14317.236155537003,30.166908739466876,0.6507906257670263,0.0,5.0,0.3490079740287166,1
,25.0,employed,14321.295510923843,3.9410821518087964,0.7141410600668059,0.0,4.0,0.24064249074826727,1
48511.05318852043,32.0,employed,4467.108919160217,3.014884855044716,0.7092779477219967,1.0,7.0,0.1558624153279736,1
30577.84029709233,58.0,student,16397.712013730506,25.34251629255431,0.6242121135701355,1.0,7.0,0.40816004289192953,1
54474.38457722561,53.0,self_employed,19989.977651269084,26.509514630276428,0.5153858337943225,3.0,8.0,0.5055913050026463,1
121196.3509379853,62.0,employed,28812.097628524603,25.74911535619877,0.8407860369402322,3.0,7.0,0.23711532226762438,1
29768.032624241372,52.0,self_employed,9993.556177982076,24.372969580175308,0.47001519313613316,4.0,6.0,0.3777108563050306,1
15510.053631112007,20.0,unemployed,4217.464272459763,1.3903549064103213,0.6639505865709252,3.0,,0.2346395794319565,0
29171.274801540956,65.0,employed,7200.671354622687,33.68844238014775,0.5742689631396725,3.0,4.0,0.32114754404582324,1
58594.76487424872,30.0,employed,17999.493119412648,4.877522899384379,0.6291713997661272,4.0,4.0,0.505504660886917,1
35214.477229994736,25.0,employed,7749.612867354256,3.391486813856461,0.5074718769530625,3.0,3.0,0.1983751378371878,1
85769.81694450548,68.0,employed,28457.402602887,35.44100515089195,0.5116665532798905,4.0,5.0,0.2480566736583869,1
9747.536815827087,29.0,unemployed,4469.819191983372,8.208630594547605,0.5277554396276478,5.0,3.0,0.5359564884386886,0
51374.04274477108,,retired,11702.144510938566,8.643146986675436,0.19534386037457369,5.0,1.0,0.23509335900363357,1
48852.936354329664,45.0,employed,7266.8934352905835,8.34082454938204,0.5070514524911317,7.0,4.0,0.21915850973076176,1
39303.92419886411,61.0,self_employed,9934.468503686432,17.54820368141731,0.817556759691969,1.0,5.0,0.2014242290168317,1
47630.14646890793,20.0,employed,30920.157995778747,1.3243573938152298,0.5254543241951817,5.0,5.0,0.598407545052028,0
41383.279183127815,24.0,employed,13520.341248695695,4.349932166128422,0.6593198222805514,3.0,3.0,0.3615096286843139,1
15186.3946263069,41.0,unemployed,2654.0475025226747,12.607313951366168,0.4746677042118306,,8.0,0.24473378040754248,0
32746.928927254252,44.0,employed,4721.585813018853,6.966983536134404,0.8512099584242109,2.0,9.0,0.11264124658585245,1
25570.784446888596,62.0,employed,7741.281941034337,16.818953271133182,0.672550339219933,4.0,3.0,0.29457832196708117,0
30713.710808568176,52.0,employed,13528.89962853629,24.28326933214369,0.5541841164535598,2.0,,0.4960589496331533,1
10957.205628461545,26.0,retired,1251.0885240774965,3.268263895696072,0.7672287863269484,3.0,12.0,0.14601484255290703,1
55324.66812552158,73.0,employed,25372.478977245602,14.392639021950059,0.6405413253757678,4.0,5.0,0.46206177967173395,1
19583.017467954192,44.0,employed,7846.915615109204,9.912268071364021,0.7587307039061164,3.0,4.0,0.4106551053274672,1
32570.963243067123,72.0,employed,4867.557320807481,36.93728581451379,0.7195627706664335,3.0,5.0,0.09883832184548483,1
50212.662792853356,74.0,employed,9921.844474689095,27.780912309443185,0.8384234125278145,0.0,2.0,0.19656163462582085,1
55254.129493455664,20.0,employed,42265.208650668144,0.6058873306599296,0.6208164907428686,1.0,0.0,0.5476323651066943,0
5233.585609182454,46.0,unemployed,1429.8451644339484,10.85222385934296,0.8362289575121455,5.0,2.0,0.27923374987341604,0
12139.912267879086,42.0,unemployed,2909.841006808282,18.531570427299933,0.6456759254427759,6.0,4.0,0.12137281188808755,1
22850.428963468756,46.0,,3883.572161049739,12.856885800056926,0.8170303197249577,4.0,8.0,0.1340037722856108,0
13045.335685585811,35.0,unemployed,,7.90431239902215,,,9.0,0.5117460702844179,0
71113.8561125091,,employed,60997.93713641814,9.047094598022367,0.4218435916291853,4.0,6.0,0.7377482521756482,1
24079.028406529924,46.0,employed,4794.67408062447,10.716512317519985,0.7856160613673706,2.0,4.0,0.22024122448194428,1
13036.122473110261,28.0,employed,1315.5291049684108,6.88811679764028,,3.0,4.0,0.08485577684348018,1
54456.80014185282,34.0,employed,27060.833079604156,10.747510154271328,0.2890087742212424,4.0,3.0,0.36942200675287235,1
13881.464772195925,26.0,student,1636.5708747251674,3.690394234926632,0.6347242290567802,5.0,3.0,0.1657041127301482,1
16581.45002290243,66.0,self_employed,3318.1506389998126,35.337185150125194,0.5234981075547959,5.0,9.0,0.39930766291258313,1
23483.864816949488,56.0,retired,6510.1804276217845,16.26990330903235,0.4342342979137179,5.0,7.0,0.3116452137028212,0
67189.95176106806,40.0,employed,9996.128083606463,15.80915045364953,0.8231812534484808,2.0,4.0,0.10484620980734552,1
19309.909545820636,40.0,employed,6623.655463561717,,0.6771515601142012,6.0,3.0,0.2539873331271872,1
116774.2633393019,22.0,employed,31284.22605741424,1.6333526965513059,0.5740721787214356,4.0,4.0,0.25582541872268305,1
23886.272552836737,34.0,employed,3088.2529305051507,11.40865738899042,0.5218621709242693,8.0,5.0,0.29279107722594516,1
37930.29556612235,70.0,employed,6792.448040746292,38.52085831799904,0.7498546522027818,2.0,5.0,0.25194422027766167,1
,19.0,employed,4153.821629213119,0.6538544247322295,0.7298458171879728,6.0,2.0,0.3462626132652782,1
37078.96750947253,,employed,6955.895614838426,4.815355921099364,0.6374321235702017,2.0,4.0,0.39111843532266,1
16983.183177179388,66.0,student,7653.230176750641,33.08654139251422,0.29319408347640485,6.0,6.0,0.5353606779430966,1
17244.57790729402,,employed,,18.11151247506505,0.5940695266799395,5.0,7.0,0.40550035881401336,1
149180.68249503392,19.0,employed,94235.57916242267,0.35253257267910704,0.553595718113657,14.0,4.0,0.4995632073237339,1
9921.995020456847,45.0,unemployed,2752.80582943645,12.953037791256799,,2.0,4.0,0.2289944035538118,1
28360.956902421323,60.0,employed,3164.1356900963633,25.049765946731224,0.7297893468307106,0.0,5.0,0.10704056600404832,1
29477.152747251475,37.0,student,,10.500951431148671,0.5361805024902723,5.0,7.0,,0
98956.69621737994,39.0,self_employed,25603.313272765652,15.352229849750563,0.6426453687121376,,6.0,0.28562820364446617,1
63781.4984290837,53.0,employed,10405.238843361441,16.950737448144398,0.5967776319023137,3.0,1.0,0.13715357200324985,1
21910.475138872145,52.0,self_employed,3115.281342308582,10.43094251167341,0.7193312645574146,4.0,5.0,0.1615897708042263,1
44456.420982170755,69.0,self_employed,7021.56493255121,16.766210344834178,0.6515679855016794,2.0,6.0,0.15260792305131254,1
4961.640119474443,32.0,unemployed,1381.6232062987497,9.906875094418043,0.7289156567486467,,4.0,0.34086274784859866,0
19950.917598299355,33.0,unemployed,3305.18595062682,3.0784885880080086,0.4793130390489537,8.0,7.0,0.27334338191949964,0
17636.32739882339,26.0,self_employed,9768.196496635144,5.771825737584802,0.6966368419258111,6.0,1.0,0.4914687076998995,1
24304.07566721504,,employed,11801.184914964577,8.634055500408461,0.5365713329157425,8.0,3.0,0.5098594462356776,1
36257.41706287431,48.0,employed,17586.082649987795,13.049852425609298,0.6093614503753769,4.0,7.0,0.3965464050227782,1
49901.85524838516,37.0,self_employed,18303.007220422398,12.922008992880173,0.48496964130520326,1.0,1.0,0.5240721429819732,0
22311.505015026425,57.0,retired,11312.137346912012,17.33819981764414,0.5774340368444926,5.0,7.0,0.43259897600049096,0
77617.00652161236,39.0,,,14.561587156881064,,2.0,9.0,0.30069839722885316,1
57350.10600256598,29.0,self_employed,13690.5520654273,2.861972307870169,0.8040795043407476,2.0,3.0,0.1843860455339126,1
50129.37171334573,48.0,employed,19078.71843516088,15.207760075833356,0.7706251859155069,4.0,1.0,0.31302930149374636,1
6873.834799825102,42.0,unemployed,1696.3008448351143,13.187625859185733,0.5699889697583307,2.0,3.0,0.38117836377853276,0
59457.02162103731,41.0,retired,34463.40607301792,16.89398664187393,0.5759149719502561,2.0,5.0,0.42763504871984237,1
24305.730579934738,43.0,employed,7247.046977648756,6.404321095087901,0.6408193338407515,8.0,8.0,0.15350707495822302,1
,70.0,employed,17659.08433696901,20.964341380829527,0.8287578972257941,5.0,6.0,0.24928866876749012,1
99817.3733150997,30.0,employed,42346.20164331643,7.1473062832572385,0.6433387886900411,1.0,1.0,0.25680471872801164,1
46926.05135360041,33.0,employed,8778.428211077326,11.819370736740701,,8.0,4.0,0.3617065641943884,1
,50.0,employed,15761.640322807822,22.686867019990856,0.7851774290192133,4.0,4.0,0.27715148009648594,1
7774.000054879757,20.0,employed,1542.7561753403916,1.4157940740350674,0.41499826117483213,5.0,5.0,0.5568234773792949,1
32941.83772521504,26.0,employed,14018.116736629108,4.082476141238983,0.8353628565972806,4.0,4.0,0.32168699726216626,1
63012.14849008975,50.0,employed,14426.620438720747,17.23454314406077,0.6195830690172164,3.0,4.0,0.4264540484222734,1
57656.3192740262,47.0,employed,14374.77996107607,20.73929363700335,,1.0,,0.5544570038779177,1
21708.26865055957,55.0,self_employed,13615.17128579114,26.705688014900062,0.6497106199087298,3.0,6.0,0.6527087328770595,1
34490.843426685926,24.0,self_employed,22871.789739984484,4.088188435699603,0.5594861379329494,5.0,2.0,0.5142510680533231,0
11238.800798194525,66.0,self_employed,2107.453446790348,33.17485272531578,0.5186381945683535,3.0,6.0,0.20754214435848767,1
15625.731594987737,45.0,unemployed,6471.993680351244,19.65000371581429,0.6483846206943006,8.0,1.0,0.4311155105594909,0
15578.483512965793,26.0,self_employed,1982.9374601234636,2.146153269241263,0.8572858597474698,,0.0,0.023377468111827913,1
63910.498420021366,35.0,employed,11908.178518308758,6.384921644430704,0.7602339716999311,7.0,4.0,0.2623551414635339,1
72162.26985927756,30.0,self_employed,11076.306833562303,9.428017444465976,0.5922272871482908,4.0,5.0,0.20800525404883227,1
28647.360615817484,43.0,employed,14541.986237579977,13.171642399459929,0.5385510785329848,8.0,4.0,0.371441510463402,0
47128.72492967417,44.0,employed,6384.227107150105,7.952836216650397,0.7495360064616471,2.0,3.0,0.09404306623855509,1
32579.894304582092,42.0,employed,10429.549609219523,12.044001118073192,0.6146515484677623,3.0,5.0,0.18052219996480695,1
20492.351889358295,44.0,student,3022.216712920925,15.27423313473603,0.841250999748922,1.0,4.0,0.22763500059484637,1
22509.224190056702,69.0,self_employed,767.8524783860123,35.54359270849232,0.8010261963108553,2.0,3.0,0.01725228787860524,1
49575.216059820166,72.0,employed,,37.114525923160365,0.6892202257316096,4.0,2.0,,1
15985.021154464695,45.0,employed,7091.577135083371,6.1977121919851506,0.6132112546907417,5.0,4.0,0.37052855597943757,1
14545.470507902797,72.0,employed,9004.711734375116,25.494209577906034,0.5246865501257646,6.0,3.0,0.4458505015928435,1
37584.46283372892,64.0,self_employed,22098.583508703603,9.767705950761425,0.7060537917161627,3.0,7.0,0.4427639004918073,1
,64.0,unemployed,2781.330059241567,33.71310901318852,0.7853289076486345,4.0,7.0,0.18779396769003262,1
41612.29124694795,30.0,employed,25306.453244741955,3.6521237437340996,0.6452211710737707,4.0,3.0,0.427829257609713,1
26245.40630711927,42.0,employed,4327.088356298421,13.798195610413996,0.722079248929106,5.0,4.0,0.19240487942547205,1
,38.0,employed,17856.887897338205,10.847420455364805,0.5274742444089019,7.0,6.0,0.41723840961767755,1
39352.01637887822,23.0,employed,5323.8745033875675,2.8765883039285978,0.655935369489773,3.0,2.0,0.23531186317223388,1
20400.071988990567,22.0,student,3338.1942142356947,,0.784624873935503,5.0,4.0,0.2776602450371939,0
44087.30354493032,53.0,self_employed,8178.417506560537,22.027362224698763,0.5819936562107123,5.0,6.0,0.39396943281837243,1
59961.318070646994,41.0,employed,12053.56960926174,13.240317531119702,0.6854456804529532,4.0,6.0,0.34203608334570257,0
48436.48869109255,65.0,employed,7534.983635601565,11.946466958936963,0.7552273651221721,3.0,2.0,0.20634071116055272,1
45297.58278324442,56.0,employed,8250.904562466572,15.962309282969638,0.6158436926758158,4.0,6.0,0.12162145366004615,1
52469.74792171494,22.0,employed,17769.748345840217,2.111824246243165,0.40348663127876067,5.0,3.0,0.3193988239744977,1
14584.180333994462,65.0,employed,2666.3057022697935,18.570567410328596,0.8612293625389096,1.0,8.0,0.07228595181377855,1
14862.19730906861,46.0,,2580.0476464356434,18.373558864755655,0.8276773225837699,3.0,5.0,0.27237296231609337,1
17480.188742713985,50.0,student,7243.93003355041,12.503636129055845,0.4477680581154106,7.0,6.0,0.39209171182062386,0
32897.86557993309,73.0,employed,14575.289086449735,38.34657775200031,0.7469349734908957,,,0.2868920270207302,1
48528.421811855325,54.0,employed,13633.574495424298,10.36944837320005,0.6345186097958877,4.0,1.0,0.3574338134475348,1
36680.78953527643,19.0,employed,9111.951187856212,0.6616355389915249,0.6522311980111875,8.0,1.0,0.30037485629972516,1
48578.31258702092,28.0,employed,21721.32524463242,3.1007926447111336,0.6909506916220921,2.0,3.0,0.2821083108000566,0
6818.400828521506,42.0,unemployed,1940.174140846206,12.40342003793514,0.5206071020453628,5.0,5.0,0.34036948340807077,1
36120.9285583374,20.0,employed,31678.04636098839,0.7846292475567073,0.5782073331251101,5.0,3.0,0.6013259442540618,1
6500.598356690692,27.0,unemployed,1200.0929302065501,5.2416059542760145,0.6456883022141009,4.0,2.0,0.32508018113353476,0
15422.871402997784,63.0,unemployed,5147.444560509461,14.74399106572313,0.46699578690883264,3.0,5.0,0.1742121704005876,0
14198.015478937925,,employed,5024.767216745038,5.417966720089085,0.7395038348895469,3.0,4.0,0.22238311283255668,1
47546.58418305911,27.0,self_employed,11766.744183571684,4.897352878378777,0.7199403004382623,5.0,7.0,0.36983578463954286,1
12195.537262104453,46.0,retired,1382.8666706583554,21.68218898875693,0.8634998741266984,,8.0,0.09538482140356366,1
29978.510982319534,23.0,employed,8245.477719833512,3.1353109867473847,0.4623487883123355,3.0,0.0,0.4683379613367027,1
56809.784132263885,32.0,employed,5754.425763376154,7.90212253182731,0.8372895924622021,0.0,3.0,0.0879921267558444,1
,71.0,student,4802.931484951767,36.967246356193655,0.6734613339737701,3.0,10.0,0.4476375680720667,1
7974.647352697846,53.0,student,755.661532459533,11.613333922997311,0.8160593856280317,3.0,6.0,0.15835650018503142,1
25946.787304967333,72.0,employed,8325.275770766195,31.300855732008422,0.5483474307599874,1.0,6.0,0.5595449817162782,0
17142.409112472975,38.0,employed,9975.893332654161,8.68484619513822,0.47377414370489584,,10.0,0.44354283626606616,0
15562.520184425257,53.0,employed,1623.4318760704632,22.619610562075206,0.7701371425371291,4.0,2.0,0.18754040788069257,1
,31.0,unemployed,10665.556500256502,2.790861394031874,0.5858057997261135,7.0,4.0,0.5491714920768259,1
48057.29249551751,39.0,employed,30779.61947885914,9.58917241623912,0.5913796680217076,1.0,4.0,0.5188002322821356,1
45265.6144515729,27.0,employed,47894.287479399885,5.3191902698977644,0.5559651137171975,2.0,1.0,0.7715173687170988,0
53993.75049334126,65.0,self_employed,14004.193983393825,22.390029287668924,0.582464592841334,6.0,4.0,0.22485975084437135,1
25269.909792227718,28.0,retired,12822.643736487178,3.427829574282506,0.6705221314264942,3.0,2.0,0.2936301224062371,1
11086.492630066294,29.0,unemployed,2380.198412605947,5.264705061084277,0.5911134777606317,8.0,4.0,0.38084926159701904,0
21236.259139504615,44.0,employed,4337.985344503805,18.45601459763661,0.6243380143444404,3.0,4.0,0.0956713881025498,1
29142.712604952267,42.0,employed,32392.031178092562,7.778481849093103,0.782998382409018,6.0,4.0,0.4166920081316634,0
9378.532939943687,35.0,student,2319.551126438581,7.145156069022362,0.7637645560409293,3.0,4.0,0.2765265618569237,1
11899.718886966402,38.0,student,6068.259230276264,,0.3628714474140403,7.0,7.0,0.5874071314738649,0
37966.65051002559,34.0,employed,9465.153332112077,11.963044821348316,0.7115016829327463,1.0,6.0,0.3677225402287378,0
37662.008605326446,70.0,self_employed,6141.993535615577,11.459812274351657,0.890513525935554,3.0,6.0,0.13667063371680682,1
168108.35470208008,51.0,employed,72932.49847467581,17.100572958519887,0.5540696916605347,4.0,7.0,0.4455976842800036,0
18529.182510901872,70.0,employed,944.8205825964684,12.440886437653967,0.7859724137206849,2.0,5.0,0.08324283896868961,1
34113.57369308126,74.0,employed,12257.646010375327,40.0,0.6883287692681878,3.0,6.0,0.30004273409588383,1
17821.020106109765,55.0,employed,5431.14329962615,17.202297061607688,0.6689073364484603,6.0,8.0,0.1958486728223782,1
29914.753387467073,65.0,employed,7407.612942100101,21.19992351076965,0.7864273393286867,2.0,4.0,0.358850140587959,1
10685.375228426154,24.0,unemployed,1896.6990788173398,2.182605714621519,0.8807607014420933,3.0,4.0,0.19491332679303863,1
55405.82508333852,72.0,employed,42558.63792624387,29.229734964705784,0.5886605638444435,5.0,1.0,0.6510308033499732,0
29003.353215098417,45.0,employed,2829.5030518287303,7.748979312492964,0.9079313021361113,1.0,6.0,0.10631598637310763,1
33002.552963015754,58.0,employed,12766.11199502134,27.174920012853132,0.6046603638408339,6.0,5.0,0.310271341011685,1
29285.30164408212,31.0,employed,10286.744849872339,6.431440689803353,0.6523203011738454,,5.0,0.33474159160584016,1
18024.263978901385,23.0,employed,15129.019922498603,2.699388673942482,0.61332663891582,6.0,6.0,0.4008967041428539,0
26211.376527316697,68.0,employed,6758.003028030205,35.22414242963562,0.7453704093495785,0.0,5.0,0.2745726595041878,1
30002.36954798833,43.0,employed,10217.124793095014,7.777231608274235,0.3426838753195808,4.0,4.0,0.4506258248877603,1
41449.169389454335,25.0,self_employed,12414.53136594097,2.135768908036886,0.6929578607347997,6.0,,0.28086787991678824,1
24012.41970174968,55.0,student,10181.436587173746,16.741797137710588,0.429822102064024,2.0,5.0,0.4464805947918561,1
32296.099556181198,21.0,employed,34533.168922317804,2.015030834150281,0.3511031283575195,4.0,1.0,0.6924794352289151,0
16006.732395653178,43.0,student,12971.902878553656,5.878183302802192,0.6811780975086207,4.0,3.0,0.5203113489947664,0
7680.548479525279,58.0,student,1555.2600926268044,27.0840848935699,0.6946496928608823,3.0,1.0,0.2642513787781174,1
16647.996105301212,59.0,unemployed,2617.170953102875,20.518612202358522,0.7059242714888401,6.0,6.0,0.1476832198267738,0
28208.00935353892,43.0,self_employed,16318.773749273878,13.42645174922337,0.4873642706725914,5.0,6.0,0.8596648907767649,0
58039.076702443956,39.0,self_employed,17387.539613974077,11.311262822317584,0.6425880967316051,0.0,4.0,0.445583576725069,1
77151.7973027148,65.0,self_employed,5320.39636301481,10.983920368607711,0.670565482234155,7.0,4.0,,1
36364.65867495463,28.0,self_employed,28896.269270643184,3.498624786308869,0.4574253384832715,10.0,4.0,0.4875020654944912,0
,22.0,employed,11058.831195012659,2.6127138836352746,0.516192121348039,3.0,5.0,0.7403394382675521,1
25209.488981743772,26.0,retired,8171.909288701781,3.578886973548562,0.6194054809333824,1.0,2.0,,1
43232.63803334587,63.0,employed,29555.52830915965,24.133958520800068,0.7372046017617402,3.0,4.0,0.26158946682311357,1
10855.399390646515,44.0,unemployed,2077.9842816480045,19.93995050361414,0.5787093020591523,6.0,4.0,0.23687670242483447,1
27391.301961270372,20.0,,13967.457135365064,0.45552612198083353,0.32427573523999603,7.0,10.0,0.617083151914961,1
,27.0,employed,9340.181705007775,4.228273974638627,0.8188163782232676,,6.0,0.1584002620533512,1
46573.60006397547,19.0,employed,12262.848769509417,0.4167644797087389,0.7626628287633826,1.0,3.0,0.22989579844683036,1
30541.911896331138,64.0,employed,11499.113082074515,12.138004162974857,0.6230385553363147,3.0,4.0,0.521910968361445,1
15882.400960675352,44.0,employed,8719.536362845698,20.03239184065285,0.5843917049119226,2.0,4.0,0.4006744643056379,0
45623.996343389466,21.0,employed,21622.584225884522,2.3306272615473786,0.6354269086556793,7.0,8.0,0.4975336776878954,1
24743.952712143273,30.0,employed,8330.30484277052,4.64271471016373,0.6963584307692824,1.0,3.0,0.34210110094602303,1
40423.660064428215,53.0,employed,16132.479762473695,26.881048824470657,0.5992098636080776,6.0,,0.5690189191884153,1
39166.56060117697,51.0,employed,9962.069855425367,7.296437413140855,0.6727888291302214,2.0,11.0,0.2703078599460005,1
9885.767174323262,64.0,retired,4489.5198213515905,36.27272933327917,0.53417516445381,4.0,3.0,0.34109008267095486,1
37818.014501867816,19.0,employed,19251.01076039574,0.7015592098451988,0.7821216270880117,3.0,3.0,0.38936121487810976,1
46970.08847588414,21.0,employed,12216.375361057557,0.985794397460185,0.7234779630450816,4.0,1.0,0.3152950395153767,1
49939.93227249064,20.0,employed,14258.661881088565,1.1194565847215063,0.7178863503377646,3.0,6.0,0.4054423439597511,1
38510.371574739256,40.0,employed,23066.933491774133,14.9375515832748,0.49489381023321966,8.0,4.0,0.488033306896782,0
,59.0,employed,3788.001783385027,16.054754514591366,0.5288235174678891,6.0,3.0,,0
75648.33508899945,55.0,self_employed,63046.787137590276,15.253289784460819,0.48432315014068955,5.0,5.0,0.7039626914564422,0
31220.692959415446,29.0,retired,10278.078413690693,6.351220318913317,0.6618533301646226,6.0,2.0,0.5151397894491485,1
19897.320140042997,55.0,employed,,10.665487930722321,0.6111686239839429,,4.0,0.33336418538044266,0
26941.64904142503,55.0,self_employed,20574.514561155396,10.024275535837473,0.22899577676179583,6.0,6.0,0.639205530146977,0
40766.34345514293,28.0,employed,20797.67644036391,3.4988316687165466,0.4236486870471715,3.0,4.0,0.7557143225046927,1
51015.872901651855,60.0,employed,18907.495830518004,27.079745582745193,0.4875012044244913,7.0,7.0,0.1768141356401092,1
28453.275701694918,42.0,employed,27341.35952715068,10.079028860326417,0.5551735256261638,3.0,8.0,0.6163879539947215,0
54872.23180782323,21.0,employed,5746.267695805444,1.51324479897323,0.8331981050303026,2.0,5.0,0.07808177042891441,1
16300.103969219517,40.0,self_employed,4333.948294988844,6.979947349859431,0.7702329362842459,1.0,3.0,0.2935454077180072,0
23720.16179812949,61.0,self_employed,8676.874307416758,13.607926217618957,0.7599008349891987,4.0,4.0,0.3461357826831356,1
14230.291487450622,57.0,self_employed,7685.519188623264,23.020559466094557,0.5077722110418894,4.0,6.0,0.5736102136673288,0
23185.849322438422,33.0,employed,4751.777582584584,3.9753772668160843,0.7340456251168082,3.0,5.0,,1
84910.13764626601,61.0,self_employed,19143.956347088082,25.83029076218328,0.771436336978786,2.0,3.0,0.32109344305535076,1
101610.39453337193,40.0,employed,39688.69136920854,9.689264451005563,0.3355959692757796,11.0,5.0,0.5995861592509351,1
40835.01626551664,44.0,employed,14835.43921698713,15.671826252434961,0.6292314172426337,4.0,,0.3505350139506999,1
26391.186702336778,22.0,employed,3933.506714443012,1.716150744837173,,2.0,7.0,0.09417452561217277,1
35756.60296463017,,self_employed,9917.73098331995,39.627353370623155,0.7203270069113612,3.0,6.0,0.2885920262050832,1
32208.800494638537,65.0,retired,22164.736731261495,10.96668397188145,0.6115065659396461,6.0,3.0,0.566250052722881,0
16622.451726731822,29.0,employed,8326.374814108887,8.095762257960368,0.6088396989081419,5.0,4.0,0.3254970851863857,0
27275.67100893297,49.0,,10729.799030054726,11.197097896628572,0.7566348664310453,3.0,8.0,0.31608041931682274,1
26046.128360182174,62.0,unemployed,14034.733700739134,9.923114343088715,0.490024563423881,3.0,6.0,0.5289853627362702,1
7535.06577915339,46.0,unemployed,3371.0652091222128,15.048394287620667,0.5540785928594206,5.0,11.0,0.5407634707578706,1
24971.427503175106,30.0,employed,5496.687248040845,4.015350458743894,0.6894170662930806,4.0,2.0,0.20551832115489427,0
40211.447903876615,73.0,self_employed,5895.070008601563,26.153703065075955,0.6288622935781709,7.0,9.0,0.23311422774338086,1
46022.29857081792,33.0,self_employed,5532.825643286182,10.220827854558934,0.6853153382112944,3.0,8.0,0.16537976048584563,1
13284.467788935743,37.0,student,8083.944580120205,12.823633072528931,0.6154285973553195,5.0,1.0,0.42712120323354086,0
37740.24050659402,39.0,employed,16537.07271132698,11.764858765171027,0.5735296982002078,6.0,3.0,0.23398945297427143,1
24607.894530446403,68.0,student,1424.2876977928402,39.33615725972942,0.6933399294209629,4.0,6.0,0.05420844334184319,1
96831.3332881981,46.0,employed,11331.903078532114,13.391018400132747,0.7450477023204995,5.0,7.0,0.05831636839474449,1
11932.913312013436,59.0,unemployed,3492.3635466972323,9.168954402728408,0.5263568661770769,6.0,5.0,0.5612678517654992,0
35573.32514607387,69.0,employed,20082.096880186884,35.2744095842005,0.7101009766650989,2.0,5.0,0.33386758448613446,1
77942.46248282428,70.0,employed,16243.324444515205,17.304368745774056,0.6974116764422387,1.0,6.0,0.1995271199192282,1
27595.750455604248,66.0,employed,19821.164584212256,14.675677699114306,0.7765650666530641,2.0,5.0,0.3092570469912398,0
18728.9078514688,69.0,employed,6285.501318386902,12.342303612174645,0.594673025329403,2.0,2.0,0.4617113391539707,1
41155.978777246535,72.0,employed,9049.569822628686,21.423958173891897,0.7416011861716267,2.0,5.0,0.2660391236409226,1
62198.583959516836,74.0,employed,31560.5032584848,22.158941293020714,0.6109579533978015,0.0,8.0,0.4889865726316052,1
43500.319748928625,54.0,employed,,13.739865090475371,0.5806813634922068,3.0,2.0,0.4351262914948737,0
34595.95930820785,25.0,employed,16842.834376045554,3.891410347028446,0.5315324587796653,0.0,4.0,0.3956306045994834,1
6160.918724127108,24.0,unemployed,2493.825985266582,3.9055518095811816,,8.0,4.0,0.2973155146849235,0
17635.482396781088,,student,,34.319701403478156,0.7265660365303825,0.0,6.0,0.2177935632001076,0
74004.97820487984,36.0,self_employed,25545.9952952264,4.6157408497455945,0.7980356499272263,2.0,8.0,0.24311175697060294,1
19593.27079005523,63.0,employed,15460.106466753396,13.06030947717997,0.6235845492193993,4.0,3.0,0.3904282176640967,0
32132.60138186301,71.0,employed,26751.99834345563,29.356991834681242,0.3348595972367445,5.0,,0.7237004853699605,0
14959.629024012585,54.0,,4733.142164077147,9.319728827748824,0.6200023698904099,3.0,3.0,0.4640940440081431,0
25620.49035177535,61.0,employed,9410.84747259557,18.165718543176986,0.67780931135749,3.0,9.0,0.33291449482117125,1
316298.45721603045,33.0,employed,27528.799850250263,8.620970074914334,0.5332566075498183,49.0,6.0,1.0,1
22663.374449544917,42.0,student,11129.300183913354,16.03984846135961,0.5563691569912963,4.0,7.0,0.41755645566732363,0
31562.926804906754,73.0,retired,3127.6703320113866,18.180776486115043,0.7700923716438384,5.0,2.0,0.15952822459899413,1
22283.351702171265,64.0,employed,,27.636401569077528,0.42486506992242906,9.0,5.0,0.20333813344089716,0
17541.38688494386,29.0,self_employed,1752.1159060426057,6.4627397945916085,0.6066132326856452,5.0,6.0,0.0641308638600183,1
41406.54413707553,71.0,employed,26648.79535955025,37.9357928150144,0.5643909833890494,5.0,5.0,0.5034603862159375,1
9869.63701109645,46.0,unemployed,2507.055565778364,10.87095792883504,0.8167597487558657,4.0,,0.24967474742127171,0
91049.28113464742,66.0,employed,43784.03188902786,31.20264570877949,0.6701148041657721,6.0,3.0,0.3040416263822487,0
93176.87504088802,,employed,27228.384442587634,18.88479764128201,0.5311216456785832,5.0,5.0,0.23645267587536734,1
108083.03756280623,52.0,self_employed,44274.45333168348,11.679568656621653,0.8480221526678005,3.0,4.0,0.2857208566625268,1
22696.013004674543,27.0,employed,6581.674706573014,5.154252323895509,0.6287237114570071,3.0,3.0,0.35214844135878093,1
53103.31970046363,37.0,self_employed,15024.544023389868,11.496847799420493,0.5565573185335905,5.0,4.0,0.34957397914923155,1
56132.83748191923,59.0,employed,9594.017693058244,14.950938950507936,0.5588130846721815,3.0,,0.2854839909417097,1
26529.959915335163,66.0,student,5886.807870130954,22.61183986650161,0.6302790952238393,3.0,4.0,0.350515940660855,0
10646.419350703798,23.0,unemployed,2198.5024113217682,2.3073331817694793,0.7778886837690646,1.0,3.0,0.18701618852735213,0
68842.90518896155,22.0,employed,8148.712629787542,2.656422964090487,0.6767243495894205,5.0,5.0,0.08210409328484422,1
12713.444933984003,57.0,unemployed,4412.823555201082,7.816175388381602,0.7383963954226105,4.0,4.0,0.3144223240018991,0
38717.735762315155,43.0,employed,7582.365029842431,12.5153991718504,0.6498874913403792,4.0,4.0,0.24905885097644967,1
16832.77695904896,66.0,employed,3707.7390430627192,14.909015430637771,0.6727526066426585,4.0,4.0,0.19691299171449503,1
50130.37971257411,21.0,employed,18714.211069637808,1.7643155424997814,0.5051910103204054,3.0,2.0,0.22876871138580215,0
15940.956593038158,37.0,student,3590.1237189600215,11.556205037868828,0.6827909622105448,5.0,,0.17935985605864904,1
16035.6124592903,20.0,unemployed,5212.595768266834,1.0013518104323,0.7461258726891449,2.0,5.0,0.33816872355943156,0
20422.850373995687,,student,8912.239183417072,21.00870900282585,0.34714955523850155,10.0,2.0,0.4310062941964921,0
19877.050574732268,66.0,student,14394.57449230752,18.67367584478886,0.4155844930191324,7.0,5.0,0.5231891406166841,0
24846.402932198387,26.0,retired,11157.756682801126,3.1039488606417827,0.7259155147392735,2.0,2.0,0.46565734691150185,0
53814.58829701164,36.0,employed,12324.178024214629,11.647264246383893,0.6518975271758157,1.0,5.0,0.2808259414556113,1
16438.91306238131,66.0,student,3432.059131595828,13.39386338187801,0.7994583294021854,4.0,4.0,0.2494020685316702,1
17542.842137293752,20.0,employed,2714.5108662836847,1.325803977631952,0.8614111384797266,1.0,4.0,0.1714971446538757,0
,72.0,employed,11582.745065680909,32.022427083902386,0.3473361471332905,5.0,2.0,0.30360137610579263,1
24233.645041208812,68.0,employed,10609.488202425466,36.53424053966494,,4.0,6.0,0.35259723960679196,1
18729.761816239967,26.0,employed,13981.724968550847,2.848694522559028,0.47286246330985665,4.0,7.0,0.4520721825731807,0
21782.85198241145,25.0,employed,4974.658544887609,3.5259520176280574,0.7706820868700591,0.0,8.0,0.2668556781779386,1
41842.430595512305,57.0,employed,13786.378123254579,8.712354569784027,0.4476940871758448,3.0,10.0,0.5022751461858557,0
34604.55495406849,18.0,employed,4045.7396530609785,0.0,0.7234777453874326,2.0,11.0,0.16546394945305523,1
12502.182213874927,46.0,employed,9325.77960152387,16.94657653940986,0.6496788748478146,1.0,4.0,0.4470496164061188,0
14988.295086650949,,student,5514.773479472095,1.721175448328595,0.766618906621145,5.0,6.0,0.2654285739757635,0
71677.04287700178,48.0,self_employed,21239.31568926794,19.18840561775886,0.5992843071737193,4.0,6.0,0.40759594761175905,1
28979.737693314404,37.0,employed,4664.582921493627,7.041348967056755,0.4188684556961457,6.0,4.0,0.12905952278936234,1
33431.76327414351,58.0,employed,26826.697653790074,22.492646450053627,0.6107254395515832,2.0,2.0,0.5513473752620095,1
61175.111971929146,68.0,employed,32893.75064834089,34.02765731215736,0.5573774571709954,3.0,7.0,0.6247733652990004,1
54054.313688313996,45.0,employed,29029.033887191636,6.862770004205841,0.6447363333965516,5.0,6.0,0.4338511346377734,1
21185.10076174582,54.0,unemployed,8017.81830166586,27.910444808670462,0.5706528779793629,5.0,5.0,0.43715008508782704,0
9079.03505954673,52.0,employed,1269.1712014367317,24.99449077102689,0.6581378464212867,0.0,5.0,0.13127560415105263,1
95041.7643797008,74.0,self_employed,16798.086963821595,40.0,0.337613402995313,11.0,7.0,0.4958208600596995,1
17472.405611433747,31.0,unemployed,2203.625761611077,8.905118370446514,0.8007343955024961,4.0,5.0,0.1191320687412129,1
124335.42178461613,31.0,employed,21323.238614558857,4.895626521026699,,5.0,5.0,0.19611942566041587,1
12279.540765467038,39.0,student,5186.329726225855,11.527598892196647,0.6779735254414628,3.0,6.0,0.37753132949603935,1
15037.084021776289,59.0,employed,6474.8313418719745,11.15599558706461,,6.0,4.0,0.43068872075626985,0
18223.40521690243,67.0,student,9330.024272914692,31.972501910982054,0.6909120841452666,2.0,8.0,0.5346742846505175,1
34808.748050240116,33.0,self_employed,11990.42682368381,,0.7460572826997423,3.0,3.0,0.24601136619052535,1
17623.876259273573,24.0,unemployed,1209.3586545274236,4.320566165727236,0.8102515183965964,2.0,4.0,0.13188408313018937,1
68375.80767578917,52.0,self_employed,17123.003900759675,11.707361831261352,0.7073625691122355,1.0,8.0,0.2560021191792499,1
12167.585919327716,52.0,unemployed,2638.4351925915525,10.072402908571721,0.33373556834983487,7.0,9.0,0.3456903272980141,0
22538.29255962193,39.0,retired,2458.8951734178,5.093394982506254,0.7360217589131162,1.0,7.0,0.1488346410649961,1
47162.76153968495,28.0,employed,18946.17063103591,6.26819076830487,0.49420755932405036,4.0,3.0,0.4934057491633354,0
11181.473575779622,66.0,unemployed,2313.4043250836817,14.962668774864673,0.8223994902394496,3.0,4.0,0.19416849630614544,1
33702.22471205079,66.0,self_employed,15632.15771186435,15.292832987377533,0.6859635798458397,3.0,9.0,0.42380789650002043,0
60996.23801312314,60.0,,41289.52945943509,12.676354417342013,0.33265228827398763,7.0,6.0,0.663896570973326,0
34089.39943357489,51.0,student,9782.962186050841,12.654743424876187,0.6676961959882824,10.0,6.0,,0
62441.35791631353,32.0,employed,24877.97985228166,10.706176046678507,0.5836834607248849,1.0,3.0,0.47108198040028043,1
33385.77345078112,40.0,employed,11256.157904600203,10.823406148601054,0.7022986569344696,2.0,7.0,0.19235913644784858,1
12457.841040787625,21.0,employed,6697.432351479403,1.0695802907503802,0.4132267390572997,10.0,2.0,0.3194938962314268,0
33721.70440994618,32.0,employed,8534.957921999603,4.231282381517454,0.6906157205163351,0.0,3.0,0.2897502252704376,1
8700.953263546045,43.0,unemployed,,5.28352129558157,0.46798641564741145,5.0,3.0,0.6789098875080529,0
34034.75510587272,42.0,employed,9191.191315083566,10.055894117784204,0.5899837342149379,4.0,6.0,0.39945236305765264,1
25963.696521243808,22.0,employed,9587.079320174662,1.0641475381425973,0.8014774591344687,2.0,3.0,0.25966566443848954,1
35940.85940502654,72.0,employed,11339.520349373459,11.675188659680867,0.6903186847765331,,8.0,0.11283740180791753,1
21598.13366161308,33.0,employed,8178.064955539014,3.9268173534224964,0.46788130111635085,7.0,9.0,0.508309396640243,1
6699.707563194825,47.0,unemployed,2660.9306297574913,11.34227438522787,0.6810637725860388,3.0,3.0,0.2664263048735512,0
33463.09807715692,44.0,student,15755.320591839018,16.913473742437304,0.7424202322911847,0.0,4.0,0.39228195867561605,1
22363.181295103757,44.0,employed,11615.452113401143,6.2449855182290115,0.6484197846625497,5.0,8.0,0.6260233691093248,0
36321.52474244231,66.0,employed,7874.762316674774,29.14580900418957,0.6952680246946787,2.0,2.0,0.2832720889276813,1
58527.81693118865,60.0,employed,50141.075742687586,24.037671725791412,0.527192021184467,6.0,7.0,0.3872986513919451,0
63099.128872010086,67.0,self_employed,34219.627197811446,35.73051204072356,0.4631407248511386,5.0,3.0,0.45594807958718764,1
,39.0,employed,10927.798455003694,6.518236306747944,0.8381859013426225,1.0,3.0,,1
42253.11074817733,33.0,employed,5448.850599789097,10.148409351110768,0.7660022133903441,3.0,4.0,0.11108628912231637,0
52156.372798080694,42.0,employed,,,0.6949639798541244,2.0,4.0,0.17779252248600236,1
72152.99443872875,50.0,employed,15403.54216693126,25.14849532771335,0.6720897467933079,3.0,6.0,0.34603778343153596,1
44914.29049836753,37.0,employed,14580.959423268143,,0.6566100799781391,2.0,7.0,0.24842492045939116,1
14492.677873036997,44.0,employed,1620.1686384384832,7.130783932779265,0.5296445195911426,5.0,5.0,0.09681320653300984,0
9758.668758664131,26.0,unemployed,2627.9673263917734,6.146219248784469,0.7710608731799478,3.0,,0.4196401673930478,1
56584.77390180519,51.0,self_employed,13714.922056579939,22.736842645514923,0.4494919508381787,5.0,6.0,0.34615430221775884,1
26541.16049374774,58.0,employed,24105.816781238937,,0.49100127870934274,8.0,5.0,0.42580592767227143,0
28573.384317098687,,unemployed,9772.950305788012,8.973553209833314,0.5619103384336123,4.0,6.0,0.41195138383879143,1
17593.11489529329,67.0,student,3250.3951183268773,37.330576021771215,0.9225331915163003,0.0,8.0,0.14051835022526224,1
37896.89212312174,74.0,employed,5526.299325812401,16.43147383715752,0.7302501535572358,3.0,5.0,0.21443617050127992,1
63727.54077956281,69.0,employed,18141.534751434392,33.97936359351806,0.6823778362792908,2.0,4.0,0.317687536506067,1
33142.6102212791,23.0,employed,6900.257326344402,2.215777762789475,0.7247902545389105,3.0,1.0,0.35794766734577205,1
43627.75012657155,68.0,self_employed,16302.671391176711,31.714157964782764,0.6980292184789925,4.0,7.0,0.3475961334208052,1
56929.09026896736,37.0,employed,6443.11526552372,4.847105733899796,0.7643351374879717,4.0,2.0,0.13206901294598639,1
19133.095665286593,43.0,self_employed,9091.853468287505,15.87587431607704,0.7532893806227586,5.0,4.0,0.3867180663146969,1
31487.65737949534,41.0,employed,3129.973066526054,11.66437700700331,0.8301673316121945,1.0,6.0,0.1699617692157888,1
54971.85729368783,34.0,employed,16294.027609473049,11.84363249925294,0.7298832298036315,3.0,3.0,0.39974858181482664,1
18763.20206216119,68.0,student,8374.551048926358,15.651952517318696,0.7426114202277285,2.0,5.0,0.30707083955052095,1
75634.43183522402,54.0,employed,21876.659103919545,9.562091284260031,0.3530835204947166,13.0,4.0,0.1489162550911729,0
8257.615466104011,73.0,student,1501.1254168969722,17.475269850000572,0.6944661699051216,1.0,2.0,0.16425851951898787,0
10919.704320862316,72.0,retired,3718.0796895174185,13.345841898879911,0.32754187102739185,7.0,5.0,0.4250796704542372,0
26680.70910304216,41.0,student,12312.225464816811,18.126077463892067,0.5826651555491839,3.0,4.0,0.4912862265266895,1
55988.61287184494,59.0,,32020.189899113084,11.222272997417466,0.44001357074284464,7.0,1.0,0.2860976866913709,1
,46.0,unemployed,3390.4255056396723,8.974295885990857,0.6270487462197285,4.0,2.0,0.3409337009489014,0
44364.6029684522,46.0,employed,9308.096146778798,19.20272055424334,0.5972680006007992,7.0,3.0,0.199444281764715,1
52712.267578495754,60.0,employed,12828.214579017686,14.618210771685021,0.7433985956398357,3.0,4.0,0.3772519409447613,1
12087.428402959484,57.0,student,,13.001664160458587,0.44952188579549884,2.0,3.0,0.7533348034265778,0
28053.985664411284,69.0,self_employed,12157.538879441789,30.772679280475145,0.4961063553233449,5.0,6.0,0.4017880970681506,1
39929.19699748851,62.0,employed,25175.704494790418,19.327402083611485,0.6774270303573983,1.0,1.0,0.5140610710612563,1
57070.60588208332,53.0,employed,,24.54506222980656,0.7526100746202751,1.0,5.0,0.14452237444536364,1
7095.38188253337,70.0,unemployed,3008.1351240787617,30.314003584673003,0.600864271514725,7.0,9.0,0.333746665231499,0
36182.699305520255,23.0,self_employed,4603.605711952864,1.8646441512534306,0.4712001615446258,3.0,2.0,0.1632289771775385,1
32140.804951760652,61.0,employed,3034.5154807815793,24.026420510988167,0.707290380783855,1.0,8.0,0.11091542724526784,1
22377.97224220662,40.0,student,6134.811122544507,15.837293404432181,0.5973789790464888,4.0,5.0,0.19700013161581295,0
36157.902798518175,42.0,employed,15296.772089608758,10.048554631955453,0.6197237368327033,4.0,4.0,0.5622183618455092,0
27641.076052142238,62.0,employed,4535.5632841332435,28.24282704823976,0.7258960755032722,2.0,2.0,0.24689771723963044,1
74577.42080345629,33.0,self_employed,18637.378236209785,6.742496823394385,0.8632523426713948,3.0,2.0,0.22847492704531178,1
19412.962950819543,68.0,retired,5536.200640931605,26.292201933354995,0.5569925866067335,6.0,11.0,0.28342374826727057,1
31380.80936974426,46.0,employed,9033.369014802773,17.926160467010384,0.7516782628124186,5.0,5.0,0.32205047287935734,1
16387.123976218565,37.0,employed,7196.304593793515,4.490012032932221,0.39243174064216724,9.0,2.0,0.25248270457068034,1
25417.344176657123,36.0,employed,14767.477545076441,8.513454841290265,0.6747155060226676,3.0,7.0,0.3143187926346243,1
23503.176415370555,41.0,student,17056.383714659834,5.9139465206981505,0.5271028619459398,2.0,5.0,0.5858070517038916,0
42629.465782014064,71.0,employed,19332.101540257336,33.65517631421257,0.6795016568971771,5.0,3.0,0.42524701761701866,1
49008.963798860575,23.0,employed,28142.417592206562,2.8234187955554173,0.6352486068604415,3.0,,0.3803097076659811,1
,46.0,retired,23933.80075575197,11.092418294539877,0.09897699327621207,8.0,5.0,0.7829802521036309,0
103141.49043973534,65.0,employed,27377.144300114283,11.551138677677963,0.524412172791304,3.0,7.0,0.2925720151745743,1
24985.990987170877,44.0,employed,7641.49219172226,19.64251840766672,0.5814351915226272,3.0,4.0,0.4064245011040418,1
16159.899747024501,50.0,employed,5597.576342921996,12.44807143451511,0.681176526444095,3.0,6.0,0.5068426481385485,1
7516.841966418816,37.0,unemployed,5250.029323113236,6.93929526232284,0.6875726012984387,5.0,7.0,0.5684197504001632,0
25544.41758879607,25.0,employed,,1.8242208778538513,0.5335168766380172,3.0,2.0,0.4551868628972401,0
22311.031733407082,54.0,employed,6064.469554261082,19.670829316486138,0.708193921089229,2.0,7.0,0.3558280909568129,0
,70.0,employed,12828.77616396345,18.68838780815594,0.614229031901319,4.0,7.0,0.41440185671767277,1
74730.05497577997,47.0,self_employed,15847.518327787384,20.46564363048494,0.6696483943425054,3.0,3.0,0.37131407330294297,0
27446.86991905686,42.0,unemployed,3703.8403669409727,14.631841684226142,0.6883180583346504,3.0,4.0,0.1309479115312404,1
46730.58951336167,25.0,employed,13617.003089587404,1.4164426043995082,0.7728165365616462,5.0,3.0,0.28998478497215907,1
105940.84038599551,71.0,employed,77287.48519518603,28.588452650979708,0.25360027849222083,7.0,4.0,0.5740145654968453,0
15194.1580046509,67.0,student,6070.5159371338605,16.615939498500037,0.6187968346297779,8.0,7.0,0.5336784080372097,0
16054.436037494268,69.0,employed,6115.176212904979,10.670233872850678,0.6542086135091219,0.0,4.0,,1
61487.49095153024,38.0,employed,17730.813527716913,11.432405955849351,0.6436340995616986,5.0,10.0,0.5456074461693798,1
14482.594153278846,53.0,employed,2783.112889540056,11.303201564313964,0.6944397042894784,2.0,7.0,0.30520917559740224,0
24896.897807573743,42.0,employed,2786.143934354581,17.754755663326502,0.772411383207337,2.0,4.0,0.20984663644863963,1
47101.311103592474,31.0,employed,17024.20085158182,7.072369779436027,0.6955699385075655,1.0,4.0,,1
34503.2658195513,29.0,employed,13901.368863181966,3.5806217241522393,0.6452586048284067,4.0,4.0,0.5023632524677462,1
33008.60679999952,39.0,employed,9773.24484704636,16.537005740059247,0.6090791204726234,2.0,8.0,0.28005884849999635,0
20122.72361498084,49.0,employed,9744.157732516042,16.36381313896675,0.55894189192823,3.0,3.0,0.4414579684074678,1
39731.872768502464,24.0,self_employed,14013.229592316158,1.795699819654951,0.6725495046211133,2.0,5.0,0.2697146319286478,1
59983.88635401353,58.0,employed,14732.740513345041,20.413812084057778,0.7030181909470035,3.0,3.0,0.08967355932365555,1
36679.89113016582,44.0,employed,4990.979234110264,20.16584530828035,0.5582028490993111,4.0,5.0,0.11006390023647197,1
8392.258356771103,68.0,unemployed,587.510181444956,22.726306925266567,0.8842342309878823,2.0,8.0,0.04975426483805378,1
,33.0,employed,9555.499750498508,6.828109607052643,0.7807357118483708,4.0,7.0,0.41814023575754894,1
8479.278003152273,20.0,unemployed,3787.656153231309,0.9533520666697584,0.7019194580747208,4.0,5.0,0.1817048715559437,0
44186.15908739315,35.0,employed,7149.9801654274315,6.257056221775787,0.45164359891901884,1.0,6.0,0.1817783674214928,1
15092.889331311493,73.0,unemployed,6697.94369736448,16.3388592304405,0.5156459337531839,3.0,,0.6701868913749123,0
24336.838029531194,36.0,employed,2818.070578919355,9.852419196379007,0.8213297108387851,4.0,4.0,0.2914648807851009,1
12023.523348943621,58.0,employed,1298.4410363435445,29.460804721221237,0.5672275554389338,3.0,4.0,0.2157961235211878,1
44801.92480314645,66.0,employed,15315.47092664845,30.789016566760885,0.6024353199823194,4.0,2.0,0.19751227030155186,1
23182.345554943768,34.0,employed,10090.116807219192,4.1233991133204935,0.6875143610938158,5.0,6.0,0.5156291263863761,0
51253.0926467912,54.0,employed,8512.165318784386,15.858337882797247,0.5520661639596346,4.0,8.0,0.24665355012567594,1
27371.438514837162,29.0,self_employed,,2.2349528073763136,0.4210651788163398,,3.0,,0
7756.043684271879,38.0,unemployed,6400.890239673253,7.695284630644918,0.46392462813384566,8.0,7.0,,0
39206.03443619051,34.0,employed,17132.103151606578,9.626015289095225,0.6579846573228713,5.0,4.0,0.48291967073183767,1
59024.17793500918,56.0,student,36678.659668380926,14.217341663595034,0.5509666098550581,1.0,5.0,0.33492370455209575,1
,67.0,unemployed,3865.7993849212517,34.5124145813979,,5.0,9.0,0.300373820905202,1
19437.558314947008,32.0,,8114.46773398886,6.8100273937419775,0.7518687081030472,5.0,4.0,,1
47797.85045916281,34.0,self_employed,6054.021147527586,9.624014363263449,0.5922196321063855,2.0,8.0,0.1301773390469506,1
16643.120869806997,64.0,self_employed,4426.303904560519,33.59468016256895,0.5925834281152706,7.0,4.0,0.37271339850006596,1
20719.484456560098,44.0,employed,3535.3284565262443,15.851840814930995,0.6070286387902927,4.0,6.0,0.23383161563232416,0
11382.652299686368,47.0,self_employed,5998.997451886385,21.413475954567232,0.13718787881384997,3.0,7.0,0.6753786769019681,0
43122.05088536428,58.0,student,21346.468336458463,27.393568542207298,0.6094197736738549,5.0,9.0,0.3772410747951328,1
77939.87807739788,25.0,employed,35594.28555911308,3.7816698306564405,0.5671888366377467,2.0,7.0,0.6131944516430007,1
44196.87053163386,67.0,employed,18315.255228136306,18.538653140513752,0.2214171472983212,10.0,7.0,0.29373810595639144,0
38853.65967710437,38.0,employed,9249.344822488625,7.577708855816274,0.5581956070188787,3.0,4.0,0.31999898856643505,0
8358.696878833687,55.0,student,2035.6150804327142,26.832350194855508,0.606949578090534,7.0,6.0,0.2507860523620053,1
,42.0,employed,16075.317686129221,5.575932908234426,0.6272557615846805,,7.0,0.6809886777922719,1
97880.84191351394,60.0,self_employed,62280.859108259596,32.12420857203997,0.43579095726178185,4.0,5.0,0.3593406970790202,0
13573.652473880556,52.0,unemployed,3138.374014969387,13.472019923920426,0.8510931426398091,7.0,2.0,,1
19168.082845044493,27.0,retired,7787.252896541452,5.789903722992389,0.4870121794587865,7.0,3.0,0.39724192711736195,1
15077.587821763691,28.0,employed,4532.979084330935,3.98017851582469,0.6684063919404428,4.0,4.0,0.3518342523213798,1
25344.847637983617,68.0,unemployed,3955.943776622895,38.59904167699483,0.7174501596307115,4.0,4.0,0.17676058493094102,1
17532.488402520892,47.0,student,5829.211798935629,6.434648124727029,0.7175979867793966,3.0,8.0,0.5286275075893676,1
15087.669100331985,33.0,employed,5855.432363887192,6.179869889762848,0.7901748298723652,2.0,4.0,0.24292222036633004,0
8006.788589109105,26.0,unemployed,1820.2793941826394,5.763813025730773,0.42189211823868855,3.0,5.0,0.43753516789694435,0
19172.476066636573,25.0,employed,5675.220987900071,2.55103746437529,,2.0,,0.3575383897808942,1
37400.46501750067,70.0,self_employed,,18.999327669710205,0.4342981857772077,7.0,3.0,0.1941132321218279,0
40282.38214802617,73.0,employed,8320.724155453863,40.0,0.6610398017160537,1.0,3.0,0.4016008722687189,1
28237.08511184596,40.0,employed,16174.320696113213,15.363685741878133,0.5074676903958395,,3.0,0.6101951367810848,0
53558.15212823452,29.0,employed,19002.179197334986,2.898089888956169,0.5935353462886728,7.0,3.0,0.5389816833998881,1
37774.9370327267,41.0,employed,16112.575666736779,12.606482756196986,0.31396540538280127,3.0,5.0,0.4657282180420936,0
61768.956339568715,25.0,employed,11943.135197972306,2.338259791027687,0.5972960279991003,0.0,4.0,,1
33413.42822272786,49.0,self_employed,6201.484296640292,10.20157185482636,0.7278336155681572,1.0,6.0,0.4482807618721003,1
166485.3832075201,53.0,employed,108809.91045886076,19.923483724974815,0.5721260094860542,6.0,3.0,0.5909718364170509,1
27385.135310857084,74.0,employed,4750.55641030839,,0.5715579979548655,4.0,3.0,0.24390082823534318,1
25428.991097738966,36.0,self_employed,5460.230357463467,8.67361321083214,0.6789455452627324,4.0,5.0,0.2627340632359182,1
23912.578696356803,29.0,self_employed,11206.126303166613,3.888423446135008,0.40492510957945155,8.0,3.0,0.5129851969806171,0
32680.362349643132,25.0,employed,10536.52357077832,4.986474384824901,0.8207404094428413,2.0,2.0,0.2908557261488294,1
7685.454335524454,39.0,student,2498.923401953254,11.186627327838464,0.6281189537969529,4.0,3.0,,0
42078.046460404774,52.0,employed,21986.568693610694,11.18822015773695,0.472217059145442,6.0,7.0,0.4327196426069843,1
4902.6246851443975,21.0,unemployed,802.6247209485424,,0.6676100029864512,1.0,3.0,0.4228796954382252,1
39372.99530837327,61.0,employed,9277.146544440058,29.830730484494197,0.2503604075220838,7.0,6.0,,1
,44.0,self_employed,6482.882765627727,9.338558793708254,0.6530489134472198,3.0,5.0,0.3346426300334384,0
21008.41503454782,63.0,retired,4843.591711918796,34.94837451071103,0.5806372226415065,11.0,7.0,0.28728491644339066,1
17196.27509437348,44.0,unemployed,4712.541474310464,9.37672710741592,0.7355058888172104,3.0,5.0,0.2499756672102941,1
114923.14067377697,26.0,,49723.97045508761,3.004686985825487,0.5806610539877953,4.0,2.0,0.329369931739472,1
23302.359940242142,19.0,self_employed,6431.339881532105,0.4315780125828667,0.6852690483906823,1.0,1.0,0.40636612684801066,1
33686.12381407966,49.0,employed,12276.457849225133,9.265377100454955,0.7101506379307378,0.0,3.0,0.21638527537882368,1
27817.784974631035,48.0,self_employed,9043.35813626742,18.366290496829823,0.6811474930461521,2.0,5.0,0.2095647402377858,1
8227.543057939381,64.0,unemployed,1175.9089714798597,24.58251019284711,0.5035211640382441,3.0,6.0,0.09444647970729257,0
17780.15792281423,68.0,retired,6239.98653997764,36.8338744465577,0.3034494816421082,9.0,3.0,0.6105901318624761,0
54832.21898321938,27.0,employed,61681.00604956188,3.1007262184912796,0.45681550565508444,0.0,4.0,0.5988963136510579,0
28451.952542997107,35.0,employed,11088.812003048066,5.136355043311834,0.7797137798047438,3.0,7.0,0.37851134610543286,1
111821.1891622399,,employed,78061.53960934097,4.566914391684897,0.1855634205055935,10.0,5.0,0.7659718418634254,0
44711.66139720921,24.0,employed,16040.161027712755,1.7259912606291195,0.6905841655959241,4.0,3.0,0.36845126760461283,1
21916.491510266515,18.0,employed,2794.073764279165,0.0,0.8128247988531476,2.0,3.0,0.0688365562883517,1
30231.73286814869,22.0,employed,15983.13179276591,2.5218720724865804,0.5891640966445442,4.0,4.0,0.41526183716545884,0
26752.593068983984,47.0,self_employed,8057.61079029716,19.653734790895445,0.6352102085552719,5.0,5.0,0.3173142537339338,1
54178.22351212571,26.0,employed,7984.836086382618,5.190609392186024,0.6600431276746455,5.0,1.0,0.22211426934396009,1
16004.259294751446,29.0,employed,10558.74568579133,3.802606553499734,0.5787845376382768,3.0,4.0,0.5115822367590438,0
18574.116597650584,24.0,employed,2743.480098247901,1.7063638968728516,0.8653754167287406,1.0,5.0,0.18310290624281614,1
13508.57246171878,59.0,student,3381.9212293683822,18.764066142032444,0.4244225030872114,5.0,2.0,0.38232787230767173,0
56206.268925246804,54.0,self_employed,8962.191040566044,25.106813030328798,0.798257399643116,2.0,4.0,0.14130781971062611,1
,72.0,employed,16741.731059726477,21.508696646664898,0.6859873746751952,6.0,2.0,0.302376551907498,1
72422.41250005933,24.0,employed,40548.3504567296,1.2344265920219317,0.45267270817999755,5.0,5.0,0.5501978462839595,0
47330.053817717984,29.0,employed,25961.73704527876,6.556400634001706,0.6150287743541558,3.0,7.0,0.49912680855456654,0
34841.17764167507,43.0,employed,9252.253137853588,8.000946062797462,0.5635253874020846,3.0,5.0,0.3288060683457689,1
54030.98223752751,54.0,employed,9061.170142835337,18.925239507659427,0.7208245403003188,1.0,5.0,0.13841719957345172,1
20491.177185363435,25.0,employed,10206.345134237989,1.4624962101075993,0.4974635327483322,5.0,4.0,0.6753778927985901,1
7219.378937368759,30.0,student,2031.5210322675703,6.063718960475357,0.6466732395735397,4.0,6.0,0.20645057699943722,1
45175.888753811065,42.0,employed,15018.678938357649,10.46796219504782,0.8222234630409572,4.0,2.0,0.2875378557329511,1
24160.418435040014,19.0,self_employed,8097.053689339594,0.7282471921896203,0.6245265248288877,0.0,4.0,0.26339129093894714,1
35148.83081369307,40.0,employed,7258.035554173488,13.927942152661199,,6.0,10.0,0.22261174203984052,1
26987.756090314895,61.0,retired,8145.155795363249,9.529526396494706,0.4237890716486946,6.0,5.0,0.28214824061309945,1
28778.528090557218,48.0,retired,9626.347555643544,20.211403139498884,0.6086324025730958,3.0,4.0,0.2872625978248176,1
63844.514729283386,,,40897.38790706267,16.193675343009517,0.49746494402266,3.0,5.0,0.5536028052328302,1
55052.22692736848,45.0,employed,23544.405793904312,16.147234682996462,0.5243378227795922,7.0,4.0,0.3614045082500534,1
40034.62699872975,71.0,employed,12662.088745166826,,0.6664216249578666,4.0,10.0,0.3502133974365073,1
10190.082631552992,47.0,unemployed,2496.877436417863,19.776611381390772,0.6825528523144324,6.0,2.0,,1
42158.48399274976,48.0,self_employed,18591.666851533933,9.940175962835177,0.6678708511366793,4.0,4.0,0.39997976001050334,1
26954.210331870043,71.0,employed,15183.7041901827,22.73315914377346,0.6063036813796777,2.0,5.0,0.53860663104487,1
32918.350229398646,26.0,employed,3013.568015971263,3.2796314676945917,0.7464874532509684,3.0,3.0,0.10566484148316664,0
134468.69658488093,23.0,employed,31672.964168048802,2.514723449318211,0.7568495725584647,1.0,5.0,0.15641600206260764,1
13922.65607877248,43.0,unemployed,1139.3798709412663,19.305704302964532,0.8530707122159089,0.0,5.0,0.03435304241099257,1
50032.7309040886,36.0,self_employed,6459.687722288081,10.248462379236368,0.5980990388877839,4.0,5.0,0.10633395269819153,0
28073.177308955295,29.0,self_employed,12618.123435096973,4.26539779217285,0.5174997181159278,5.0,4.0,0.458893728871769,0
66525.91753066068,24.0,self_employed,18115.504198940333,4.58946385818758,0.6644206558103284,3.0,2.0,0.1832217690209663,1
53110.83372282365,68.0,employed,17758.89221626561,31.008144184890917,0.7063188856060129,3.0,2.0,0.17973857256910955,1
53299.182766618454,53.0,employed,13347.804364011014,12.587690993122072,0.3740218329980538,7.0,5.0,0.25647037406892575,1
40434.78156452574,57.0,employed,15759.67638557377,29.012398789972174,0.676393904371975,6.0,3.0,0.4656057790558256,0
21317.27217615997,24.0,unemployed,7913.726654186268,2.4391664320899564,0.6320408969830213,7.0,5.0,0.3126235957363087,1
68585.92366818202,37.0,employed,12572.576340056687,9.68480854166312,0.7317588345020986,6.0,3.0,0.3037604414762953,1
41837.54661348854,53.0,employed,18851.146176564,17.06367975948476,0.6299226617637794,3.0,6.0,0.3539911686930761,1
34292.907059441415,48.0,employed,10269.576338982402,22.625355719385368,0.7090747554085206,3.0,7.0,0.5389323817915393,1
56799.65297283435,57.0,employed,13639.365736545464,14.016522609983038,0.5574368755759227,7.0,7.0,0.4230851080760558,1
23108.073710454348,56.0,employed,7369.482766593249,15.19939382855193,0.6830147544902817,2.0,2.0,0.16896088070532828,0
25362.319306990208,41.0,employed,5183.561581346181,13.71021053005488,0.5733621177650602,9.0,6.0,0.4670741807204169,0
35360.470708592045,62.0,employed,20784.849992948064,32.20665455692135,,5.0,5.0,0.40248089970049994,1
5321.440632618983,32.0,unemployed,4454.267698425516,3.7650263616183697,0.1924484366628222,12.0,4.0,0.5436416962468552,0
54929.050292956425,22.0,employed,17549.794728165853,1.303720445373091,0.7679207553443382,4.0,7.0,0.29212167467593475,1
,70.0,employed,6395.411467088898,,0.7927808146563633,3.0,7.0,0.2257084874459402,1
28688.582183087143,19.0,employed,6559.9841432142675,0.6663782626426584,0.5452431574730493,5.0,4.0,0.43337416910286136,1
11424.758499748865,34.0,unemployed,2876.8951295396582,6.522269767883677,0.6471713910878227,1.0,2.0,0.31146939295982073,1
37035.91552902962,24.0,employed,11876.237713568076,2.487485309086662,0.667762349122557,2.0,9.0,0.29107368378432624,1
10703.769383967194,31.0,unemployed,4184.699742840235,6.262364191197418,0.7136165286722909,5.0,4.0,0.3729913293696417,0
17556.28519983069,40.0,student,11017.618313543131,13.294153396735561,0.5714217192655408,1.0,5.0,0.6089634371391206,1
38773.65746075126,25.0,self_employed,18659.749400883804,3.7563726395357375,0.47884468744963415,4.0,1.0,0.4736706619060737,1
29041.598761280617,44.0,employed,14395.30126357054,17.30747125897589,0.42202595808686905,5.0,3.0,0.5525577521024776,0
27138.61637282828,70.0,self_employed,5136.779971839823,12.090003903540415,0.5260366898186335,3.0,7.0,0.30035245698764873,1
62363.59447200958,25.0,employed,27741.42712739701,4.839971118563714,0.6607364276341261,5.0,5.0,0.42908543164301816,0
12680.201878307505,70.0,employed,1796.1721089051762,12.211202174676929,0.7350510459839054,2.0,5.0,0.20109501012839046,1
32765.86071579977,41.0,employed,10335.854277276781,16.75744016530042,0.7547823952020605,1.0,8.0,0.38550673788390444,1
28725.78022011427,51.0,employed,8330.9207723076,7.4564378198804775,0.7416826351626897,2.0,4.0,0.16020003651939466,1
,43.0,employed,9001.215638300138,6.917486470682039,0.6469300310775932,3.0,,0.3719770867159426,1
17550.77876073357,36.0,employed,1643.6036901008083,5.5459912156241185,0.7323538884785086,3.0,7.0,0.059765571620573,1
28285.57763088068,24.0,employed,4374.67379258181,2.002982815702736,0.7595754061716897,4.0,3.0,,1
34503.6409766184,51.0,employed,12412.032309268357,14.55488903728702,0.4643279562536216,7.0,6.0,0.29708405397127435,1
62009.12342299516,70.0,,14807.641483264915,30.851038614571085,0.7945600089839061,5.0,5.0,,1
21438.535433305493,47.0,student,5788.528541945444,21.33129884519534,0.6437583789622966,2.0,4.0,0.36529107349445517,1
20095.59457327114,52.0,employed,12410.92827644262,17.499857326784095,0.6526569429644802,5.0,8.0,0.4254358162809143,1
31306.21191090055,54.0,self_employed,4058.9221832657595,18.7017784022997,0.714720790567388,4.0,4.0,0.18623635582421422,0
56558.21136126174,40.0,employed,21756.514540277363,8.614827292935832,,4.0,3.0,0.31479025146813827,1
19922.65025141095,24.0,employed,5810.715524135153,4.082449527501057,0.6095134852926749,3.0,4.0,0.2830659335680212,0
34915.21125502248,46.0,employed,11847.410768292017,7.456168632385717,0.521121315515903,0.0,8.0,0.4960969727764421,1
36150.27279435002,67.0,employed,15064.318909386982,18.652433511350704,0.6923674938525974,2.0,2.0,0.534391212074639,1
29944.725266098176,35.0,,14494.414377257504,4.3892104201392605,0.8064449569197798,2.0,4.0,0.2584910966556612,1
139787.10860435647,67.0,employed,46175.554056201334,16.09691607349069,0.545722399361456,6.0,3.0,0.5576574646680236,1
29543.950181289605,66.0,employed,5060.526059907775,26.494019852806577,0.379466248306588,10.0,2.0,,1
45473.38913566379,31.0,employed,8740.402659236725,3.582491026251116,0.6872263858502865,1.0,5.0,0.2378688594298733,1
24756.6505227289,50.0,employed,5136.2262984922045,8.331861669059617,0.3345850989322596,8.0,4.0,0.16193563819831922,1
47281.48196374965,60.0,employed,,29.212952448277843,0.6764004990107628,7.0,8.0,0.32072302031123595,1
56128.20894776413,46.0,employed,17752.722238426348,7.5874253519815085,0.31254711008132885,3.0,4.0,0.32937668898906924,1
27065.577096796827,57.0,employed,9393.179078983992,22.028448387944387,0.15792897206465556,9.0,7.0,0.7045936737342001,0
35335.701027410214,69.0,employed,18300.229805467912,20.97154219656161,0.384725222952587,7.0,4.0,0.563571070279102,0
179875.56287188423,53.0,employed,72101.68743073019,25.82370955730118,0.6892969762105304,23.0,6.0,1.0,1
20492.169037483072,65.0,employed,9752.607760543739,29.352911037991767,0.4747022929069957,4.0,3.0,0.4692676101988594,0
60985.884592179515,63.0,employed,30527.170997843365,10.604616250852631,0.3028772171349064,1.0,3.0,0.46389546447865204,1
13764.558548683717,64.0,student,1201.687283389447,33.91491985005708,0.7184352880167966,7.0,6.0,0.14762976873830372,0
10863.826024726537,66.0,employed,2518.422683240191,21.520288162637833,0.7700149753967963,3.0,4.0,0.401014369914012,0
87787.82286366474,30.0,employed,33339.81632798407,4.547237632685508,0.629851596516576,6.0,3.0,0.435004098615937,1
24317.51954459302,19.0,employed,17127.18580611099,0.6036692129377195,0.645077757739386,8.0,6.0,0.5295827494707758,1
22474.543196838342,26.0,retired,4847.822314676235,5.046274821917095,,3.0,8.0,0.2929362824133198,1
90740.89645515243,32.0,self_employed,16631.255056377453,5.34730652571523,0.8296431356161106,2.0,3.0,0.15076216652965505,1
37213.95605635476,57.0,self_employed,18819.425589557537,16.028763176330862,0.6667792870979634,2.0,7.0,0.5339058939362995,1
23427.287512656767,47.0,retired,4941.188104253483,8.520150865416415,0.679013478558744,2.0,4.0,0.31726431241781633,1
19651.58897163855,44.0,employed,1185.9909768674927,14.45771961102312,0.6070258235626302,4.0,7.0,0.03511240677910373,1
11225.106566581502,18.0,retired,2951.979003065162,0.0,0.7804796443470396,1.0,4.0,0.26913713480171597,1
33416.56010781101,56.0,employed,12154.456342349058,17.09903774142937,0.6702142792236749,4.0,5.0,0.4542241472952438,0
,38.0,self_employed,37027.14188124327,15.954474179133218,0.49181068145594226,5.0,6.0,0.6626541864338696,0
42309.32136959727,61.0,employed,14219.756269686852,13.151496795992653,0.7127718077141423,3.0,6.0,0.4242731977841319,1
28548.77936174384,24.0,employed,14348.171302284385,4.065958052550426,0.7819717860740765,0.0,3.0,0.39805339848766375,1
18342.60397522142,34.0,student,6053.652776974024,12.109839234696867,0.5981468663407444,6.0,5.0,0.40572848241386583,1
14492.622449419741,21.0,employed,4225.8534858306575,,0.5983405591589124,2.0,5.0,0.29894308443175055,1
31997.356417270385,34.0,retired,15073.213304691091,,0.7116604387192383,3.0,6.0,0.38255437647977186,1
39367.77717142057,70.0,employed,10780.975737123554,,0.7759592759347431,2.0,2.0,0.2929032340954565,1
107166.67662288467,45.0,self_employed,40132.36982503444,6.787786173472125,0.48386338016334207,6.0,6.0,0.48089459822202835,0
25516.09935730167,43.0,retired,3884.539914100217,14.026221813737012,0.7828553276759832,2.0,4.0,0.132463250067153,1
22666.998246993302,33.0,employed,11375.243510928587,11.983339282430382,0.384720897129601,7.0,5.0,0.3963781953816569,1
,33.0,student,7470.046620055587,6.372791519117332,0.6332073983544526,5.0,4.0,0.4071483056828137,0
30825.578651083924,56.0,employed,3895.066114971048,11.315146969598757,0.48092221901588095,5.0,7.0,0.27208284607047384,1
49645.553779253874,74.0,self_employed,9463.63237552828,20.226310540812047,0.4945257011358687,6.0,3.0,0.24429623156749172,1
36807.099651528166,60.0,employed,16907.39657143922,22.784209624096764,0.3297702371150003,12.0,4.0,0.6745662370215024,0
19341.854417119797,60.0,,7828.928992591133,22.737837028223595,0.3796084095324401,5.0,,0.3499950291342455,1
17631.4326775696,44.0,self_employed,2403.0313830856776,8.785204993806376,0.8390389770187723,1.0,3.0,0.27066493066510755,1
41417.30639450681,23.0,employed,4509.179351817287,3.2521142216134757,0.8128251954152437,1.0,3.0,0.06089690321588851,1
72515.620335141,59.0,employed,42010.12538198372,10.365102370736668,,4.0,4.0,0.5171360606667481,1
452328.0363480776,64.0,employed,70578.96587668544,26.395911804287017,0.6189809069442251,52.0,4.0,1.0,0
27268.88251358261,47.0,student,9958.420370837346,13.207161711736646,0.5750998414451289,,4.0,0.40772444969213256,1
60258.84087494733,23.0,employed,6611.2963761344245,1.3815250595297404,0.8101040282797297,4.0,4.0,0.1789339946056569,1
45647.59050496668,58.0,self_employed,20457.891593796772,23.225234050295704,0.6797342187426074,3.0,8.0,0.5504846719969207,0
16917.084579379676,70.0,retired,11489.94470887367,31.399141847681808,0.6881743671356212,6.0,3.0,0.4443477046442534,1
40040.793163964656,30.0,employed,15467.49791917036,5.568146128544578,0.47565818230800977,2.0,1.0,0.5323419337708643,1
66405.58502836197,27.0,employed,18115.14049536316,6.109161225113241,0.7952526104877884,2.0,11.0,0.09644751861889138,1
52065.37682910519,60.0,self_employed,12385.608018631168,21.234777927144236,0.8432034427464172,1.0,4.0,0.16136215014448857,1
52792.4079966863,36.0,employed,5413.5576980102305,6.686148082664257,0.7106556077726666,1.0,5.0,0.07225984451940046,1
28817.176055050557,,employed,10445.867444176778,30.88643067051577,0.6317765451951198,7.0,3.0,0.356188373715556,1
36103.074248435994,58.0,self_employed,,30.657056905996907,0.7109553808739315,2.0,2.0,0.3590759605789879,1
34222.42276264754,,employed,7226.245329876685,3.860592552465105,0.30961292574743104,8.0,4.0,0.2605298140029226,1
35395.1823740325,20.0,employed,15156.816008372838,1.5352975390580603,0.5444190781862499,8.0,1.0,0.5561991916794234,1
71631.43821604818,49.0,self_employed,71311.51939303734,20.62397228173269,0.5313816587421638,8.0,6.0,0.5566211132228774,0
11230.775886147287,41.0,employed,7620.1544036753985,6.071689443289838,0.6323285141973729,2.0,7.0,0.44067484200134144,0
36874.2646700062,66.0,employed,6398.591028732142,24.556567829343784,0.7663562436550907,5.0,5.0,0.18506752649937133,1
34900.33866991889,38.0,employed,14380.604766840182,4.4194157209311875,0.5510350659833994,4.0,3.0,,0
9146.277535007623,32.0,student,952.6677954631842,7.746399392711366,0.6787402048860133,9.0,4.0,0.1648908249966801,0
55892.964251384874,67.0,self_employed,25635.116323376635,37.2357166709247,0.40352714170613746,4.0,4.0,0.2070146555150072,1
25279.521094319574,59.0,employed,12922.232427640105,17.25795954214227,0.5085538846201051,4.0,9.0,0.3839603905164197,1
30378.295704702337,53.0,employed,,17.68112865507432,0.8164642106248059,1.0,3.0,0.16146315895686564,1
91527.15231700952,72.0,employed,33493.02087001148,18.172954559246705,0.548495549653736,4.0,2.0,0.49073597918939016,1
,62.0,employed,17990.9927881061,23.08098073412276,0.7220240890005081,2.0,5.0,0.4000560790764411,1
48399.437443672585,67.0,employed,9949.867005790578,33.39569526105491,0.702375198908443,6.0,7.0,0.2922787186222532,1
30752.09876369545,63.0,retired,3477.770263298097,14.811973396305207,0.6265965471872311,2.0,6.0,,1
33445.08064351135,40.0,employed,9909.6185479627,11.70602525793163,0.581754767604586,4.0,5.0,0.44050296323525456,1
34539.763625824984,21.0,unemployed,,1.238357898812246,0.5921250422843591,4.0,1.0,0.4163815810404454,0
54235.11282224836,52.0,employed,23518.078622281133,22.056590392704663,0.3967802670704824,5.0,4.0,0.4344061900975675,1
24964.873180185812,61.0,employed,5714.734228377798,26.712597478495837,0.6747278029213806,3.0,2.0,0.29250527088499584,1
18032.822721764674,74.0,employed,4590.536566385139,34.67933244543326,0.7961784249048844,3.0,4.0,0.1905465490567704,1
48214.6888238121,56.0,employed,15075.549852192738,16.213911448916207,0.6176762991912603,3.0,4.0,0.4323544139360627,1
12360.279086393975,50.0,unemployed,3393.765866145606,17.906162617033182,0.8052324803587236,3.0,6.0,0.19984244723770217,1
141822.84882451358,50.0,retired,63085.54636055465,18.90083552678027,0.30038964854751116,49.0,8.0,1.0,0
22497.1947422167,24.0,student,9052.535609667642,3.650930300531025,0.7773046761307397,4.0,5.0,0.3151040391388949,1
31744.870107334697,18.0,employed,4087.810156701085,0.0,0.7555783564068351,7.0,7.0,0.09435612906258423,0
16572.67176075785,20.0,unemployed,1760.89043695544,1.44016569618787,0.6915981064466448,4.0,8.0,0.1142299696100352,1
45291.29398730838,69.0,employed,8982.75990427441,17.813236525662084,0.5157242826672732,6.0,4.0,0.3138052671094795,0
13396.125584793783,63.0,student,593.3924634866688,10.506783312757166,0.8404838044125674,2.0,2.0,0.05578030173870759,1
49832.486127390504,32.0,employed,19710.74150711227,10.88502901253992,0.7755602968825519,3.0,5.0,0.3168221489992068,1
28312.18223522656,42.0,employed,3033.3944858610625,5.674565663383707,0.7915244902161118,4.0,5.0,0.1791115698159217,1
29247.783248427255,45.0,employed,11358.38680851968,20.027881623829668,0.5856978806276333,3.0,6.0,0.4464365150510227,1
27829.845326003542,32.0,employed,,7.943193470415478,0.6455717965105348,1.0,2.0,0.5454448715646264,1
63926.3688882256,42.0,employed,15538.819859059387,,0.5799363220296165,2.0,2.0,0.37923017062554265,1
15781.073565902767,37.0,,5857.724434858177,10.240474808414085,,5.0,3.0,0.42193288121283157,0
25245.405702790853,57.0,unemployed,5935.531882271893,27.01160417653169,0.7267125505119698,4.0,,0.20034571188882966,1
62011.02626225831,61.0,retired,31140.260954348516,27.20928879145097,0.5589051326757419,3.0,9.0,0.6282378993628775,1
25100.43439572671,23.0,employed,3996.1688647084065,2.575336400982012,0.7623682669621934,,5.0,0.10689143928615939,1
8429.580969071727,44.0,employed,3418.669887788051,10.867848003276462,0.6073258230292617,7.0,4.0,0.5298022641541386,1
61221.56475031688,74.0,employed,19973.414446866904,11.296063095128302,0.6368885479944326,5.0,7.0,0.3869520676152737,1
30607.919183964583,67.0,employed,10222.24509489439,17.176615072339683,0.6237640060701202,3.0,2.0,0.5072962523696062,1
23550.60510122502,63.0,employed,5824.997512896799,34.69770382879647,0.7964350871313507,3.0,8.0,0.2617028798340364,1
27055.37435847691,59.0,employed,,14.976361457478786,0.7995840735959953,2.0,4.0,0.19238883762022072,1
29513.205591018534,18.0,employed,10403.1395656352,0.0,0.5648786842258766,8.0,4.0,0.5463148018045153,0
69466.26689782248,73.0,employed,14595.594346836398,27.780421279534092,0.6087296685364038,6.0,12.0,0.16352496758167404,1
39338.36851416691,59.0,employed,7068.699987625919,15.789453862508063,0.5955673096044779,4.0,6.0,0.4698441337748327,1
75895.25878701734,68.0,self_employed,34837.152811736145,39.732803468871424,0.35967343668142465,3.0,9.0,0.3303895435628553,0
46495.46498612463,69.0,employed,8187.3391832741245,11.637415952258701,0.47358380803277556,5.0,2.0,0.2989962664529839,1
15556.556326562466,32.0,student,6425.676965890301,7.6894476943818,0.8023782739416931,3.0,2.0,0.2962293476827138,1
29876.31779026472,18.0,employed,6415.092150678087,0.0,0.8062132599527359,1.0,3.0,0.15350808548613204,1
16831.07654335358,55.0,unemployed,12050.633216038355,9.09888629538577,0.5610951539841676,2.0,3.0,0.5653996652135587,0
60205.741136802884,44.0,self_employed,19592.05887202623,,0.5926733639209741,4.0,6.0,0.5408024400238318,1
65756.02117510284,19.0,self_employed,17471.378028836814,0.6165451842067349,0.4352150872257271,3.0,4.0,0.29415546669900977,1
35050.351611226404,33.0,self_employed,16587.211267877006,3.974957668140902,0.5584190270241234,2.0,6.0,0.47123874555637585,1
19820.17718680173,74.0,student,3649.4435288206228,38.11444371447034,0.6184524552890883,4.0,5.0,0.13564292977214235,1
53494.29996148266,38.0,self_employed,13761.289326011483,11.500731927425363,0.5767875528820461,3.0,4.0,0.17713836365943816,1
29971.957905775245,32.0,employed,24010.722835645505,3.6472037970222986,,13.0,4.0,0.7347478216202052,1
20589.36548932781,55.0,employed,6852.0135536240605,13.767284758544092,0.8145364397642422,2.0,5.0,0.2896825103832297,1
26693.480711164255,55.0,self_employed,13881.070708491361,10.445348544100392,0.6103527328391143,6.0,6.0,0.4848170839871314,0
32192.29054269337,36.0,employed,10963.28780698604,12.214093992023884,0.41588134036349234,4.0,2.0,0.27259363096430467,0
50569.48295150492,66.0,employed,10966.571817893753,24.94923720361921,0.7080447154065838,3.0,7.0,0.20670010417917936,1
68151.52048853396,51.0,,41601.265305996276,6.656032746988413,0.6316438692647494,7.0,3.0,0.44843314504285137,1
18434.4485245683,27.0,employed,2513.454871907215,4.731679695032025,0.8503319402618604,1.0,1.0,,1
26938.923581828753,36.0,employed,8502.139447977814,8.814279790061471,0.25808738772248896,8.0,8.0,0.6505867683133304,0
33402.2630037451,66.0,self_employed,25880.812916340765,28.120600406184153,0.5554870420210689,6.0,7.0,0.5638405764441865,0
18911.706326320233,23.0,unemployed,8727.014220942498,1.1045321664609884,0.6837493852318319,2.0,5.0,0.4271713781051205,0
9760.731328581656,18.0,unemployed,3239.67388691117,0.0,0.3959187248527466,2.0,2.0,0.3745916154620405,1
29293.87803902076,55.0,employed,5003.522364404053,15.155971933116923,0.7493296933042313,1.0,5.0,0.14264972547815852,1
17925.932948058315,43.0,employed,6515.850700872354,15.328071442422308,0.7459748036275494,3.0,4.0,0.2056179742917092,1
46244.770116596344,32.0,employed,,8.399087977745044,0.4163992228516418,9.0,9.0,0.6473623569923085,0
33499.991453767994,44.0,employed,27387.405786887037,9.540911835679974,0.2928557104738864,10.0,2.0,0.5380027965187172,0
28804.521845233052,28.0,self_employed,11410.856334990429,3.296405267377376,0.657810083028902,3.0,5.0,0.35732911360175196,1
31896.239179360564,39.0,employed,7611.089226527237,12.807382527001392,0.8055912285129001,3.0,4.0,0.2761643358434323,1
44659.52132028394,31.0,retired,12465.509980886209,2.8114793418436603,0.5517309695436592,6.0,5.0,0.4893114724137337,0
21972.71083596611,51.0,,4967.631204238586,17.624309967550204,0.8364018101327618,3.0,6.0,0.21120766565341678,1
,56.0,unemployed,5673.9027194360715,17.269449038606098,0.5133287091226724,5.0,8.0,0.47409076328116867,0
67922.74421005222,70.0,employed,15182.786930074939,,0.6841706501420568,3.0,5.0,0.27842563837440776,0
37717.8001304758,21.0,,10275.230432335633,1.5365365607984367,0.47878268965906895,10.0,3.0,0.2370257390101204,1
55836.73293760743,36.0,self_employed,,5.945410691526273,0.7590540651828848,5.0,4.0,0.33218905013219235,1
44394.72588553543,33.0,employed,8574.6238111953,8.078894449943181,0.7221495600810954,3.0,2.0,0.386528913444447,1
12487.839369875664,51.0,unemployed,3869.0326149303955,9.549681957281601,0.7017488083850957,4.0,6.0,0.2744733869673506,1
30511.24064465866,48.0,employed,10903.226394439094,13.302472417644415,0.6355392641518467,5.0,6.0,0.3054497052821469,1
55037.99320303851,68.0,employed,13592.767476453377,25.312790059144163,0.7727542083615038,3.0,8.0,,1
64936.70361553908,70.0,employed,14770.943491697195,11.389072074967416,0.5624602797346246,6.0,6.0,0.4537175899069537,1
21856.902379406754,62.0,unemployed,7675.016438699543,24.92293514839782,0.32072429246853823,4.0,5.0,0.5100464148895497,1
20075.675421913013,29.0,employed,2208.2033402936027,7.152080937083523,0.8554927723983397,6.0,3.0,0.22281934976872056,0
,20.0,student,3093.6895817203635,1.5472882753732473,0.6520482193462981,4.0,7.0,0.11339605756244044,1
10627.606149802059,69.0,unemployed,5404.8030260920905,16.41566638541094,,1.0,5.0,0.4106610730294093,0
27386.224515174898,71.0,self_employed,7309.102287912785,17.236512678536606,0.5745810214546594,2.0,6.0,0.3119560336665609,1
33367.44995771189,32.0,employed,10374.408906658678,5.360578923522233,0.6291896025033213,3.0,2.0,0.2292578540426106,1
60528.789929200844,20.0,self_employed,11566.192398084155,1.4689168449482866,0.6848200346005343,2.0,5.0,0.12027862445833198,1
,56.0,student,4116.5122340858115,16.876343332197493,0.7175158169600186,4.0,7.0,0.25798809738139783,1
31962.122028841677,51.0,employed,12245.036804126661,12.575517498903908,0.6782104365208748,3.0,7.0,0.38884043345823954,1
55206.33186792316,68.0,employed,10903.886684944962,32.235423456381284,0.5535910354053051,6.0,7.0,0.36764922499422886,1
38945.95872186507,50.0,employed,12290.398438360513,7.129411409490736,0.6404229590048006,3.0,3.0,,1
27269.230762073414,61.0,employed,9647.819200572261,22.759414391754305,0.6716202376459958,5.0,6.0,0.31879231416824627,1
28037.34185483232,62.0,self_employed,6965.230500499185,20.685015764413286,0.43739474111358695,6.0,6.0,0.27376186976426997,0
44583.42455630638,18.0,employed,6178.183092140075,0.0,0.6530144011375137,2.0,4.0,0.24959130529984233,1
34847.65522812178,26.0,employed,6852.124860977033,5.10927843275398,0.49675825609774815,4.0,8.0,0.3512107626794525,1
18255.96989937363,62.0,employed,4344.587008100753,17.379693378395167,0.8117942749699668,4.0,1.0,0.05967062280108529,1
55469.06442232909,28.0,employed,17125.520261988284,5.818503116139455,0.7670551647860913,5.0,3.0,0.2479910942608273,1
28562.858120333316,29.0,,6234.706754216123,5.660569439542565,0.6681660470085335,8.0,6.0,0.23832142831508393,1
40251.90630879825,60.0,student,14735.148593180082,11.775988821834972,0.5076971939840297,4.0,6.0,0.2645156424372446,1
19807.485231287345,29.0,self_employed,15383.048702094871,8.01939297286376,0.5935489564321752,1.0,3.0,0.5175015930458764,0
33178.11337448843,26.0,employed,18363.954498668096,5.222032805588105,0.7679736469182027,2.0,3.0,0.3904184461907874,1
8956.985711863343,18.0,unemployed,3865.4882838419494,0.0,0.383567549153183,2.0,2.0,0.5147501566620724,0
,44.0,employed,8967.852819845275,16.438311626838395,0.6587779509217817,4.0,5.0,0.5025236734316795,1
28469.95619463198,54.0,employed,6076.287846887717,12.487821706175254,0.6990197346179865,2.0,8.0,0.13942263290081305,1
88016.87219035797,59.0,employed,24165.722971242423,18.79094513834534,0.36212014230039113,8.0,6.0,0.31017392642780034,1
27310.052616405254,69.0,retired,10889.457722252464,22.038173818612993,0.8205247227252355,2.0,7.0,,1
26888.559034237427,55.0,self_employed,15127.137615033638,8.195246904433867,0.5574410265016141,3.0,3.0,0.6136774954526473,1
16010.434975913067,61.0,self_employed,3689.32732267521,19.192142346855277,0.28796342053065455,4.0,5.0,0.15569325183930485,1
15356.87793844913,30.0,employed,4946.264243811503,4.888100068784039,0.8366844688578703,2.0,4.0,0.21731291790964372,1
27771.578703829273,,employed,2128.060338929203,3.8447311626900302,0.835199468499836,5.0,8.0,0.08841594238639201,1
29099.206586960878,35.0,self_employed,7122.320172505046,12.040657242731179,0.7438382444649189,3.0,2.0,0.2282393463615024,1
32466.843478025246,21.0,employed,16224.316268382112,0.8589739650141358,0.7147110658177626,4.0,5.0,,0
5829.933770862543,73.0,student,1326.310151306031,27.531421523713718,0.7083694337320304,2.0,7.0,0.3146494364962407,0
12140.922837319371,31.0,unemployed,2174.070812046648,8.720487020445553,0.6925444069988732,1.0,4.0,0.20865560554209897,1
60710.07160439553,43.0,employed,28186.451088353304,14.067220536497139,0.7407451888125861,2.0,3.0,0.31862794990156895,1
89924.95817792436,38.0,self_employed,52568.05030571054,6.032214704591812,0.5744374675197653,6.0,4.0,0.3655610900956489,1
,20.0,retired,792.6661677310348,1.141853350798134,0.6438325511779437,1.0,4.0,0.2822256329803224,1
24326.06334990131,69.0,employed,12912.704620735925,33.38246497013132,0.6757262668115476,5.0,5.0,0.3736670144046324,1
26060.948565775194,30.0,self_employed,4377.881379123547,8.554304516238096,0.6088432223668702,6.0,2.0,0.4112708967107581,1
19530.127127670752,23.0,,4839.411894571954,1.9559612792125936,0.7921729429305555,3.0,5.0,0.2541596159488434,0
19734.304905377237,37.0,employed,2390.7021139527933,4.1867039661106205,0.6661629934258446,4.0,9.0,0.18345504126919884,0
42107.6386488927,26.0,student,18785.62509373869,4.518151390925954,0.6103371581688586,3.0,6.0,0.6129682295924116,1
37114.43423406094,74.0,employed,9176.942783007657,18.785821940835266,0.6997958633201778,1.0,7.0,0.2354272282094301,1
37561.58137811869,28.0,self_employed,13556.617192222591,6.685370443667549,0.7962982051688565,0.0,,0.31216112909471405,1
28184.70523934556,35.0,unemployed,10161.103344804438,10.334793435534468,0.7664001773480833,2.0,8.0,0.21075196321955783,1
39627.80779157818,,self_employed,9450.439282460924,9.958681692083351,0.5541720095276718,,6.0,0.41486150642481207,0
44362.58456807449,19.0,employed,13625.50186890349,0.780518720192841,0.5764242526830684,2.0,4.0,0.19364980047668653,1
27444.225023815845,18.0,self_employed,11876.10956872787,0.0,0.6547744711536683,5.0,3.0,0.5336456930497085,0
18301.695182682324,47.0,employed,3941.368286831923,21.535055777135913,0.7073723699276352,4.0,6.0,0.23197551834917277,1
26764.16605360946,31.0,employed,10508.289900906464,7.606768383297546,,4.0,2.0,0.20815577144927885,0
108389.6538747137,22.0,employed,70948.74903520249,1.2361864308768418,0.36638291899774944,5.0,3.0,0.5467744574785032,0
49836.876160699074,34.0,employed,7135.594235403502,10.873358523286006,0.7108624030272408,2.0,1.0,0.25998366055262084,1
41658.77953570945,33.0,,21143.84179388887,9.24328761792344,0.5122281983734129,8.0,2.0,0.589569906808008,1
22288.21416392053,42.0,employed,6725.804338556839,18.882332798518792,0.6943469008541341,6.0,4.0,0.42754170061916585,1
28637.668766159666,74.0,student,11861.578737274536,19.379314828409,0.46050652864136576,2.0,6.0,0.5403101007358888,0
18419.28261085286,35.0,,7067.901678455741,6.797880266096112,0.6002755996263548,4.0,6.0,0.43973290675394283,0
,58.0,employed,9867.515486363985,27.71578463845693,0.2966559577637379,7.0,2.0,0.5697585000142535,0
27461.943117399856,61.0,employed,7656.174179983321,10.222551629266375,,1.0,3.0,0.478259510215381,1
96494.90190974751,20.0,employed,56685.7137318871,1.159839717537929,0.4561631112537269,8.0,3.0,0.731071926474526,0
103182.78395797846,46.0,self_employed,13789.441577308564,,0.7432807451552386,0.0,4.0,0.1292988528750381,1
28980.58887958457,43.0,employed,17128.713087619497,7.532328084013354,0.4757086531265677,4.0,5.0,0.5833541739270657,0
25923.37864425212,46.0,employed,9003.828588740344,8.374044715572085,0.7976440194941881,5.0,7.0,0.37978002741858363,1
,27.0,retired,3520.376656858638,6.17506715477149,0.7223543557478271,3.0,8.0,0.22061754258907904,0
13216.128757515198,44.0,unemployed,4457.281863531024,5.440944424827727,0.782454871547553,1.0,,0.32259693001557255,0
43317.69780606333,25.0,self_employed,11597.787435695102,4.5367340493017565,0.6801776979788074,0.0,4.0,0.2084690097509269,1
26947.099533018012,71.0,student,13421.092929249011,33.89881781874269,0.706858591318641,3.0,4.0,0.5113317270956697,1
28629.890576649035,51.0,student,5747.219543478099,19.46366353209936,0.6508461402944723,3.0,2.0,0.31271777195590694,1
32902.01039664925,19.0,employed,9522.287469988873,0.44571059784875977,0.6306541608929987,4.0,4.0,0.34995982994561153,1
52750.26722404307,46.0,self_employed,8164.943863303379,6.075787483206678,0.7973530843427892,3.0,2.0,0.18200641051604252,1
28141.221730605386,70.0,self_employed,7911.192579046172,35.41543205074214,0.692560661340729,3.0,5.0,0.20693585743519108,1
47501.723172491795,60.0,employed,16018.384054065624,11.567821535922322,0.8232024724419124,3.0,6.0,0.2503893257443965,1
28180.45582800991,33.0,employed,4298.388272593293,5.527087357437352,0.47387929318841215,4.0,3.0,0.1337063792460949,1
45694.31897945999,68.0,employed,8529.716805452059,38.403487803736105,0.8427703077680463,1.0,3.0,0.15927012367037582,1
48269.773797292524,28.0,self_employed,6605.7120128048,3.8111661590970276,0.8567980061333027,2.0,8.0,0.2348324474184843,1
13155.295923401907,32.0,unemployed,2954.9554631583624,4.943168863317342,0.846158229420443,2.0,5.0,0.2593147610699643,1
18910.02974410124,26.0,unemployed,1827.4211352586328,6.272178665816341,0.7446394715572248,4.0,6.0,0.22748673424641336,1
16560.911427540133,70.0,employed,13706.399398523974,13.08108470538487,0.6036283576608121,4.0,3.0,0.7168953760595033,0
21323.006600819182,58.0,employed,25818.94275774568,11.85656931001634,0.6047268143525872,0.0,5.0,0.63123642052963,0
31728.485837574455,47.0,employed,9526.085071206424,13.426724758943065,0.2186220256680341,5.0,4.0,0.38979662395593534,1
17647.833486082687,56.0,employed,5272.823242400075,25.55894731478736,0.7297042251800779,5.0,3.0,0.28222936324403664,1
14815.371893094505,32.0,student,4270.603419360203,10.228615087123524,0.5612909765971384,2.0,3.0,0.248861847779032,1
15056.087476760156,22.0,student,4561.038468120041,2.6135257344386384,0.6928825714052909,4.0,6.0,0.5011673781582365,0
34950.73273832593,66.0,student,4031.308506777857,37.71384091016219,0.8283475218808096,1.0,5.0,0.08846749545715325,1
19499.023582108744,72.0,student,5685.150960488209,11.345815020465459,0.5292244765963188,4.0,4.0,0.24691606441668654,0
42533.18373826953,20.0,retired,24609.024053617217,1.1434078659897278,0.49943494248892684,3.0,3.0,0.6191922502220157,1
42227.93971092784,20.0,employed,13951.590558804923,0.5396154422619206,0.6002108910410944,7.0,5.0,0.3419622107010614,1
27782.6322262383,49.0,employed,7743.524197661121,23.13274697525059,0.6448906303437231,6.0,6.0,0.3239784536733097,1
38826.50472528178,20.0,employed,4634.051013338386,1.522368648831271,0.7337699598579444,1.0,5.0,0.1360150630903959,1
52297.98737328001,59.0,employed,14037.458988267377,15.654494155513424,0.6377420254308428,4.0,3.0,0.20232728484574777,1
65953.19898733386,71.0,employed,,36.92113141881936,0.67257999282366,5.0,4.0,0.3826566537509901,1
33990.79285463768,33.0,employed,5748.210938116626,8.672480178485685,0.6405346106891221,1.0,4.0,0.3639891335920887,1
11154.181557202419,34.0,retired,1701.1999588088238,4.164692331056559,0.686695252434271,3.0,4.0,0.3425683046482202,1
15384.239746438452,67.0,employed,5012.140356952284,27.52138388425626,0.566110308307382,4.0,4.0,0.5604718877854887,0
21592.87657320991,38.0,retired,7594.364046416369,15.712684472292025,0.45935343394417755,3.0,5.0,0.45054441645840904,1
3949.037372093911,31.0,unemployed,1576.1270659174897,5.003133582244641,0.4976845456458985,10.0,6.0,0.48436049692335575,0
98013.68714768026,22.0,self_employed,21985.09472072293,0.8027378627504058,0.8081339379619713,2.0,0.0,0.20567780796904317,1
53840.26011166011,65.0,self_employed,17719.314507249444,36.945525297129656,,2.0,3.0,0.33857981998850206,1
26427.660722198947,70.0,employed,10569.650892070287,23.316282624455702,0.44532286518580805,6.0,4.0,0.46229305368942397,1
22936.536140695633,22.0,self_employed,15072.007751367015,1.834238642824119,0.6258810983370131,1.0,2.0,0.4637374578953626,1
60721.8906024066,63.0,employed,21094.45717542426,28.24052716153094,0.3363052858417621,4.0,4.0,0.5379295136361495,0
10404.921991789253,27.0,student,5737.587301951517,5.063681090579892,0.6180072030185788,,5.0,0.4392572400561953,0
21826.64212002943,25.0,employed,12888.169821424786,2.668343771710354,0.6672248632101807,4.0,4.0,0.3059441526216157,0
24761.047449092937,39.0,employed,5405.272841506085,5.459721271065188,0.6993959087629186,1.0,2.0,0.3940508106791511,1
42292.02813430011,42.0,self_employed,8150.8607142064475,16.71402028723962,0.6514696863203506,3.0,4.0,0.4141775305569158,1
54486.53573405704,66.0,self_employed,18566.392427203147,23.521262678776395,0.6435202896354764,4.0,4.0,0.3366483168298354,1
65929.16036045666,57.0,employed,19977.602089095937,,0.6542828547658623,5.0,9.0,0.23953417136038646,1
67359.27119309119,26.0,self_employed,10552.464117689518,5.730422560571899,0.8142839748285745,,6.0,0.13085800708742903,1
36329.554211914205,51.0,employed,5999.4039113052495,6.9509031098474034,0.6716091073613193,6.0,5.0,,1
66540.83954779735,67.0,self_employed,5451.723621325656,,0.6393279386194461,4.0,5.0,0.12232281767780975,1
25964.881515053094,55.0,employed,14891.015663501286,24.089854766600254,0.19845701103033192,4.0,7.0,0.793890105232197,1
14611.541261325485,31.0,employed,3941.0191559897853,9.985209649894419,0.8809913935941671,,6.0,0.2289929321396604,1
,25.0,employed,12146.314919503633,2.381081382128892,0.570403246171482,4.0,4.0,0.5995419537674251,1
24266.928683657767,43.0,employed,9543.620874904122,9.836335057968762,,3.0,6.0,0.39372042892485815,1
26476.331557359692,44.0,employed,5492.06035301142,15.519068384755307,0.5578726718145989,6.0,3.0,0.1805113049130349,0
22478.456382229353,38.0,employed,12876.93647741801,15.1095158639348,,7.0,6.0,0.4544149497275832,1
28837.883793001474,24.0,employed,5016.9330351821945,4.773609701217807,0.6183323229678879,4.0,0.0,0.2639636843840664,1
49513.89454497519,24.0,employed,9908.698550326702,2.7002555421084518,0.7805158846668894,1.0,6.0,0.18004894292405424,1
85616.09338828859,48.0,employed,33479.569298711605,15.706134162973393,0.6881691924334505,1.0,5.0,0.23292343477813315,1
15326.318038338817,71.0,employed,3098.221250813129,16.023522042116664,0.443967923192943,2.0,5.0,0.2706710515048571,1
20982.47545881879,52.0,self_employed,3428.3514421532054,20.957097491667405,0.8105221397046216,4.0,6.0,0.1918481310839463,1
,42.0,student,4376.9205286306415,16.85813408965797,0.21023609989985323,8.0,5.0,0.3717747866914756,0
53256.276156389176,71.0,employed,11383.314929655593,35.997048135732555,0.7842435510753473,2.0,5.0,0.32431985229884397,1
16389.22028422173,57.0,student,835.9289330262758,15.892727247292818,0.7212949938882518,5.0,9.0,0.033329496874608976,0
243095.05187629774,58.0,employed,16896.251549960147,31.118336377134554,0.855310491200221,58.0,6.0,0.9935868900163054,1
51967.12072609871,50.0,employed,14446.583121189802,8.710654471130203,0.6374910631176975,7.0,4.0,0.3159802807724419,1
64440.9972608193,61.0,self_employed,8091.850747988227,21.344426389480926,0.6905904176918879,3.0,9.0,,1
12591.759811556998,46.0,unemployed,5287.817776445267,14.917231787244173,0.4062534731018795,3.0,7.0,0.6559609600323705,0
8451.238369280814,53.0,unemployed,2572.409550961036,18.266790998126748,0.5556801029385016,5.0,4.0,0.3139409888576463,0
41570.239085180525,53.0,employed,11065.169172670774,22.91570637325783,0.9100969135210585,2.0,4.0,0.15350626852156907,1
11311.14465440448,60.0,unemployed,5624.323917455142,23.762102258426744,0.4242789129803347,5.0,3.0,0.34950073940839627,0
32192.647859182824,69.0,employed,3006.6994730134957,12.560160658801745,0.9371770798335891,2.0,7.0,0.05883688025060512,1
,34.0,employed,5207.5656880788765,4.926575872992764,0.42242012330064405,7.0,3.0,0.15427196887449748,1
57669.95600078176,57.0,employed,17636.97832248761,20.25439308332943,0.27049188450222483,7.0,2.0,0.4622876071030339,1
28803.873949821365,19.0,retired,3843.1313841926603,0.6167285606380514,0.847093920473891,1.0,4.0,0.08824317372949182,1
60952.51765485434,48.0,employed,19957.17527785575,15.25514157979041,0.7531435088368916,3.0,6.0,0.17705244031104164,1
24793.602824185025,69.0,unemployed,17910.312830991035,21.078538173278226,0.37632968305766873,7.0,4.0,0.5105213861539467,1
50251.74563071523,54.0,self_employed,27841.836851826436,8.304506533710674,0.5279875575296915,11.0,3.0,0.6354720979547642,0
31010.20498506508,33.0,self_employed,10323.107034927487,10.072928094016003,0.7267123680690284,0.0,4.0,0.30616998017681174,1
67203.00857122544,52.0,self_employed,13443.060564682386,16.94276249392101,0.8068205303774553,1.0,7.0,0.2609579824284522,1
22918.16646762523,38.0,student,5578.336502446424,10.465469566565114,0.6925396902126635,2.0,2.0,0.358767266673113,0
133476.9240607219,42.0,,37271.81936705232,11.552997219857994,0.7464572791184734,2.0,4.0,0.33400922053464704,1
42406.26731150966,31.0,employed,17414.19813823054,,0.7572018520222396,5.0,3.0,0.4044039665201755,1
51474.61330123136,53.0,employed,23599.811146347867,12.80384275962501,0.7086344894169806,4.0,,0.3826338567639745,0
41991.05698431409,29.0,employed,,,0.6139392903942047,5.0,5.0,0.508860255339835,1
34559.947508513,43.0,employed,15974.332282839352,15.613985243028994,,3.0,7.0,0.4327852267019828,0
31907.75061363675,71.0,employed,3124.40103648504,19.245557365645997,0.6378275034800852,2.0,5.0,0.236494170637829,1
42071.33556467937,61.0,employed,8562.4665921994,16.30288278289637,0.8052154898449897,0.0,7.0,0.17717027119869053,1
47126.364343005116,41.0,employed,10607.960082977703,18.3103016698392,0.766013405672989,2.0,3.0,0.287085783674875,1
64679.13563073975,73.0,employed,17668.279243642926,23.731814342198565,0.6929166721109662,2.0,5.0,0.46651843203953686,1
21189.86114936897,18.0,student,4921.947051647097,0.0,0.6947373985323405,3.0,8.0,0.18519173537819938,1
28812.235287766256,72.0,employed,14237.897449817154,23.321728464662286,0.6739271468020412,2.0,5.0,0.30972548969147473,1
21588.111697102708,38.0,retired,4129.713938140212,7.482293358932505,0.7979931801479515,3.0,3.0,0.17777050310455805,1
13119.521418833028,64.0,retired,4967.033122964199,9.361480375610725,0.5233659283004087,3.0,2.0,0.28532256163219766,1
83333.58446786847,72.0,employed,15411.884047381734,38.498317667918265,0.8112323728140765,5.0,2.0,0.20507077277657804,1
30476.871792193655,52.0,self_employed,12325.12799209357,16.45233497897726,0.8884321636595311,2.0,4.0,0.18392774189034033,1
64798.02541421816,52.0,self_employed,13299.473392729766,21.485762195672113,0.5121820221693881,8.0,2.0,0.38291961237320277,1
45870.872498557575,60.0,self_employed,7161.813295110749,32.55814862906518,0.8055882576193321,7.0,8.0,0.13967548585281245,1
42271.39585702112,31.0,employed,27269.296400060066,2.622084451639151,0.5375495573934175,2.0,4.0,0.5573924513716336,1
,28.0,employed,5626.597004296791,6.050237641065543,0.8123673959808458,,5.0,0.14511532090957888,1
24491.96921575066,37.0,employed,19418.57538102063,5.152504025986901,0.6384757458481789,1.0,4.0,0.5496872100389695,1
24613.306235291842,,self_employed,4038.3850078061023,12.819033934456852,0.6362418303107858,2.0,4.0,0.3612031071094141,1
60328.36984683957,60.0,,19914.667107014757,29.738908438464517,0.7450244893765325,3.0,3.0,0.3665056827967688,1
42289.35672140127,32.0,self_employed,4195.769320060276,3.4005651314695338,0.7577305978500931,1.0,3.0,0.07282863651446995,1
70118.64766911275,50.0,self_employed,28289.553976142008,25.400578909669782,0.3193692559971077,2.0,6.0,0.4616676515876371,1
50806.44648791287,18.0,retired,10387.032285411377,0.0,,0.0,8.0,0.38222743105544665,1
32528.981673635823,19.0,self_employed,8967.833049278433,0.43699607535029317,0.6889923130522636,3.0,3.0,0.3191029214661103,1
44880.239784038924,73.0,employed,14855.958843885142,11.643838756068343,0.6091991777932271,0.0,6.0,0.40314867676450766,1
18571.03164487495,66.0,student,5765.414529823105,26.500504651047898,0.3827283827856084,5.0,3.0,0.2939036301519364,0
20361.33622640604,67.0,employed,8314.175840192764,24.34977964182066,0.712281217837131,4.0,6.0,0.28502319213067967,1
33099.0550310871,36.0,employed,7741.862102673753,5.92542362346288,0.5832521778578019,2.0,3.0,0.2186861150087586,1
48715.53709851007,47.0,employed,9936.421480876641,14.333787084422514,0.7938255818835543,1.0,4.0,0.1577775784687858,1
14148.136410145344,56.0,student,2982.454298050968,7.891595219724091,0.6571619789733287,1.0,4.0,0.10718282919148098,1
30871.18187495125,32.0,employed,16005.320588606799,11.195611957841871,0.5995509623002833,1.0,6.0,0.36492328570526616,1
33300.129748329564,60.0,employed,3409.6010905517205,16.76928391737384,0.7229644005817238,1.0,6.0,0.23235270433316388,1
104377.00438475577,57.0,employed,80418.50066624301,19.037198264631844,0.515200103160362,3.0,8.0,0.6660408593513669,1
14515.546572456573,41.0,employed,8762.628228819476,15.429938719095615,0.6746262521842461,6.0,6.0,0.5095821117745033,1
46668.35773818635,42.0,employed,6747.320923400896,15.064008147745213,0.8711564957189333,3.0,9.0,0.1355957145456281,0
35194.34309624243,35.0,self_employed,7960.5471384348575,12.46330221516143,0.780891351078131,8.0,3.0,0.26945285835681154,1
13180.916794888677,63.0,student,2047.2969914898947,34.415794895396886,0.7790293898441402,1.0,4.0,0.2257540540759462,1
31604.732354679643,,employed,6534.522624798532,17.556375120469912,0.69134358499978,3.0,6.0,0.4473487252898801,0
50700.351470726324,74.0,employed,35391.71007876107,24.31743483318603,0.4860560418848041,4.0,3.0,0.5855817659517004,0
52169.94266488023,61.0,employed,21916.04496863023,26.3198783926297,0.7250229425534581,1.0,7.0,0.339246547180105,1
39855.21578971675,37.0,employed,23461.59090197302,4.313276739906727,0.5429687628395929,6.0,10.0,0.6995397164100645,1
62715.92353343649,62.0,employed,34310.849526967606,27.727345523133465,0.704109859063373,3.0,7.0,0.4709124902050065,1
75337.00123450221,31.0,self_employed,27172.72999831738,2.6380908320097323,0.8338533316333747,4.0,4.0,0.2526001166431429,1
60083.957259964,69.0,self_employed,10402.869692440467,,0.303731757140295,7.0,4.0,0.34326013458097326,1
27636.807668864007,33.0,employed,6168.404150405054,9.463525047674429,0.5170354527089707,4.0,5.0,0.19318090950281416,1
46500.61301498174,40.0,employed,9332.53693805261,11.864589076537774,0.8659938501639243,4.0,6.0,0.21061471591904077,1
46611.395533729614,23.0,employed,21602.5892855104,2.2867029169036757,0.7225304266035673,3.0,0.0,0.4354894148933638,1
24153.49292449297,22.0,employed,7926.086976484909,3.1712594445113877,0.6660490404195092,2.0,3.0,0.32179392072396545,1
8284.432021015311,40.0,student,4895.500956473364,14.121954880345037,0.6614893690312469,3.0,4.0,0.501681656474933,0
4622.95811962746,49.0,unemployed,1277.6641772795838,21.215649009758394,0.33246310014783087,6.0,8.0,0.538679335061423,0
18803.16648138315,18.0,student,7586.9745958617295,0.0,0.4866734825426987,,2.0,0.2559349001831201,1
21075.630025539802,66.0,student,3738.3266092042527,10.229998078688688,0.7616483963775091,1.0,4.0,0.20382068480189783,1
22124.02477587502,24.0,self_employed,4227.499475849605,1.3968637862241353,0.6014376407426909,3.0,4.0,0.18784391765318476,1
30634.098135907734,74.0,student,6306.2937185711935,17.86506352019592,0.2956414706243191,4.0,7.0,0.41386101887349286,0
39187.342359700015,33.0,employed,5791.165643726308,8.896958364783586,0.7892115753702984,5.0,3.0,0.12904516153502082,1
71305.32638418292,39.0,employed,11361.749429412546,12.061759872112617,0.8469042159120886,1.0,7.0,0.1379453170059388,1
43707.191597471094,27.0,employed,10216.01995640526,3.555883195939315,0.5457410660312056,4.0,2.0,0.23794694742710132,1
21307.900833300224,64.0,employed,4881.555018226883,36.054765863615096,0.5608065455602462,7.0,10.0,0.3080023000686072,1
45667.42887266091,59.0,employed,8383.757668045608,10.490423396351872,0.7744143685683647,2.0,4.0,0.2891639659632589,1
50769.71769392624,22.0,employed,7816.143838530936,,0.8308123405341776,4.0,6.0,0.09125054836024134,1
30378.742619423167,24.0,self_employed,3689.3825925998185,2.9311576308668768,0.7231197400516999,1.0,3.0,0.2163333821773869,1
6180.357377451753,52.0,unemployed,3030.543221397682,15.344217679439577,0.6148577259390916,9.0,,0.4000050137421119,0
38183.0902185242,67.0,employed,25862.40720606281,10.551610799930016,0.7094186465505052,1.0,10.0,0.4053811140644576,1
22017.16559331409,24.0,employed,15706.087984470272,3.8200787098327957,0.5162736684508012,4.0,6.0,0.3479491885912645,1
69965.2529480756,30.0,self_employed,7793.467278776725,7.955343677522216,0.8422183825324517,5.0,4.0,0.14095270881863417,1
29626.119293616262,49.0,employed,11324.416330861053,12.13260944026943,0.586171906073198,5.0,5.0,0.3260455189798976,1
86017.02779445524,24.0,employed,25375.645019171185,3.061066334145045,0.6551059239877732,0.0,1.0,0.3865057958756493,1
12555.582498329206,35.0,employed,2844.8397905938477,9.585709656995597,0.6867298868158127,5.0,9.0,0.12200155954144622,1
38847.45332132594,18.0,employed,20879.6092306997,0.0,0.5604286401021663,5.0,8.0,0.5229994364324034,0
74213.12646536482,46.0,employed,6433.476462311488,15.941777703477277,0.874533720056197,2.0,7.0,0.05753279792339025,1
8143.91024357608,58.0,unemployed,2874.5788592990616,18.419049426001944,0.5421930954012885,1.0,3.0,0.544283212662579,0
11737.890679462165,41.0,unemployed,1902.7340487195042,,0.7575306865526623,3.0,7.0,0.1681073593551553,1
32656.275538535767,32.0,self_employed,6328.736702947966,8.835511104201164,0.7710852446086451,3.0,5.0,0.2442334654368913,1
25799.649329148226,42.0,employed,4225.969211280147,6.3911997572673815,0.7796412946820912,4.0,5.0,0.14399981972700676,1
14364.12698855552,47.0,unemployed,3276.9535350682404,19.713095395662183,0.8073597575827972,1.0,6.0,0.2199670957891237,1
20901.984368451936,27.0,self_employed,3173.496825791116,3.6225304095330486,0.8230894712162078,2.0,4.0,0.16793711690271354,1
34355.43843683156,24.0,employed,13943.71592679928,4.568046319315232,0.46542997195447444,4.0,5.0,0.5731230851796896,0
51704.87234193635,28.0,self_employed,11348.23193277112,5.620227678668321,0.8699676063459089,2.0,3.0,0.15776003827788773,1
32612.572232257004,74.0,employed,6044.495549469158,12.12661947753076,0.8498074822488255,5.0,5.0,0.11880390939561096,1
22024.217007608277,59.0,employed,3860.469105452615,26.265322545486075,0.6517063088831674,3.0,11.0,0.22870096914033575,1
60784.65792187802,25.0,employed,14772.96562688906,1.9490843496783952,0.5992492036748859,6.0,4.0,0.2471517858502255,0
52319.71196231152,35.0,employed,6740.4345937461685,12.348128326164241,0.8275105876460979,3.0,4.0,0.15542011799889144,1
21577.50065281254,41.0,employed,16742.708269389248,17.68695824429215,0.7687408291196655,1.0,3.0,0.32683854003585616,0
19014.292600516626,28.0,employed,3934.970375433586,6.1715351181760525,0.6587372577795233,4.0,1.0,0.29704119154779934,1
22562.348311194568,66.0,employed,2773.7813872381284,24.946735969419183,0.783049710442212,3.0,4.0,0.07813569046888331,1
33388.3273987991,71.0,retired,22596.862211581025,29.74560364908877,0.3233549042918402,6.0,6.0,0.6614516981466758,0
41680.40734288219,31.0,employed,17849.463616193865,5.945070335328273,0.5721363365098727,4.0,4.0,0.6131735510546927,0
53908.387456183234,18.0,employed,18520.876264582672,0.0,0.6769369632059055,5.0,2.0,0.5178465705167926,1
30851.013798287204,33.0,employed,5706.4607951014905,11.35959148950885,0.4779171423273624,1.0,4.0,0.19246836854805968,1
11435.589995275766,,student,1202.8313976097538,13.117893388137958,0.8744907534022042,3.0,3.0,0.11546948042879261,1
57493.27389518014,64.0,employed,24925.300593333028,17.834598554131123,0.7127439306608208,3.0,4.0,0.4448334416975617,1
13768.361068098846,37.0,student,3127.6389277803737,5.981102444494189,0.530380999658947,1.0,5.0,0.31979941345148916,0
39865.79742718749,33.0,employed,13611.247277822902,11.931674239510162,0.7656276379693984,1.0,3.0,0.3429339774756725,1
16731.318149425435,32.0,employed,3465.4676853805445,10.71754127315445,0.5393642053579843,8.0,3.0,0.47075560344051126,1
27312.364421104376,18.0,employed,4775.173466039479,0.0,0.8469798842654358,4.0,4.0,0.22736678550268288,1
60156.1018694148,18.0,employed,25830.259143412593,0.0,0.6151609479832767,3.0,6.0,0.5592354102442848,0
8884.296794096539,42.0,unemployed,3713.7445614596154,16.39732122742599,0.4792951787657857,1.0,2.0,0.3056240013422663,0
27285.33698671418,53.0,student,7166.271147753891,15.874811054118931,0.5583926616691438,4.0,5.0,0.5643146107105015,0
50889.939132308944,18.0,employed,29932.281967745275,0.0,,,3.0,0.8862020833295763,1
19218.511347863292,29.0,retired,8527.661120138628,8.148030415421614,0.7583069755977957,4.0,2.0,0.3777924970286953,1
33333.65002679825,69.0,employed,8756.823938674695,33.43921107316189,0.65992349405876,5.0,,0.5509535055982377,0
86792.03655410027,74.0,employed,48754.52006630658,14.221456147842728,0.5693487714326957,1.0,4.0,0.5191447997228014,0
20241.061344435784,54.0,employed,3721.0987511459402,22.36595910959881,0.8236551132456482,1.0,9.0,0.25571384975706984,1
50792.12732926618,47.0,employed,33384.85096561713,22.97822633137924,0.5110920159106309,3.0,,0.6102252160145557,0
21561.050883786455,51.0,unemployed,4656.676243687357,13.991192153078583,0.7136086999442546,5.0,,0.15400534545627842,1
25317.602312564206,39.0,employed,9113.23250603182,15.30776943842136,0.6031744588863659,3.0,5.0,0.27837690585675773,0
30128.836808286393,29.0,employed,5264.501488635292,4.893736139684877,0.44471724940557933,3.0,3.0,0.20427796566019854,1
38980.40593376835,39.0,employed,16476.189607709628,16.43868240893821,0.41164791577093385,5.0,7.0,0.3536388773217407,1
17313.771709974528,57.0,employed,,23.094038095148832,0.6981707154139929,1.0,6.0,0.5148641190395725,0
28924.619407569255,55.0,employed,14513.351498110726,9.5423107206862,0.5236824202849477,8.0,6.0,0.6320204770434191,0
75611.691545065,56.0,self_employed,27105.437677797458,18.52224284451741,0.5086203279650683,,4.0,0.4121194520658913,1
47161.228570829924,52.0,employed,23240.33596037614,7.814466569313443,0.6660360321816301,3.0,6.0,0.4178791982259425,1
33577.932362627944,21.0,employed,2133.900019421396,1.3111363026349947,0.5764608664602656,2.0,5.0,0.1526437609806718,1
38427.79023705411,53.0,employed,13742.788282840413,,0.3563802776183864,4.0,8.0,0.5677822908897254,1
48555.01105774372,68.0,employed,13008.156117155577,16.966065834440876,0.7609704801876822,1.0,7.0,0.1728963509114105,1
53434.13612312766,54.0,employed,17943.388078355885,27.73226400656523,,3.0,5.0,0.33526193740628335,1
9623.572166479362,51.0,unemployed,851.6919105050882,8.578476283775782,0.8066836212622155,3.0,7.0,0.05679178342477779,0
54758.3708210733,30.0,retired,19300.1613023958,7.186643138934034,0.45137900642002404,8.0,6.0,0.5500578506607754,1
70134.78015857923,63.0,employed,6347.647981672964,35.07351001606354,0.8750397272337227,1.0,4.0,0.04958480110861144,1
35666.026329557404,43.0,retired,9308.874699114409,14.812303605998768,0.7849632441332416,2.0,3.0,0.33037080350225817,1
23825.699001318364,32.0,employed,5431.166511202728,10.35163321154438,0.4821544853022391,4.0,4.0,0.46265284363192494,1
23985.34328735814,45.0,self_employed,13151.50690551401,21.454693689261926,0.6234056232624624,1.0,7.0,0.3719473357874048,0
33928.419703885076,24.0,self_employed,16840.237501473566,3.510636369752871,0.5422017389073341,6.0,,0.7287573318764654,1
41179.37192927245,70.0,self_employed,14811.776838712922,34.80663203546695,0.7223700496048334,4.0,3.0,0.4319885739307375,1
5249.730089403161,58.0,unemployed,341.59003806280924,8.767644650713692,0.7852330887680892,5.0,4.0,0.08931688979146996,0
46506.462795742606,36.0,employed,22152.903331741203,8.214952088005678,0.4456700288690403,5.0,4.0,0.6555719138969958,0
69129.10566993286,63.0,employed,36519.6327763417,16.78316454463263,0.6846605227879297,4.0,6.0,0.40187576508150924,1
48447.55104019654,21.0,employed,8380.86049682643,,0.804452719773433,3.0,2.0,0.0936062455032787,1
25899.361596443618,40.0,employed,9780.031167619736,13.344029766073238,0.5946332286620085,1.0,5.0,0.4053647213283449,1
26852.346286844953,55.0,self_employed,9525.160790370091,21.0399957368402,0.7219277388349464,2.0,5.0,0.4892911337080683,0
42189.47967261614,19.0,employed,6881.107040081321,0.7589352126913507,0.8151002887874261,2.0,3.0,0.13954069329547203,1
33635.86348447154,58.0,employed,27264.707485581046,10.132827321954617,0.5059729995214503,3.0,2.0,0.7863746376356933,0
45320.76464485653,64.0,employed,5895.136752110548,35.52601911312221,0.8237269824596837,4.0,7.0,0.21206858122704128,1
49063.010830520056,51.0,employed,16384.344068630733,,0.625164617972519,6.0,6.0,0.3198775168520239,1
68958.17526765737,29.0,self_employed,24736.383703493975,4.490315809424616,0.574055131853449,4.0,3.0,0.28038641161400896,1
22680.22016712046,60.0,self_employed,5217.554146036814,24.282896352888997,0.681624318209049,4.0,2.0,0.23119221564639794,1
40571.02715307182,37.0,employed,6154.604265486508,7.692828724089228,0.6324029873851322,2.0,7.0,0.12842149313762946,1
30280.59926129944,59.0,employed,1912.9306206992128,24.990392446041398,0.7239406045134826,3.0,4.0,0.039325750764082186,1
,53.0,employed,8081.243637626867,23.2837910031069,0.6721321858899822,,3.0,0.20085547344261007,1
55949.480372064165,23.0,employed,42114.54325624977,,0.33706824556105175,8.0,2.0,0.47340404443982526,1
64982.48924348107,23.0,self_employed,52697.37446467317,1.5380311027119997,0.5297119512510277,6.0,4.0,0.5571386531372031,1
73073.55570241789,18.0,,7779.074405866503,0.0,0.8244908818698937,3.0,2.0,0.10026913524620651,0
44927.04024926898,22.0,employed,3833.2480976941824,0.9255536670293831,0.9294523409976869,1.0,3.0,0.05909100980838576,1
34371.79535621716,35.0,employed,5316.360294243444,8.40668875684963,0.9269705565003065,2.0,4.0,0.057382572260974714,1
22401.558724472077,19.0,retired,6685.584350265123,0.28252017130759044,0.6325091051802463,3.0,0.0,0.24042118582705677,1
5339.03590918726,71.0,unemployed,2402.094470150102,20.73138432611014,0.42267300471852365,4.0,4.0,0.3973930458566481,0
70959.70945245087,70.0,employed,6952.483630124867,36.62155076163888,0.5682017731141642,0.0,5.0,0.16812006461900925,1
30916.669798698054,27.0,employed,17389.250968021588,6.9227582906754925,0.4313899821120126,3.0,2.0,0.4479382478678086,0
46767.72138750515,35.0,employed,14623.479572217986,11.78517466293952,0.6955489120713663,5.0,7.0,0.3686682784636202,1
25497.892541791916,60.0,student,6536.456539727979,8.41633925569388,0.672291447069947,5.0,3.0,0.23279625474866006,1
19483.87044251765,55.0,employed,7448.446071144149,20.010138157720743,0.6015178595229778,3.0,8.0,0.5491876616151881,0
22887.05632524737,51.0,employed,18514.556455780523,9.89987056542537,0.41546034384099945,5.0,5.0,,0
55096.143931021375,74.0,retired,9144.16672463176,23.825096216547063,0.7044851833195157,2.0,9.0,0.22932818854423004,1
46190.43114970082,,self_employed,41699.240819524704,15.986297827048686,,1.0,6.0,0.5072667727468285,1
27165.611460202534,56.0,employed,7808.693078531541,,,3.0,4.0,0.29322289494883136,1
34092.28851479525,46.0,employed,9322.586196260516,16.246810695762488,0.7487068318725936,3.0,4.0,0.2999347585027737,1
62512.28975139091,47.0,employed,18204.61694726741,10.45719790445506,0.5624833191340329,10.0,8.0,0.43335441917546275,0
57939.65053848228,34.0,employed,16438.81340009566,9.370830470081021,0.5776068936456951,10.0,6.0,0.36335445156809054,1
17447.630298222375,47.0,employed,3485.3614215244165,22.362459309438258,0.6592385703386011,3.0,6.0,0.2056174247350428,1
41109.50920642908,70.0,student,16080.191205400743,12.245764671673106,0.7693406098467012,4.0,3.0,0.4039147167523968,1
29434.6206876405,39.0,student,9439.565980157531,14.481444614817066,0.6396652839009279,8.0,5.0,0.26939636306397857,1
33649.799455223234,25.0,employed,10957.095559023499,2.310969733999385,0.7088647888976024,5.0,,0.375354770469452,0
22014.33163631127,52.0,self_employed,10397.441754693133,9.923402222104723,0.6934903446323839,0.0,2.0,0.4264362889525733,1
61513.03115388699,62.0,employed,11636.379156206911,32.53008665297909,0.7500846503549692,3.0,6.0,0.0938062641928581,1
46083.661421605684,72.0,employed,28914.839454449222,10.859922406731872,0.7277219751339071,6.0,6.0,0.478945579981299,1
19272.047148441685,48.0,self_employed,7830.754577935178,19.339543326712064,0.7103675059193487,1.0,4.0,0.3453736664523222,1
32336.7929750196,62.0,employed,,11.102830021079846,0.8002215354749648,2.0,7.0,0.24005243594109468,0
173353.2105208009,32.0,employed,9798.895162595469,7.991160478341177,0.6949225543752523,2.0,5.0,,1
36616.37701396152,42.0,employed,3542.1516585003455,13.740915380024186,0.9282581705734875,1.0,6.0,0.04989405225280428,1
25059.661050307972,41.0,employed,9529.269536284264,16.506309482982175,0.5379802683544801,0.0,4.0,0.632328312559319,0
21933.08896887822,36.0,employed,5855.384514559718,12.484150170079126,0.8523245086500414,1.0,3.0,,1
96892.72052917664,58.0,self_employed,38165.62844157155,24.44394423406491,0.5428097959871322,2.0,2.0,0.38256760022138203,1
,68.0,unemployed,12783.533514008324,21.41642771262796,0.6824354586357352,2.0,3.0,0.49160838341754665,1
80743.2573075273,36.0,self_employed,67897.367666479,5.397182068113759,0.5777316586742516,3.0,9.0,0.634140710323268,1
14389.73691961844,25.0,unemployed,9218.839107244932,4.069868289616996,0.12838311404798114,9.0,7.0,0.6237408077442924,0
67982.77326098557,65.0,employed,26131.310607500563,23.41454832356314,0.5883130789132898,6.0,7.0,0.5463033001356808,1
8316.6738873313,66.0,unemployed,786.641364941245,11.84473715370396,0.830917705055159,3.0,6.0,,1
39391.112172363384,71.0,employed,7490.7627639296,40.0,0.8537962220970567,1.0,4.0,0.13407429902102858,1
41920.353743053885,32.0,employed,8285.782309757598,5.441123967259223,0.8792337640925116,2.0,2.0,0.19954004688210536,1
36245.709163656815,58.0,student,6418.335198776027,8.051378359815327,0.5087119899345772,5.0,5.0,0.10477104113630716,1
42591.99143370142,58.0,employed,5884.734897520155,29.64056729209861,0.6753826816685796,2.0,1.0,0.07275979345752198,1
26562.191968828298,63.0,employed,15960.012929839135,24.580373756507996,0.5580119669765792,5.0,7.0,0.5466460533785564,1
37497.776597229415,63.0,employed,6976.949176551191,28.79263818585857,0.6042405895392314,6.0,4.0,0.15080904299874523,1
15705.92641497184,72.0,employed,1394.5075664562694,15.746386185570469,0.43759636291664117,5.0,4.0,0.13583325732778428,1
,45.0,employed,8504.23806745664,11.954611919221879,0.4398121753419821,4.0,3.0,0.5377660294666003,1
55032.03146996429,22.0,employed,9477.893770043793,2.348146951552992,0.6897963223536765,5.0,4.0,0.27175048529981494,1
15055.232381304573,28.0,student,5566.074008938585,3.505788248979062,0.6749239257403532,2.0,10.0,0.5171387178550972,1
31865.887221945617,,employed,11601.565643085212,31.044968355524738,0.6564725109427267,3.0,5.0,0.4483973514391517,1
55021.17222485211,66.0,employed,20926.396321753287,16.328109773007622,0.7814877743007951,2.0,3.0,0.4098723936800082,1
73021.20756455619,18.0,employed,15171.827791998194,0.0,0.8099192386235503,2.0,2.0,0.22790605991564458,1
16604.38096226556,38.0,unemployed,3946.9462255007165,4.1394958031245945,0.6911219897631696,6.0,5.0,0.2984341314525662,1
95228.67801877506,31.0,employed,49996.328872093625,4.798872613755793,0.5093617822824226,1.0,7.0,0.4330503211267881,1
46692.767821518224,36.0,employed,10419.543962505992,6.264757353922039,0.7413385136959313,4.0,8.0,0.38204493780623666,1
42239.316283965796,54.0,employed,5760.688932163956,23.710101624295525,0.768832962986961,,7.0,0.1345864236650175,1
45048.933589929395,47.0,self_employed,8592.953124063475,15.71295236732182,0.3524541984048021,7.0,6.0,0.43416383114755375,1
6683.720646181212,45.0,unemployed,1496.369847604191,8.280756636459316,0.7074645302708655,4.0,2.0,0.338952755003262,0
58571.25363024731,42.0,employed,24307.92517014277,12.981035581663258,0.5353094669803532,2.0,3.0,0.834041465203472,1
3742.2595491052757,54.0,unemployed,1322.6304454322626,12.069581556415054,0.4745316984608815,5.0,4.0,0.2791975334762305,0
27088.744036021475,56.0,employed,6046.066499816316,17.301451985235655,0.7314394165611832,3.0,5.0,0.19883702416472188,1
36734.26226683095,20.0,employed,4914.39362902144,1.4658496740634557,0.6695612698553397,4.0,5.0,0.15945165853305832,1
24467.93682201392,25.0,employed,3632.1895276494233,4.420876121969274,0.2237735018068049,3.0,3.0,0.5059663387257488,0
28973.06946747325,37.0,employed,7564.455453194698,11.222540190393943,0.6511378374765843,4.0,8.0,0.49420287361514137,1
91097.69518690913,42.0,,32770.230518082724,8.853361670238801,0.2913082333529341,3.0,7.0,0.5980950869198254,1
63070.721728843746,74.0,employed,12640.363283666295,15.385943940525037,0.724813665567517,2.0,5.0,0.2217139498575444,1
25773.08887294337,68.0,employed,16814.30011363767,32.58846952899803,0.37428127617347257,7.0,,0.5630035330509159,1
28716.20120847445,54.0,employed,3855.7875725709855,19.466432306232264,0.792144689672889,3.0,6.0,0.2152038182046988,1
19177.596460970086,20.0,employed,4140.543807122971,1.1473122037890848,0.5765100700434754,2.0,4.0,0.37050590117652304,1
56829.28613536078,23.0,self_employed,5697.8174938070415,3.925339958137454,0.6296934481992686,3.0,4.0,0.16281743635036988,0
35257.69049793975,44.0,self_employed,12626.80004677062,10.633806354608392,0.6393720311737116,5.0,7.0,0.3847248313919142,1
13585.614635878375,51.0,employed,2058.5634489129,22.454801078242248,0.44099788963209474,7.0,3.0,0.3421833244985504,1
446171.2915133039,55.0,employed,119371.15708482206,19.808841867363505,0.46606596189154587,53.0,3.0,1.0,1
45228.805008838084,26.0,employed,16591.158793536233,2.729247740449324,0.5571998244822074,2.0,2.0,0.3262936778044126,1
58780.7962754007,68.0,employed,19340.043125174278,11.586649959597752,0.888937723820091,2.0,8.0,0.17875518204091692,1
35007.67501979241,46.0,employed,12969.533270716229,15.94898298541454,0.4174005391909729,7.0,5.0,0.39038470829191063,0
30141.686272459378,51.0,employed,9075.299183459396,12.492799500275954,0.5940832811232538,8.0,3.0,0.35758245195943994,1
107844.16204680888,20.0,self_employed,93428.28869537049,1.2345740157770497,0.4026219147159534,8.0,6.0,0.44277098769070145,0
40078.81854299532,64.0,self_employed,15621.038059802348,28.5400696639799,0.28484005596669565,5.0,4.0,0.5222751362499837,1
52040.67564868429,48.0,employed,8549.084793090487,14.198288420747899,,2.0,5.0,0.18368736280298217,1
27728.891923077455,30.0,employed,2330.019490802925,6.262059241245105,0.5060693245902201,8.0,5.0,0.06422846200919824,0
25637.403676948634,,student,13183.392417606217,10.366706062813403,0.6810432952335278,2.0,2.0,0.3176535618459584,1
17539.057037619034,38.0,employed,10852.67539388191,9.623259325600896,0.21425709208425403,10.0,4.0,0.5779958467851225,0
14412.037106807991,19.0,student,4712.258900678895,0.7264223635694433,0.7433018444188536,3.0,5.0,0.277202964787274,0
19848.08643654781,71.0,employed,4860.676444125769,13.014719492942413,0.6944703943616944,4.0,6.0,0.2105546927164874,1
26836.37008125619,63.0,employed,4875.280690781417,35.45509030463067,0.5447394544936971,3.0,5.0,,1
67862.23818031796,68.0,employed,30217.235139023498,11.003527342248438,0.4801157175088469,7.0,6.0,0.5607477349565583,1
26737.89309647803,38.0,employed,6215.092677075072,6.497156270756611,0.4959243111649533,5.0,7.0,0.34473900526655304,1
26003.35591107139,49.0,student,8610.658623958509,19.37452609657111,0.4657097974659212,2.0,7.0,0.4129776265272261,0
77546.46553951515,44.0,employed,29047.58525302494,6.525380045729131,0.5520413054156128,3.0,,0.36163392043971665,1
25072.73799675222,45.0,retired,5475.354115637826,9.647198601034441,0.5495290237553127,3.0,9.0,0.22980212783382364,0
59687.83755197484,51.0,employed,14241.783522916452,9.648738245167772,0.8322810918972595,2.0,4.0,0.16218844979817673,1
23680.229922347356,43.0,student,7111.2737065201145,15.853573457243192,0.7164724649927269,2.0,3.0,0.27992655937803734,1
19246.245557729133,62.0,student,4116.673019241564,24.083841530587833,0.8067375547243216,4.0,1.0,0.18768246207117767,1
52847.08293808704,21.0,employed,11799.347781452961,0.7160615012257129,0.7600026220454116,6.0,5.0,0.3156499656156655,1
91123.32109975902,28.0,employed,23419.301279718435,4.760805412409643,0.25992609507909264,7.0,5.0,0.4309981656567473,1
29047.152114497065,68.0,self_employed,7125.173112479126,16.25508784048137,0.7916148766228519,4.0,3.0,0.39228136737412633,1
22480.410171671418,68.0,employed,9930.730548907157,39.03095793947205,0.6700229626096811,3.0,5.0,0.3148372507734524,1
10915.024860341624,64.0,student,1511.9945459547826,12.178535345729832,,2.0,5.0,0.2544326554633426,1
,39.0,employed,14432.946022503873,11.735495209586846,0.7070141064665881,2.0,6.0,0.22022999607215166,1
63875.03091922314,44.0,employed,18428.884949355874,,0.8248620251639533,2.0,6.0,,1
27763.612330463988,19.0,employed,9673.1746951314,0.5468506981990285,0.5088815559979145,5.0,3.0,0.4908650674640781,1
13729.518172264374,33.0,self_employed,5280.998178395676,11.608435656355326,,6.0,,,1
18141.305445461974,59.0,retired,9185.492726688397,16.595534194285563,0.6377820282550601,4.0,2.0,0.5335955390750352,1
47759.20436500315,37.0,employed,7311.017734778917,12.335936654606298,0.6029311699271427,5.0,3.0,0.22419254170894165,1
38636.341814734165,45.0,self_employed,15666.550484187703,12.64895693024332,0.620808086833913,3.0,2.0,0.6056658367403941,1
19871.1993351861,25.0,student,6371.445536358532,4.17519878184725,0.5370566768526306,7.0,4.0,0.357555019838459,1
27954.341315317863,46.0,employed,13259.780965875441,11.743046777916906,0.5622652372146887,6.0,,0.5522495466559378,0
60297.4179875499,59.0,employed,10461.796735956217,13.787206249206966,0.6211897654857123,3.0,1.0,0.29424180109153375,1
47425.060982823634,50.0,self_employed,17640.21907891864,8.005434100048335,0.6916818680262087,,5.0,0.40191386604185964,1
53559.14926941711,49.0,self_employed,29556.491114510874,8.092573274568329,0.542073473344723,3.0,6.0,0.6174429048324793,1
39321.74062688411,70.0,employed,17548.310007989454,40.0,0.6834430811838641,6.0,6.0,0.34236324541842844,1
16520.57672709571,31.0,unemployed,8341.678250213929,8.749961633463402,0.6324520317946871,7.0,3.0,,1
45674.06197504437,35.0,employed,16976.39737159622,5.898584349704274,0.5164071049027672,6.0,6.0,0.4884417139662598,1
11416.506267621493,53.0,student,2913.771765494205,18.112091973586725,0.8257685961710781,1.0,6.0,0.1886334280399833,1
21881.227734190532,45.0,,3122.6806617052134,16.970570134471092,0.8611121869091709,2.0,3.0,0.061892654104642945,1
18881.388142142434,73.0,unemployed,4903.227842806013,22.63375076608226,0.6576615012677473,3.0,4.0,0.4802555603417562,1
64703.5102389844,21.0,employed,14560.496949880413,1.391978504687612,0.6983292108199018,3.0,6.0,0.2856384584301291,1
44714.52062922244,24.0,employed,6602.246086774271,3.7861749104617437,0.6926021743573353,4.0,2.0,0.33618663490834444,1
22412.51395673524,37.0,employed,3970.917300733073,6.392979188185725,0.8228986122891467,2.0,,0.2571563989592802,1
24205.649497586826,44.0,employed,6547.829946240405,13.410971992079865,0.7437703172434248,4.0,4.0,0.14487522629945396,1
,68.0,self_employed,10219.468839697709,16.30264515058697,0.6353485634556295,2.0,4.0,0.5346462372935097,1
39923.961204342355,46.0,employed,8179.405767210822,5.651703697060837,0.6463444339777668,4.0,5.0,0.16202998218790274,1
34162.43574415171,42.0,employed,9551.787805490938,,0.6321318250587437,5.0,6.0,0.24999725725386415,1
20705.071871421682,27.0,employed,4765.847518886657,5.61923024195471,0.5453821993994266,3.0,5.0,0.3018381826729136,1
20643.173917427226,42.0,employed,7093.697924826414,19.13840685979565,0.3420625278684377,8.0,4.0,0.45735201006476806,0
12717.561500067754,48.0,employed,7458.038880279235,9.258277999106394,0.7242818681684087,3.0,3.0,0.40236002280426386,1
8396.520878219239,51.0,self_employed,3078.6348038298174,21.243690436301655,0.7781128262363445,2.0,8.0,0.2775989176485958,1
11899.920090866748,52.0,unemployed,11273.021473015848,26.13853545699781,0.5326157151275306,10.0,6.0,0.49620753200616724,0
115857.37498054313,42.0,employed,7084.573929508017,14.081956850079926,0.7119765200522048,1.0,5.0,0.1304777715724524,1
44589.00492792138,26.0,student,25017.129418812725,6.223074690256411,0.6711914689604679,6.0,2.0,0.538121860924614,0
11133.758891778043,26.0,student,1168.132934278182,6.373316729333364,0.3650096946598698,3.0,3.0,0.2494680177214156,1
39142.01215086827,26.0,employed,11473.696842663589,5.447797128503389,0.6162726483293591,2.0,6.0,0.3213652634998989,1
19206.814650931745,53.0,self_employed,3197.0486315766643,27.98500408282341,0.8691127646670198,2.0,8.0,0.16996548805242406,1
18843.91321888783,66.0,employed,1660.9612384594373,27.62374442806353,0.7552114564283652,3.0,6.0,0.10769154840594121,1
19955.572391482037,68.0,employed,1922.5121149559332,24.911670778410322,0.7962171623520181,3.0,4.0,0.09144514384460704,1
32443.346343977322,35.0,employed,9479.98314150878,12.759889794576235,,4.0,4.0,0.35713525002738866,1
33149.0784189425,22.0,employed,8111.274908739211,2.7942940194415646,0.624062612251085,2.0,1.0,0.20906570610313155,1
20603.243726711495,53.0,student,4415.196997016864,9.312353540218448,0.7150784756245742,4.0,8.0,0.3515228044793619,1
25297.504014417093,20.0,student,3842.938894458822,,,2.0,7.0,0.19187161220065305,1
10740.07567152372,53.0,unemployed,4211.853994039744,12.473547529029698,0.5428393193553879,5.0,9.0,0.36044308191342966,0
36978.83442319888,39.0,employed,16220.209398992632,,0.4142844193196954,5.0,7.0,0.37866823050957815,0
21017.143622839543,65.0,employed,24446.953639322644,15.977518991451864,0.38960155467902396,8.0,6.0,0.5369432850353116,0
,53.0,retired,7126.113488494213,13.384940221955997,0.6008872180602695,6.0,8.0,0.6073908793084046,1
17163.04537970491,60.0,employed,7992.182441962521,21.47347408825261,0.4312570526578099,2.0,2.0,0.4203024142312403,1
50242.86875686432,41.0,employed,17568.36121833405,5.650448916649895,0.5394129146248183,2.0,4.0,0.42696997286312555,1
30670.17846457455,65.0,employed,8878.67473336074,36.50667592238928,0.6333637533111847,6.0,3.0,0.16681381911526633,1
14248.96951845796,47.0,employed,2461.4334197951553,14.344492311724762,0.7971353499162521,2.0,5.0,0.2473561350657988,1
35187.82860972013,53.0,employed,10297.666466980647,10.999108204614068,0.5233886568198297,6.0,5.0,0.32523822010959286,1
19449.746861071424,38.0,employed,7509.501237331235,7.249848853884899,0.5212135976785139,5.0,3.0,0.39516483814682746,1
83298.79893357721,43.0,employed,15273.461005887491,16.971256206307427,0.7575135762748739,1.0,2.0,0.1375165988392305,1
27189.581320185614,65.0,employed,11807.384683444421,27.278982741031513,0.5561589275869349,3.0,5.0,0.34252545600313317,1
51059.81118629435,40.0,employed,8010.703591682136,10.53306351974882,0.514722863901661,6.0,5.0,0.15555072167649486,1
62597.555931142124,19.0,employed,31525.915747858773,0.39896082043280906,0.47392508979027836,9.0,6.0,0.4144401896330894,0
22528.48468981084,39.0,employed,3734.3903925739046,15.548622973911646,0.6764422730559738,3.0,6.0,0.28950555461568106,1
18861.467780597144,40.0,student,,14.597851931856773,0.8047171687315451,4.0,3.0,0.2776394735462482,1
47893.446161833606,41.0,employed,11006.296212984464,14.509946115428097,0.6307855344367217,4.0,3.0,0.5134040182146068,1
42322.88630029594,22.0,self_employed,12756.885325787454,1.8704012110813595,0.5218761452733163,7.0,2.0,0.35977902800458283,1
15225.520134136588,25.0,unemployed,6751.584056264674,5.520872633191212,0.6115153785202527,5.0,6.0,0.1767282624993282,0
18679.5627331721,36.0,employed,4553.846810340907,11.268759205292108,0.6510531459283417,2.0,5.0,0.22499761864292755,1
16767.47011002448,42.0,unemployed,5275.678065636309,10.90019603980789,0.7088739217906914,6.0,6.0,0.4187872888332719,0
31326.763739676113,19.0,self_employed,7197.037994554494,0.7763312262388742,0.6590406428488995,2.0,6.0,0.18586391927323107,1
43248.83655959723,40.0,employed,14463.162109112931,16.223569954209424,0.711741329892958,3.0,,0.3776348794622476,0
57526.12220129219,36.0,employed,10616.750569400685,11.591624090278803,0.4707418632460012,3.0,,0.29166686976172174,1
50736.67261064685,19.0,employed,10633.43611822199,0.6601976729720491,0.36438863702124336,7.0,2.0,0.45492083387063936,1
30263.114866396405,,retired,16565.428160318985,6.358470997428803,0.252236515998843,5.0,5.0,0.6491799120468194,0
17522.51708828502,33.0,unemployed,8120.225676352817,7.566154532671555,0.5705301897519002,6.0,,0.5796701385412703,1
25618.20079450096,26.0,student,7272.857039898236,2.5194272273768465,0.7056566151586625,2.0,3.0,0.3391471573221303,0
38353.58947243196,60.0,student,,23.403985387452984,,0.0,4.0,0.43486563335201495,1
35702.452049487045,22.0,employed,16670.9636261235,1.687799716061773,0.7463247733845851,2.0,3.0,0.30883633466825516,1
13796.309008555781,50.0,unemployed,5390.32280404042,13.070815850950781,0.7537996505535561,1.0,5.0,0.32722292405996517,1
57874.57248471372,55.0,employed,14461.391446164034,28.450666065265064,0.6355635631323258,5.0,4.0,0.2987475073194398,0
9946.580180477386,63.0,unemployed,5567.689908939476,13.44915269596793,0.4701863304213644,6.0,7.0,0.6240461246765556,0
18626.978460271315,49.0,employed,7281.368933095958,21.637508664139972,0.3442717973212036,3.0,7.0,0.27787978887675785,1
,48.0,employed,19321.39749344147,11.066434278145694,0.7998444421074088,5.0,3.0,0.32871168218169583,1
11466.282293242068,61.0,unemployed,3866.03101599968,9.339315228716657,0.5486302560389116,3.0,5.0,,0
6949.424779778845,66.0,unemployed,1067.3153990284948,10.765336699070232,0.6006274982410001,7.0,4.0,0.17033340897097315,0
51306.93178238275,30.0,self_employed,21450.407915327323,5.4900779466182765,0.7383644921304052,1.0,5.0,0.30103020066472247,0
74277.73390389132,63.0,employed,59306.4389170159,21.27044446600879,0.6339738051671164,1.0,5.0,0.5607480262291321,1
16076.739051387041,,employed,6120.244443895137,10.195917603731838,0.8192393143689447,3.0,8.0,0.29463959911831406,1
42382.3615576797,23.0,retired,35720.099228026826,3.0063388166930984,0.7462587590979171,1.0,5.0,0.31356147012567614,1
10213.506011014486,52.0,employed,3006.7881064376047,16.700992681252096,0.6956574203613544,4.0,7.0,0.22063871811948463,1
29728.358025249792,73.0,employed,,13.445731188928178,0.6020905546438743,6.0,3.0,0.5009769317575363,0
91149.65144438637,26.0,employed,,3.270741735583723,0.7278599464221149,3.0,5.0,0.3081818554241771,1
30817.499578351668,18.0,employed,2657.3162490580116,0.0,0.9160017069352622,1.0,2.0,0.05028584643717758,1
37985.85748204934,70.0,employed,7226.105561735134,12.36296964937555,0.7839663874675254,0.0,6.0,0.29638694439803,1
53179.75726521776,52.0,employed,14297.705678651733,11.049455149947821,0.6572103333660215,5.0,2.0,,0
5388.0623984700305,30.0,unemployed,1269.6752292304245,7.444143320363283,0.48771508977914124,2.0,3.0,0.32167336231816374,1
18824.231338079786,63.0,student,6131.106719242376,27.79204443459465,0.5735604635237862,4.0,9.0,0.5590678026448901,0
18750.193576414593,40.0,student,1424.6324890343178,15.770336477767012,0.7977745001838188,3.0,6.0,0.042497344497189116,1
92148.85030012988,36.0,employed,32025.253391174778,11.769328358896388,0.577787596761496,6.0,6.0,0.3714315309826782,1
19577.369964249163,34.0,employed,14660.0315409114,8.340758597707003,0.6434352868528788,5.0,5.0,0.5543777852417474,0
33009.16474969147,52.0,self_employed,5188.523294642072,13.177286595388924,0.7008593621388935,2.0,6.0,0.23708152157883874,1
7990.431002844586,25.0,unemployed,2959.2728634113832,1.424408279704553,0.6128216665593584,4.0,3.0,0.27630596438903415,0
21650.722358318115,38.0,employed,6658.8515376852365,11.765649775453536,0.6512166663118552,,2.0,0.28750738115171653,1
70193.53862063313,35.0,self_employed,15025.80004828392,6.355074513671438,0.5851972737745901,2.0,3.0,0.17204059888681028,1
40482.940041381946,21.0,self_employed,6653.948759027627,1.0501801831102524,0.7966237087448723,2.0,3.0,0.1499903039972855,1
30258.32346841139,61.0,self_employed,21367.12085703317,33.750498951974535,0.6994841143463414,5.0,6.0,0.3619587844172127,0
30834.43084688593,18.0,self_employed,7143.8248249795715,0.0,0.28223358981996716,3.0,7.0,0.31884316126644235,0
27402.415941245436,72.0,employed,7398.749614972639,11.850885571120461,0.725684225101535,3.0,5.0,,1
28655.435109715516,23.0,employed,13199.722190635412,3.84817118557635,0.3985789112228626,5.0,5.0,0.4900509601547831,1
19298.397258726527,38.0,employed,4393.87043281456,7.672080664677214,0.647256934630322,2.0,8.0,0.18530212922739117,1
31908.73988127506,23.0,employed,5976.708530786086,2.1802601518619515,,5.0,3.0,0.15390879443194078,1
15172.645898004492,38.0,student,4269.388680822687,4.971218847321061,0.2975478423615488,4.0,5.0,0.2954358605931422,1
27348.35956207983,52.0,self_employed,8724.390517003323,15.04293037484775,0.5254079448061,4.0,4.0,0.2691624330446395,1
39242.7945554331,22.0,employed,13416.23391532618,3.133331097844521,0.6372932515554106,3.0,6.0,0.2837048624319079,1
14330.173318646295,47.0,unemployed,2056.801007168354,17.87594309038253,0.7282160080948097,1.0,4.0,0.11935257013182575,1
30241.98811446861,61.0,self_employed,22384.236945134246,20.824680996696554,0.5924085433141904,4.0,3.0,0.4239650798054361,1
11826.650728621315,43.0,unemployed,4400.333427572817,9.612074690185295,0.7069612180462257,5.0,5.0,0.3359780610228469,1
106863.95581014335,24.0,employed,,2.5177582534117513,0.735728863302871,1.0,3.0,0.28295388329396026,1
52421.3614627763,57.0,student,42574.287055810404,22.102738709068646,0.42235553067795045,2.0,6.0,0.5944623908419445,0
21438.74128919843,28.0,employed,3038.794128511822,3.526700375631858,0.7412486966877065,2.0,4.0,0.29796886282892326,1
22989.117176776625,18.0,employed,5570.6685817272,0.0,0.5869342915156643,4.0,6.0,0.3865877405658766,1
21381.863923900153,42.0,employed,8191.622377200348,,0.42608506706436433,4.0,5.0,0.4518201405453261,0
67767.44184330094,33.0,self_employed,14558.611157224243,10.825227994069644,0.7763924696483475,2.0,6.0,0.34306226510383986,1
32729.939859375794,19.0,self_employed,14098.418014518677,0.7409233450524881,0.6062145656685577,3.0,5.0,0.34397082344230473,1
40938.946323702214,62.0,employed,6918.528658887811,31.01344924157947,0.5778483853055398,1.0,5.0,0.09888283387817758,0
98566.19842367314,52.0,employed,55257.57256246631,17.624233506678355,0.7461742695255902,0.0,5.0,0.3334503432844621,1
12644.093629300476,69.0,unemployed,5190.147296882372,34.338227651524974,0.56965536703985,2.0,5.0,0.5655610388951728,0
56864.95587644148,45.0,self_employed,25633.97071310074,20.406962854631665,0.6275599021773919,3.0,4.0,0.3994763225528692,1
47108.577438740984,42.0,employed,11682.691160291328,5.136421290342733,0.7870956035117398,4.0,5.0,0.13557462573227932,1
18943.50447936081,66.0,retired,9099.522765306965,21.468428669995934,0.6864031082014279,2.0,5.0,0.504733624528607,1
67838.89931913963,22.0,self_employed,27307.401257451304,1.289901150968468,0.5737334178772143,4.0,3.0,0.2938314488835272,0
16621.871236483683,38.0,retired,5417.015974683554,15.961225425094279,0.702893548685875,7.0,8.0,0.3593895242329123,1
49675.3915331043,63.0,retired,17291.20178703426,34.09828226009571,0.5390610078511942,3.0,2.0,0.2121333979006014,1
13536.260638047033,34.0,student,6076.930282473104,10.900985130329474,0.4194255994323494,5.0,3.0,0.6699420589156667,0
10008.540077141948,68.0,unemployed,1250.88803837161,18.87639415378497,0.7665344959150431,2.0,4.0,0.20640223229731913,1
115872.44461229889,34.0,self_employed,66024.13021515445,12.340181739633255,0.5282552251327944,56.0,2.0,0.9709875685311578,1
22876.610558441545,41.0,,8442.92013620723,5.003656072857591,0.7322267746448944,4.0,4.0,0.41323631642525244,1
29337.382611405326,69.0,employed,8079.301508938048,15.954015019437817,0.6744649577697179,0.0,5.0,0.23286063550862607,1
3768.7686028616913,31.0,unemployed,614.4761925274744,7.411615283001227,0.7315730367136234,3.0,6.0,0.111543928129119,0
,73.0,employed,6273.573093886346,37.16922149792418,0.7887820810015198,2.0,3.0,0.2485523859504702,1
14085.000288866784,20.0,student,6339.480188617675,1.4603570237386845,0.5193804797300196,4.0,1.0,0.7354702651890732,0
53906.45719758969,33.0,employed,40106.814907258806,5.704577496311329,,9.0,8.0,0.463837431834167,1
44868.45964869033,51.0,employed,5769.191111583294,14.337931101177475,0.860783491234632,0.0,3.0,0.10616187259209496,1
25493.563421728413,51.0,employed,8922.873936713386,15.60558255868418,0.6139479005286774,,4.0,0.45426841408111585,1
28874.80285554073,69.0,employed,13211.207660344353,11.025398847137797,0.645024262587923,1.0,4.0,0.44901409519504526,0
32295.751909758903,72.0,employed,4185.80043584456,38.79260379888811,0.813041896109144,3.0,5.0,0.16498610110477557,1
76341.98112036647,56.0,employed,11582.321466612231,15.30522387080494,0.7918752814617654,2.0,5.0,0.18106043888468953,1
8425.562640729026,55.0,unemployed,5075.463247595466,11.82398167336911,0.6864027814087474,5.0,5.0,0.5082148910428013,0
25339.49861883967,36.0,employed,6224.030040705493,8.019328281479492,0.7421565703398375,2.0,3.0,0.3754146739977336,1
20654.901359402895,63.0,employed,2662.5304139149025,28.185211122273667,0.581041936950429,1.0,3.0,0.1940826868992536,1
17308.972026177602,54.0,employed,1746.9634369215933,26.011776514906316,0.8026889675826202,2.0,3.0,0.08038242957598771,1
,19.0,employed,17150.11099293823,0.32922587972937356,0.525193754411925,9.0,3.0,0.39992902786468437,1
40193.14210039215,65.0,employed,25683.116446739365,14.267685670398162,0.3370703983583461,4.0,4.0,0.4311813557046441,1
75863.51171495515,38.0,self_employed,26515.732141742745,15.325395613844123,0.6488175409509993,3.0,7.0,0.3253127707351331,1
21394.35496146809,45.0,,9791.877128303666,14.324466910449798,0.5887239811235596,3.0,7.0,0.41505749618890203,1
120398.01888354847,45.0,employed,36058.26802270922,11.325506707669161,0.3189212423383748,6.0,4.0,0.47298134761824945,1
34998.60967914143,64.0,employed,14620.432540702539,14.701216959769793,0.49077646608106534,7.0,4.0,0.42662666220366685,0
31880.034596122874,33.0,employed,6582.700645470026,11.957230399785953,0.7433399518175348,3.0,5.0,0.3193808108167015,1
18956.209357775868,40.0,employed,9656.139448636468,13.893232589608482,0.6299409447908773,7.0,6.0,0.399685107939314,0
25723.0280607772,20.0,student,4090.833172778947,0.6614623698125983,0.6865102757735683,2.0,5.0,0.1285459008231776,1
38532.87764741173,37.0,employed,16219.021604710677,4.840357671029543,0.4140214431502658,6.0,,0.4732683993577902,0
25146.80103336472,23.0,student,7708.2796054954115,1.5978470319047378,0.8295141716706697,1.0,2.0,0.2585131573493789,1
20546.33565461964,51.0,employed,6879.679935478384,11.505303557370048,0.5427681419945528,5.0,,0.4344607621752292,1
43295.418259058846,68.0,employed,8156.593983414284,13.33256947784809,0.8101523740376848,0.0,3.0,0.21656206393156122,1
40239.316094954556,44.0,employed,13617.609770714465,8.782561383134292,0.32045044841507203,5.0,7.0,0.5275700938443163,1
38929.88629896344,69.0,employed,39760.39132546696,13.773458970947686,0.6351655950324918,8.0,6.0,0.6219573657251982,0
18064.28569483423,73.0,retired,2577.289854741528,23.465146129256567,0.8438330867553201,2.0,4.0,0.13064670886387675,1
,21.0,employed,12062.109094170019,1.4751514665057157,0.8436974551516836,4.0,4.0,0.19336816284337344,1
50615.169808356404,47.0,student,34822.3133332993,13.721958522907975,0.5430084127020414,2.0,3.0,0.6120843090816764,1
10422.068481332786,48.0,,3196.870926406941,20.925781230283164,0.7019906426828213,3.0,7.0,0.3193626997619946,1
52063.634500429864,39.0,employed,6805.713865319211,7.400341867817365,0.7402054134491638,2.0,4.0,0.30575728925506274,0
8613.404437566678,65.0,employed,2509.084818646867,34.41604583365137,0.6617507844811162,1.0,2.0,0.11688438347554957,1
50731.6357736484,40.0,employed,9114.025002249155,16.38722120458019,0.6674184177245064,2.0,7.0,0.20311425937760733,1
14255.850911795782,21.0,,1955.9471897196606,2.3276394816065595,0.8338173892063299,2.0,3.0,0.1675980488291124,1
9776.083293246578,49.0,unemployed,2888.6163635346275,9.566288150258858,0.7252426004753841,10.0,5.0,0.3284862600910847,0
,29.0,employed,6941.587204342023,3.8219575651534505,0.7325028447548185,6.0,3.0,0.48938517799532233,1
16302.06509908515,38.0,student,6181.985379160102,11.485987328288887,0.6023130118293916,6.0,6.0,0.5015690048003607,1
60761.21960388361,46.0,self_employed,16550.982417568765,7.966979437845494,0.6930030077436198,4.0,6.0,0.26441493450685216,1
14347.677596663261,59.0,employed,1736.8839393976525,10.306284726276044,0.5861806265229905,5.0,,0.2276595815933326,1
,,self_employed,21732.389204468684,3.66327490828303,0.5556383591781087,3.0,2.0,0.5668629451807162,1
28094.120978674633,39.0,employed,15199.726256677955,11.837485396794737,0.6510846054400667,3.0,,0.4217802475814588,1
40029.708157920424,21.0,student,8983.434558136985,2.048420655617976,0.7280083573285109,0.0,4.0,0.44423604134498823,1
45065.87124712104,39.0,employed,17293.465571834953,,0.6675095987033494,4.0,5.0,0.3464743055981947,1
14111.092926416837,51.0,retired,4554.45407697279,25.083970965090618,0.583987800365021,6.0,4.0,0.4818767867027458,1
10041.991056513138,53.0,unemployed,3181.917456992563,23.63064566588007,0.6198227292336098,3.0,8.0,0.39916906928673457,0
39533.54925531066,34.0,student,6220.44345799084,3.9436198915046843,0.5852944580879046,6.0,7.0,0.11140103329586395,1
51905.636087198036,21.0,employed,,1.3331456313446668,0.49218074647485527,5.0,5.0,0.3039064600236029,1
8030.974398097417,50.0,unemployed,,7.705885427857769,0.6012903930815897,6.0,4.0,0.4676835205146088,0
31775.941658159543,55.0,employed,2392.760249801654,27.71731030301559,0.7912709602277509,4.0,5.0,0.09056397830612993,1
11300.737875634139,22.0,unemployed,5645.821918522884,2.582725146734349,0.6292611926930725,6.0,2.0,0.5481345043510981,1
,46.0,employed,10025.720583544666,17.133958189959248,0.7440714337159688,4.0,3.0,0.318002159519169,1
15442.734639283184,23.0,employed,3340.7924329952625,3.0481055398425956,0.7282816597535585,0.0,2.0,0.2918949047513315,1
25879.05264604151,43.0,employed,8046.663204341868,9.277737528436154,0.47119873661244793,6.0,6.0,0.4600715787542265,1
72736.57652821734,54.0,employed,35712.60146072048,27.36444575233531,0.5512020422734294,3.0,6.0,0.566770967668085,1
30014.256261030503,58.0,employed,5724.5432582391495,30.14663979728948,0.7431923824814722,1.0,6.0,0.13254261763035619,1
12070.878078322008,58.0,unemployed,3743.7868519516237,25.74773142498154,0.6002802492887187,6.0,5.0,0.4102439237302527,0
38958.911693716145,61.0,employed,18902.60666211657,20.698399342452262,0.5827382585934253,3.0,6.0,0.49504330669873714,0
121101.08356153336,31.0,self_employed,14090.838538498636,2.9675027001675787,0.6774826557237633,3.0,6.0,0.16360289284294863,1
36477.006629474796,66.0,employed,10976.81935868686,10.415366883946628,0.72930215632256,0.0,5.0,0.27967864647258106,0
21963.791867800865,37.0,unemployed,3900.057232227558,5.374731395332093,0.6596700690725745,5.0,3.0,0.35738852525109566,0
9424.686879929797,39.0,unemployed,4694.414393900805,11.706635140532528,0.7200465406060569,3.0,,0.4961392026091232,0
31898.056742319895,62.0,employed,6804.055485087321,29.869823611003923,0.5755024831233212,4.0,4.0,0.13335657941633303,1
40198.56354910936,36.0,self_employed,4962.2090037122525,13.84343021095509,0.7730733341902305,0.0,8.0,0.10108493833284085,1
12329.947626672705,22.0,student,7985.065088939425,1.2208689902627523,0.3495030831830972,5.0,8.0,0.6035440187870742,0
11479.509990403789,,unemployed,2909.5042541882126,14.612669139107801,0.6022375573680337,2.0,6.0,0.22825013436779387,1
56614.786061292376,55.0,employed,12654.334277172427,8.601026372608015,0.4792704385301605,,10.0,0.38992542186185924,0
106130.63093022903,51.0,employed,31064.892006854465,26.18313390424142,0.44663728097591493,46.0,4.0,1.0,1
12710.991759314853,26.0,unemployed,3708.650452573361,5.348392380213151,0.6411061079013209,9.0,8.0,0.35147919289416485,0
51759.68150374871,54.0,employed,,17.583425190504595,0.5122175292091481,2.0,3.0,0.22759668392567417,1
8416.462186735167,29.0,unemployed,1671.6614699557258,5.998731344996141,0.6011314940152548,3.0,3.0,0.26399606805640585,1
62799.78295422966,49.0,employed,4785.458514781687,16.656444050795514,0.8326934674277474,2.0,6.0,0.08350081305416543,1
13182.15915705841,46.0,unemployed,838.9000931875788,9.873260652804925,0.5775264874637469,4.0,7.0,0.15367340603119556,1
33437.681054253706,62.0,employed,17254.783885134093,13.694314329346279,0.5415782337992845,,2.0,0.29658293716152984,1
13305.411312977789,73.0,employed,5658.162519057641,20.800198648530355,0.5587641407490294,2.0,8.0,0.2302089032631346,1
21089.25261700138,28.0,retired,4876.810461033122,3.4829212987769,0.4103734175382235,8.0,4.0,0.326026538000871,1
21865.143515021216,24.0,student,2544.641573346082,3.2071011235117,0.8014603344191138,2.0,6.0,0.17834422526229518,1
43456.91771014846,49.0,student,24470.801350126094,11.93257218862134,0.7194228635024119,1.0,,0.3604959371532171,1
33768.0251792786,72.0,retired,5844.647424868135,34.41781124834791,0.3283976841315319,6.0,6.0,,1
63774.46256263316,27.0,,14169.944858457486,4.866874557427993,0.810442422089639,1.0,7.0,0.13131665169469312,1
19839.84787441053,45.0,employed,9579.301972775767,14.02267299970757,0.5460449421348537,1.0,6.0,0.4204639631746465,1
34084.1843003782,41.0,employed,8644.829552605937,17.727853985831604,0.8386612550329542,4.0,1.0,0.29580651173973666,1
66861.14072091728,36.0,,24728.748094705676,7.082022982107469,0.7268843561658159,1.0,8.0,0.22141869191759284,1
23298.242902493927,55.0,employed,,21.5029909639264,0.8311125793392312,2.0,5.0,0.28605355055228004,1
29421.004409213085,34.0,student,18730.157960636963,3.200486019463315,0.6799993015182351,3.0,5.0,0.5304731716788482,0
52399.84604855631,46.0,employed,15001.72397525005,17.980317274258127,0.6069696637613324,3.0,8.0,0.32804474047539955,1
41662.712546323615,66.0,employed,5589.260064839827,24.073265155682726,0.6014734262192194,7.0,4.0,0.19421464409631442,1
30811.66673795181,39.0,employed,10668.831249945844,6.825650461784193,0.8476476701844664,2.0,4.0,0.14923149958291268,1
22177.918766584153,19.0,employed,5461.604362973341,0.20090633385717033,0.708811036301126,6.0,6.0,0.3319572543939153,1
88228.88185378196,68.0,employed,18765.039986392025,31.208318920112614,0.6732187119470628,1.0,3.0,0.24645873235152352,1
54788.82006260076,33.0,,27947.998050682356,8.964306331955166,0.6299941357048275,,5.0,0.41715783990312716,0
43058.20406597129,62.0,employed,17996.872302916356,26.36674787506057,0.6969250730612964,4.0,7.0,0.27597054719038083,1
32496.42316186622,61.0,self_employed,4720.334049092877,19.8863344365079,0.4136657558186634,9.0,4.0,0.22557135745950646,1
18504.859166656563,47.0,student,9527.892456877928,16.923773468397112,0.5003038336950254,1.0,4.0,0.32619395280956265,1
43376.314175713414,23.0,self_employed,11133.79208952039,2.714004370318181,0.6018520134245049,8.0,3.0,0.25905655231122693,1
48788.40797710884,72.0,self_employed,,18.540199445405108,0.6791103802241608,2.0,2.0,0.2878628187312864,0
52426.64032348346,56.0,employed,5253.0795192205205,19.427911345480176,0.8531818363255256,1.0,3.0,0.07030744858122856,1
24557.294983142427,42.0,employed,3592.185402570474,12.210136242512093,0.8941743597715403,1.0,3.0,0.12142035277652465,1
17443.136339178604,,employed,2922.79933006485,33.32033918112117,0.488837021695111,,5.0,0.29899876719993385,1
26514.989185243936,62.0,retired,7114.0128018056475,20.244110198507432,0.6389075383637745,3.0,5.0,0.22839310028766424,1
16675.594313562346,61.0,self_employed,4859.379901853651,19.85100424276995,,2.0,5.0,0.2766315157833051,1
30889.435230645173,27.0,employed,5886.426224205248,7.1157841448840085,0.45770667640070917,2.0,4.0,0.2083847884703838,1
28152.88415398261,54.0,employed,3509.7545242589827,26.52041965375296,0.7862205855556951,,4.0,0.08251069398784927,1
16253.311824906186,34.0,unemployed,4749.144469223209,5.525945504419921,0.7017805668326389,2.0,5.0,0.3299296763248591,0
107646.57621981984,22.0,self_employed,34331.353576258814,2.984703427204802,0.48380406321285074,5.0,6.0,0.34662678056625856,1
13735.02869957132,37.0,employed,5004.860815335946,5.372819882344774,0.5641559718901461,2.0,9.0,0.3310423477314103,1
56610.24951300542,23.0,student,11058.444173821865,3.560173176220002,0.5024952191403148,4.0,3.0,0.2017711925455768,1
35552.74332207016,24.0,self_employed,8327.63425635482,1.8599641562280624,0.6526256657556642,1.0,2.0,0.3218374326188902,1
47534.66535941184,59.0,self_employed,16651.833125409907,18.66984238289976,0.6303344630090837,2.0,4.0,0.27324892171165793,1
17900.499942512884,46.0,employed,3516.2698668926623,22.129883405308107,0.28783178902180007,7.0,3.0,0.2952167900776304,0
59780.55890228603,40.0,employed,16990.334573514352,5.681045962489441,0.7427130123799007,3.0,9.0,0.18337853953564234,1
25953.488839445232,28.0,retired,5082.174788122042,7.038726919808034,0.5453488548388651,4.0,8.0,0.21356291797788776,1
35216.369440302486,61.0,employed,13901.785686152845,,0.6035833776435099,3.0,6.0,0.30067733150499176,1
13784.601882413319,54.0,,7575.120616119171,9.597413500742384,0.7476711622519514,4.0,5.0,0.35278760854711433,1
37680.5153993599,51.0,employed,16327.554090463891,25.45932930627906,0.6260524133887493,5.0,3.0,0.4905097771482193,0
55432.10191742816,28.0,employed,41237.40789841396,5.295388208835357,0.6802603882137922,5.0,2.0,0.622796745555972,1
11294.131773818064,25.0,unemployed,8262.118005856662,5.098692292082211,0.37214771165270705,4.0,5.0,0.6708911006643544,0
65323.01300267283,25.0,employed,21092.03320872775,5.050249156344354,0.6547967914180871,3.0,,0.31609571921383867,1
22395.727016331915,19.0,unemployed,6417.405881952096,0.20878074976441874,0.843917804374302,3.0,5.0,0.22756164948028743,0
26356.028374775917,73.0,employed,4919.751082536113,19.739743217672586,0.7415468466671065,4.0,8.0,0.19484426584805234,1
80624.42557315905,38.0,employed,33504.597136829565,,0.8179117822049268,4.0,2.0,0.22989839671874737,1
242560.657646311,55.0,employed,30185.29734737825,19.273981811021415,0.7596317647410249,38.0,5.0,0.7883259020302222,1
13030.532035877435,73.0,unemployed,3816.8567595716513,13.371578324755665,0.4339778618678645,4.0,4.0,0.41029046797359336,1
38157.99610842259,71.0,employed,4520.548536567741,22.96914736688414,0.8952814818012603,,8.0,0.10987902499875811,1
37596.18552658078,36.0,employed,,12.398091735129448,0.4847966534155346,6.0,4.0,0.7063872319590228,1
3412.195474167585,45.0,unemployed,1274.6154840013812,8.205696063117719,0.4328890973807422,5.0,5.0,0.5819046530545178,0
33098.61775763527,44.0,employed,22089.16958274019,16.139913003391573,0.8055994797521603,6.0,7.0,0.3677198826060158,1
18361.782842450775,19.0,employed,4156.152120084711,0.4761976456323643,0.9000586274211073,2.0,3.0,0.11665533779582668,1
81892.92261155478,61.0,employed,14058.663658087287,10.424192067529308,0.31222072800134154,6.0,6.0,0.26767860786498154,1
40130.59601677884,50.0,student,29156.496126410777,9.805582060075931,0.3748930253561395,,5.0,0.6303213137977454,0
55601.70616717269,39.0,employed,18297.034323523734,5.976987219846569,0.6979721702106698,6.0,6.0,0.5146742987619523,1
32233.652076072292,49.0,employed,13865.047872058063,17.726751941528807,0.5579212624445166,4.0,3.0,0.6573187547431527,1
21938.372065643176,59.0,employed,3897.4521278843745,10.348180212517416,0.8445657316379617,3.0,6.0,0.19917773459710025,1
26139.673570527546,18.0,employed,4928.427262186081,0.0,0.8719068072325137,2.0,9.0,0.24310209276795747,1
95924.90772958192,54.0,employed,17290.304831870057,24.62383722823698,0.5678594371018661,1.0,3.0,0.11228797233573325,0
25691.135950494925,67.0,employed,6818.217911870602,12.153822715351005,0.6234518532685615,4.0,3.0,0.24106335217206074,1
11183.584615314567,59.0,employed,5643.630610751595,30.049651064162514,0.6694191213465367,1.0,6.0,0.48155561904526084,1
60784.05341793203,53.0,employed,33020.34677234201,27.142377339200177,0.36918130196001203,6.0,2.0,,1
38449.63093234114,23.0,student,7089.765920035288,1.1304042945437354,0.48531978258644526,5.0,6.0,0.2147604997631518,1
83250.36927622154,60.0,employed,18829.131041725872,32.348305117048156,0.6491301477928997,4.0,7.0,0.27672918488252873,1
61033.245453341435,60.0,employed,20178.14759664502,15.442446668620084,0.32539841024772775,,6.0,0.21814956029076293,1
33110.72933909258,46.0,student,9534.042772294559,16.768000605493604,0.5611083952141238,7.0,4.0,0.34416925901624645,1
18644.749484739037,51.0,student,8432.195734728999,10.061351775491943,0.40545644648686585,7.0,9.0,0.28435509517483254,0
14145.649048636831,53.0,self_employed,1178.5837356872898,24.16657284169667,0.855222562469578,3.0,2.0,0.06758884320502402,1
36825.304890873296,24.0,employed,16010.389227475303,4.230888029617526,0.7480366333100995,5.0,0.0,0.47228066851653777,1
49552.420400789,32.0,employed,11387.824705964686,11.018067803650563,0.7243302182078564,6.0,2.0,0.1952851189219829,1
33940.52379764052,63.0,employed,23745.166662380216,35.798403478612485,,6.0,8.0,0.5157401807042071,1
33175.99796644312,73.0,employed,20280.384032788905,13.503304356608927,0.6584372015176841,2.0,3.0,0.4817719764338786,1
22425.20840913757,33.0,employed,4389.837801131597,8.921672411502671,0.8654917412633762,3.0,6.0,0.15723396193095854,1
22007.32493167043,40.0,employed,11545.672160457094,8.004209538410262,0.6516458075590668,5.0,6.0,0.5763675218557495,1
91041.82154862539,70.0,employed,29706.20493971645,14.31802691169173,0.6145155684378611,7.0,3.0,0.49808714187075165,1
101975.04084697524,27.0,self_employed,54342.94542402208,2.6034952610615294,0.5379537275470361,5.0,3.0,0.6500427196136953,1
36267.468518514084,32.0,employed,19416.060878233333,10.666072806998606,0.7192775972008285,4.0,3.0,0.24061911531513605,1
,21.0,employed,3365.8923845393538,1.8305686290216212,0.7751517568274147,6.0,5.0,0.07826008191779665,1
7783.402391684056,31.0,unemployed,2779.807742099812,,0.6268411633057347,2.0,8.0,0.4810803291767482,0
25037.756997128,,student,6604.9702814186085,28.459369687955608,0.3922435550397837,4.0,5.0,0.47240070490459923,0
87537.67803774127,37.0,employed,29470.394611152362,13.009059494512151,0.58668528054079,2.0,6.0,0.4841238010690418,1
16905.336326387773,74.0,employed,6028.260201129034,21.588424669864363,0.42512972853747444,7.0,3.0,0.6119026369251779,1
45795.52463117124,68.0,employed,4978.3657174837945,24.126000808171018,0.5812954041957379,3.0,,0.14619095189951983,0
47548.76625275003,69.0,employed,10600.57696139907,32.4332249635825,0.5934036885685405,5.0,4.0,0.18640196875888976,1
52005.951204160694,59.0,self_employed,8338.069056259006,24.830389311650386,0.754252719628797,1.0,6.0,0.09270043091825002,1
82570.58926396126,58.0,employed,13359.821335373575,19.11394157154166,0.8550624852904989,3.0,7.0,0.11626325582105515,1
100509.65847431344,47.0,employed,12907.144384671896,14.715584272163763,0.7341659523301577,2.0,3.0,0.16702543033282263,1
32314.074620443975,74.0,employed,5244.260264374622,12.651778061992133,0.6323886293176477,3.0,5.0,0.3032495662976742,1
50847.53050945132,23.0,employed,5639.322119608032,2.501899733460846,0.8424445777063541,2.0,3.0,0.2211008719804268,1
37877.66308681504,59.0,employed,7393.516854277348,16.5700735364113,0.2670221011409528,5.0,7.0,0.3113219111193297,1
26474.634199055075,25.0,employed,3731.511484216097,2.597215041994817,0.7230978422137279,3.0,2.0,0.18979956665064981,1
29106.946456019527,37.0,retired,11411.908904908838,6.873695642357321,0.6314865641789185,4.0,8.0,0.5129633886688724,1
55885.483811657534,32.0,self_employed,30628.10694171288,8.251153937794168,0.4460124957801169,5.0,4.0,0.5624810442674049,1
40475.99424669489,52.0,employed,7988.672254076953,15.5568554627149,0.6500344290281496,3.0,5.0,0.21997355070483954,1
23374.697087676443,62.0,employed,9637.759053204047,20.041183582497208,0.47271941338485557,3.0,4.0,0.23350545446800822,1
31682.82008738824,22.0,self_employed,30214.101190925317,1.182048779243549,0.5191927003947384,4.0,0.0,0.4691988805108451,0
28912.991035940897,52.0,employed,4414.09448466142,26.42201679216979,0.7283837617404165,1.0,5.0,0.13557787726376413,1
,30.0,,3683.8467301252053,4.01226865764397,0.5739578086923963,3.0,6.0,0.3150723033281117,1
14867.719516145798,22.0,unemployed,2333.7300983944574,1.7746620958418833,0.4910873885196121,3.0,3.0,0.17426749030718353,1
44759.368249315914,41.0,,7357.99130496294,7.2248257456803975,0.8164043145703828,1.0,9.0,0.1630987831936067,1
59264.08785525573,51.0,employed,17367.98900761449,20.52222847730513,0.5445660182309757,2.0,1.0,0.2256360439945051,1
23651.66577545192,29.0,employed,,5.078449726641639,0.8495369897664893,3.0,7.0,0.21972198382042335,1
,40.0,employed,7156.022146581179,9.860179195038942,0.6947760526544502,3.0,2.0,0.5177302269109152,1
79006.44622978523,72.0,employed,20027.764474579508,39.15307428660577,0.531814316285799,0.0,7.0,0.22660056344639012,1
16724.080190553737,37.0,student,4573.996631450562,12.45807028764537,0.5713824937825298,1.0,5.0,0.3514835900559145,0
36866.756445351064,74.0,employed,11446.197445555732,28.667801777076484,0.6292488742605508,6.0,6.0,0.4100584735832317,1
33271.22337002843,65.0,employed,9189.222069351279,22.61424939396007,0.5231330517430168,6.0,5.0,0.4072194340830909,1
70391.34464225042,39.0,self_employed,10481.465463664528,16.294757612242904,0.8369545467814696,2.0,5.0,0.15188239587011848,1
65244.9769333629,50.0,employed,17754.722776857903,24.76407356207175,0.8086873051040417,2.0,4.0,0.25475973327157725,1
63361.01527648987,58.0,employed,8440.293496432383,24.914500829837305,0.6656243141872353,3.0,9.0,0.3236257641332806,1
36801.12909732162,44.0,employed,12103.941799016107,17.058307653188354,0.4867078118763669,2.0,2.0,0.34627910970900744,1
25824.84239236495,41.0,self_employed,7291.915396667662,17.00748213252266,0.6526711414870137,1.0,6.0,0.21495766510077338,1
95092.6100990554,36.0,employed,56024.65398421471,14.014534563403968,0.49504964813498725,2.0,3.0,0.5672572363890961,1
61295.681343866294,25.0,self_employed,58515.60423452662,1.745554018337458,0.4026439425130379,6.0,3.0,0.50825122887615,0
14451.064067863359,19.0,student,1840.878201867294,0.7984032994823491,0.6841004548294698,1.0,7.0,0.12308249615664163,0
25902.306531003018,37.0,,7575.409662012588,11.814453250651145,0.2616432073162436,5.0,4.0,0.3151599487729934,1
19448.41001553274,63.0,retired,12614.913538025261,25.004111063173944,0.6431465809931876,5.0,7.0,0.45668984537015683,0
25733.00214105423,31.0,unemployed,9023.526894770377,,0.7791754028787984,4.0,4.0,0.3676123879654016,0
38024.84778641241,28.0,student,18545.85943172484,4.018339362116225,0.6158743823583185,8.0,3.0,0.2974575270664619,0
8017.937431447114,36.0,unemployed,2960.3683834505687,12.285470252058955,0.7735845894817128,3.0,5.0,0.2842603858450362,1
,52.0,self_employed,11383.00003543593,20.150475153550897,0.776467813192935,4.0,6.0,0.19071501525776866,1
18793.62935851634,30.0,unemployed,,3.845077215514757,0.6174108166706105,6.0,4.0,0.3218493451356691,0
67124.70380635893,30.0,student,24402.69944156513,6.7913594673648445,0.6004542808525234,3.0,7.0,0.43083655313929575,1
25055.519991585443,24.0,employed,7156.877482849129,1.7081979661972755,0.7428612620106064,2.0,3.0,0.29891554935701575,1
81763.14069605796,36.0,self_employed,13431.353370002287,8.966248126266189,0.702380134871069,6.0,4.0,0.21355418680801622,1
36631.83715939403,30.0,employed,23452.00148173394,6.6008949924094695,0.3922729513077385,4.0,,0.5688410098606397,0
9761.201024738568,65.0,student,2822.1456458565003,27.326290794981716,0.7324370279828458,1.0,2.0,0.1224294872780761,1
34200.871838612264,69.0,employed,8757.78338768258,14.645023005537118,0.6838774401616385,2.0,5.0,0.5409907653742767,0
12726.099673711213,,unemployed,3904.475638404599,5.404541460999707,0.6174874987740285,6.0,5.0,0.19135684682028903,0
7485.572490335618,22.0,unemployed,2429.74634106981,,0.7715297382043009,7.0,3.0,0.31028628395055236,0
29715.137214864335,22.0,retired,11203.865892183165,2.256871597171073,0.7476240443902447,2.0,6.0,0.2644973648426711,1
58624.30365642723,36.0,,9532.706621950821,13.662174390885966,0.8087971912037131,1.0,6.0,0.18712003238211217,1
44999.673214915885,44.0,self_employed,6409.398543160124,17.35432708204552,0.800657405472032,3.0,3.0,0.12720805476627,1
9693.936159462592,48.0,unemployed,2961.9051208387496,19.422789453103697,0.6188219216300274,7.0,7.0,0.18275410915533422,1
16858.610012357487,,student,2659.6307402203506,6.768369914488702,0.9125403982016449,0.0,6.0,0.13813296661368688,1
18116.549581964755,38.0,student,8783.85103370427,5.340488557301903,0.47036730547350225,3.0,4.0,0.391564602921243,0
40483.947388312445,34.0,employed,3839.6255069216277,11.762618298754422,0.564317725601621,2.0,5.0,0.08316709337896566,1
63254.10977255203,47.0,employed,9700.901362760633,14.514850987289341,0.7492441326996504,1.0,8.0,0.14298432023794955,1
,57.0,employed,12209.762564945497,10.151953801179497,0.5406965651543065,1.0,5.0,0.24444163688275927,1
12606.61230938467,20.0,retired,6596.362512617883,1.0419624761406152,0.5398940195034054,2.0,3.0,0.5051823554572914,0
27414.83211564621,45.0,employed,21280.625715792736,16.34164593117715,0.39589296258199924,3.0,4.0,0.6639737294010721,1
43404.59999988551,54.0,self_employed,13638.802807159323,14.10984063941051,0.16169998653116893,6.0,,0.38006573061816545,1
22297.729095458573,56.0,unemployed,6971.109865850372,7.810875642386898,0.480600654363223,3.0,6.0,0.32829988360557805,0
69488.96352684849,,employed,17021.378382460676,18.334853673237035,0.5494744565335669,2.0,5.0,0.15560911629049753,1
88198.2738369498,47.0,employed,57090.27903670551,6.497662020673039,,3.0,7.0,0.4258478741579592,1
38766.323542519174,56.0,employed,,17.46768703186307,0.8366828360432371,1.0,2.0,0.3187120029605471,1
26595.76860700213,39.0,student,3439.5635717042196,14.592167874398275,0.9458719408007171,2.0,7.0,0.04416379230812016,1
17549.2980825611,50.0,employed,2060.5306150903293,25.57787454097562,0.8303338481357037,3.0,5.0,0.1295755084174395,0
45023.541958168105,36.0,employed,28932.133360619064,7.5992714710290095,0.21845889287673637,10.0,12.0,0.6844074289312665,0
23334.26427514917,42.0,self_employed,11159.451462224319,5.089827741602838,0.63548530237793,4.0,7.0,0.4790834944441575,0
35197.50231550082,25.0,employed,2111.70314605782,3.4701930281428433,0.6141704734652914,4.0,2.0,0.026441062888104296,1
82600.58269277416,37.0,student,32985.471844594394,6.949539530724713,0.6881868738081263,3.0,8.0,0.46867560681301673,1
42267.6424368159,26.0,employed,7197.802606784832,5.885320065228125,0.7065431367829773,7.0,4.0,0.3328883891752189,1
23578.566764348714,30.0,employed,10570.71267344918,7.522822682359397,0.6067222184407868,2.0,2.0,,1
44528.93595336543,41.0,employed,12854.950522277572,10.179661109522145,0.7308202831556768,2.0,4.0,0.33517915627637546,1
28042.104917214958,46.0,employed,7881.89236397997,18.40207427942525,0.6227642439188195,4.0,3.0,0.2940280146961199,0
22463.070831702404,71.0,employed,5246.264202102127,21.450346631749255,0.6646491060498346,2.0,1.0,0.29419014954255635,1
36379.02466980212,19.0,unemployed,10054.884282323248,0.5130581510682739,0.8003751799558859,4.0,4.0,0.2052751418421158,1
61908.08184866587,69.0,employed,29775.948889835083,38.437229561854615,0.6244365145763286,6.0,6.0,0.5009600712254675,1
43164.268438365725,36.0,employed,5760.190635885498,5.761698475359918,0.8316787806370832,3.0,6.0,0.18690127403934212,1
29854.425174233213,59.0,employed,11406.412035588428,15.90122684690497,0.6415249724125993,0.0,5.0,0.4342554892338889,1
31088.873177706304,56.0,employed,3030.2429034800994,,0.7774110471505202,6.0,6.0,0.11253054901791357,1
39265.19385387063,73.0,student,10678.810750700464,26.24198589024359,0.5387842710276035,2.0,3.0,0.2750448567632207,1
42331.58466664295,24.0,employed,8553.587499347577,2.3443997832248837,0.8430073793298222,2.0,,0.1363889704856147,1
5442.111917206845,,retired,2130.602048285046,12.230856116070038,0.6716428661382081,4.0,6.0,0.39496525735926663,1
121840.64213021615,21.0,employed,55412.21062263553,1.3541154676564222,0.4985637498922556,2.0,4.0,0.4258150647846027,1
39796.37785593505,68.0,employed,6410.921342124546,25.018033341064278,0.731345825081087,3.0,6.0,0.0765923197127719,1
43117.511930693814,55.0,employed,17480.409751866784,16.420589654528143,0.5232458186051618,4.0,5.0,0.612412322988988,1
62526.603847567974,45.0,,22099.779123629538,9.894839587083053,0.4778859490471219,6.0,3.0,0.45261873287852467,1
16040.616071926104,40.0,unemployed,3144.994312033008,9.272518290911034,0.6062144353458376,5.0,4.0,0.39763662018215173,1
52757.13531672657,23.0,employed,10641.35003152772,2.92733439566116,0.7642090159395084,1.0,3.0,0.22544489336236012,1
29382.021900973832,63.0,employed,6518.490026015345,33.06455243900107,0.5668670740954648,4.0,5.0,0.2812158906978206,1
21599.22077567139,59.0,self_employed,6933.887219280324,24.182025235406545,0.7386166295235852,2.0,2.0,0.25668097670794554,1
45955.396811590275,71.0,self_employed,17118.087433845663,31.147965463965765,0.45044127055586214,6.0,4.0,0.3336890180277501,1
37147.81175972746,59.0,student,27490.38287712766,28.295121604729598,0.48358942804801586,6.0,8.0,0.48454200944517917,0
18387.452412476385,72.0,retired,3790.8880687498913,16.15062599855783,0.6688440827684228,5.0,4.0,0.24464693183869765,1
27758.522312728455,68.0,self_employed,11273.91520003146,19.032928883744155,0.5108686054762772,4.0,7.0,0.3793791700161496,1
23404.591632118998,42.0,unemployed,13088.341391489002,5.528510154838142,0.6233673673318271,2.0,4.0,0.47696442840246084,0
10112.78023707413,58.0,,6698.664375060305,16.391307124957777,0.7253910212259306,2.0,5.0,0.3088144151946668,0
29576.045620019406,33.0,employed,14918.458927359718,11.989414040398552,0.5465780651562873,3.0,7.0,0.4788610499646088,0
33148.01264139897,63.0,self_employed,2661.099836492201,17.89143467487055,0.8909916290516811,2.0,9.0,0.03955104281671333,1
35154.55616640925,52.0,employed,11601.761026538745,24.33936911892851,0.6425042416220776,6.0,2.0,0.33228015056710114,1
5786.939387143233,43.0,unemployed,1093.2590223156126,6.2866657089564875,0.8507921428199602,2.0,6.0,0.1381579026655852,1
19412.160911885843,53.0,retired,2837.5466166342962,16.65395963005599,0.7811234913090971,4.0,5.0,0.05048508304410058,1
40748.89531918323,33.0,employed,10276.677202212999,6.16316578843473,0.5192878347928842,1.0,,0.30336768884736315,1
14211.358860658553,53.0,unemployed,4773.59769630295,11.23324012785973,0.5882378811073764,3.0,5.0,0.47599654390748086,1
32397.914931055588,45.0,student,20761.86277041193,11.434601364321198,0.6754453866489116,4.0,4.0,0.2574787504908022,1
91098.45385019673,36.0,employed,32338.538436057464,10.63380360327063,0.6314486677469144,5.0,5.0,0.5957622423084484,1
77361.28366099084,73.0,,18767.26155725374,27.18016647134007,0.8450903428586207,4.0,3.0,0.16226465030420562,1
28686.41691453511,21.0,student,12787.841810180307,2.1198012561752315,0.5670276696649792,5.0,6.0,0.41918299123047564,1
23598.956187153766,61.0,retired,4033.603203972026,31.94762245668711,0.7843884492556903,4.0,4.0,0.1283837047422331,1
26594.653146153414,29.0,employed,3909.02460389017,5.380492685718337,0.6063839359135863,4.0,2.0,0.2198492981078703,1
36641.590117662425,30.0,employed,22142.512322616672,9.46842946188806,0.8274487132406507,4.0,3.0,0.23016818514686405,1
53535.46254966626,26.0,self_employed,19002.07698050353,1.945699664975603,0.5322606327992987,4.0,3.0,0.3546059491322078,1
54773.88997720336,23.0,employed,7223.249747221177,1.8290176640087448,0.701602294863847,5.0,4.0,0.1349110355389037,1
49589.92002501913,25.0,employed,6953.89629923511,3.1501873357160193,0.810948777942021,3.0,6.0,0.2166646699364663,1
34180.557399761885,65.0,employed,7505.434154541715,25.83218259210483,0.3556495281687211,5.0,5.0,0.49233209195687766,1
53821.652064712835,70.0,employed,27760.084118127194,27.43300792897217,0.7146597044673128,2.0,3.0,,1
68216.12498000321,51.0,employed,9877.991451049713,17.845939922885062,0.5822922067102031,5.0,6.0,0.18016787954960675,1
62031.05165752872,18.0,self_employed,23126.886220813903,0.0,0.46496070715778787,8.0,9.0,0.4493843944898458,0
39312.72953770212,67.0,self_employed,10443.138916197575,17.960416643427198,0.7030830202898825,4.0,4.0,0.34749180284262327,1
8377.070326001904,52.0,unemployed,,23.46381641000803,0.39394530102350145,2.0,8.0,0.4808962158985743,0
23652.31524459515,47.0,employed,6941.206315410029,15.50920964182127,0.8233106534285174,1.0,4.0,0.25758136600731135,1
25832.565100963067,72.0,employed,14766.621165273082,26.6918916466952,0.41260754560920754,4.0,8.0,0.48667000022946366,1
41296.68871478902,41.0,employed,10702.480808024733,8.731905273631474,0.6295359305289876,,7.0,0.18317587149209852,1
47094.04678428351,38.0,employed,14783.644039996334,7.648825633120034,0.7538619837674331,5.0,6.0,0.44164728432409595,1
17903.18378377289,62.0,employed,2256.5213375163985,19.05586860614502,0.863392395135862,0.0,1.0,,1
28226.102399718176,48.0,employed,4426.1625589125515,19.743188785794448,0.8995512751475789,3.0,6.0,0.14396887554030202,1
41012.93290494397,58.0,employed,7637.8807950123455,19.44158930221451,0.8184903290088896,4.0,8.0,0.1317336225426728,1
23159.493108747534,57.0,employed,7510.779225584955,11.39970823499625,0.6382424045062903,6.0,5.0,0.3278095616471932,1
49625.6073315689,65.0,self_employed,,30.828141601066957,0.9068422364764461,0.0,8.0,0.05060643897346327,1
34255.28143712039,36.0,self_employed,6469.040717518855,10.76450386949138,0.7293285822893593,3.0,5.0,0.16885796051591956,1
12646.587356943728,22.0,student,2704.6509672336733,3.078173044162801,0.48141866838171404,1.0,8.0,0.3169358804195531,1
13053.095552708357,45.0,unemployed,5658.966416022176,13.976508446236602,0.7064577191171343,3.0,5.0,0.4752362247995416,1
44184.97882820762,54.0,employed,41939.17502318111,21.33551827708857,0.40695405387082045,3.0,4.0,0.7840350711851977,1
23759.44804708082,64.0,,2218.0990475274752,22.42951552820944,,3.0,5.0,0.21678491266075833,1
,33.0,employed,21807.18103597145,9.127021874501681,0.7151066772903664,5.0,5.0,0.4375505825918158,0
45882.50591521484,60.0,employed,13692.550623823081,19.390149992644623,0.5669853660148829,5.0,8.0,0.4754579767096646,1
24808.829780978493,65.0,employed,8244.255721089787,13.287552700350249,0.6316353441561071,6.0,5.0,0.2306393736204418,1
15853.119594608372,64.0,employed,4987.580954394515,36.43245732185601,0.6107300414377188,3.0,4.0,0.23048501765214957,1
16843.381632288798,64.0,employed,1849.4958862100023,29.082038197165613,0.8781573147636773,3.0,4.0,0.09001557054802924,1
29465.476473513263,74.0,employed,8384.536670578618,31.649827727723007,0.7638427300757189,2.0,5.0,0.24088710797716603,1
20663.022757995903,55.0,self_employed,3734.4605693973876,18.087540654118534,0.691843535564445,3.0,3.0,0.22628244281099674,0
10682.016738851147,39.0,unemployed,1847.1824894577471,13.164005427577184,0.5415019461150217,5.0,6.0,0.33296563617201247,1
29221.186817280013,42.0,unemployed,21258.411910950148,6.625558878746606,0.4679050587554145,8.0,2.0,0.548165191830324,0
20050.53239923505,60.0,self_employed,2075.1545893403418,16.618057633170697,0.8631214707407364,2.0,4.0,0.10181538461037756,1
31530.088969021555,31.0,employed,16888.910961357687,3.5726549359505095,0.6660986604465506,3.0,5.0,0.294002820161701,1
105466.88297144578,52.0,employed,43636.400943397806,9.370911960403363,0.5873980901960669,6.0,7.0,0.3171827652891622,1
48990.18354919566,50.0,self_employed,14518.301010650543,6.809872861642256,0.5973607022310543,4.0,2.0,0.4353511921768941,1
30216.347240336352,55.0,employed,12007.615795424537,24.180833816142428,0.732835384660523,3.0,7.0,0.341761746839036,1
33575.72728766773,42.0,employed,20332.82003202401,8.07324419460258,0.5245024514392623,5.0,8.0,0.5667788937127141,1
45011.85840717845,60.0,employed,41666.92539598286,29.366594520556117,0.6430489947585769,3.0,11.0,0.5707041495845211,1
42393.01066196459,22.0,student,11376.555446659051,2.970642833992958,0.6548492793654987,6.0,4.0,0.3355598922461664,0
30634.538974472733,60.0,self_employed,11244.868742257688,12.647864703227697,0.6523030908271109,1.0,7.0,0.43518968051775375,1
24864.46260868277,64.0,employed,5888.679124835565,28.764647568471975,0.48734085719053777,4.0,6.0,0.19188284054599689,1
20048.42374458676,68.0,self_employed,3710.111240219001,23.80917185470183,0.6664849418878221,10.0,5.0,0.16735614962487835,1
38236.583373826536,70.0,employed,2644.4954715801573,39.07158811106879,0.6995730363714305,6.0,7.0,0.07813649206770315,1
17982.53548579299,37.0,employed,8288.326842166116,9.32235600933884,0.49999447307961,7.0,5.0,0.34139398889741784,1
28799.367025149815,20.0,employed,15357.965617602269,0.8546486637313324,0.7374157362849791,5.0,2.0,0.318506364605502,1
23055.468823673342,55.0,employed,11392.966233922907,13.939345642469554,0.6156509770693959,6.0,3.0,0.5229190668358379,0
68348.29761198141,23.0,self_employed,16141.19614896478,3.7108643206844727,0.6187478376405227,3.0,2.0,0.39835582982190026,0
28164.055220577324,33.0,employed,11111.022089759856,5.035613730676754,0.546351904874469,7.0,2.0,0.4505524694493563,1
15500.739934911131,58.0,unemployed,4081.712628983659,27.86515499862768,0.5499478020392657,8.0,7.0,0.38999886415142565,1
16284.255490357165,51.0,employed,1811.874608359251,10.444911462043164,0.8208126775480432,2.0,4.0,0.08978556407501365,1
42661.99077558004,52.0,self_employed,8794.794423093672,19.925295826771222,0.7433577605627036,5.0,5.0,0.17899445529887803,1
21888.792501160973,60.0,self_employed,5913.587560135325,19.766854121049747,0.5734662519028136,3.0,4.0,0.20592183580694715,1
32289.130315663675,27.0,self_employed,23974.640949709876,2.364886845090069,0.5084213319966624,2.0,3.0,0.50506665348075,1
120681.66221666848,63.0,self_employed,59526.29827387897,12.400191116560414,0.4012145166383422,4.0,6.0,0.4325564249095191,1
40514.37971146398,51.0,,6670.480171329584,12.173881168330261,0.745473771438651,2.0,3.0,0.2355401747054983,1
34057.09665751315,41.0,employed,17177.287875804854,15.179793252366172,0.6415675802225496,2.0,3.0,0.4341057109350903,0
197754.39980175172,44.0,self_employed,86040.60650413611,16.571464035344167,0.5099315671906224,6.0,8.0,0.5385639243744257,1
25278.836801863446,46.0,self_employed,4849.570664226853,9.046020223643772,0.7193636414618478,3.0,,0.19226757053787014,1
65030.27378822297,49.0,employed,28379.81204658565,,0.6664089913281954,2.0,7.0,0.48569693802188346,1
16876.25311375257,37.0,employed,7949.587635120891,4.905651374517746,0.49314661628397727,2.0,3.0,0.4991258020815567,0
32145.849429997565,30.0,employed,19341.92410405553,7.554813260519061,0.3571942754855062,5.0,2.0,0.46517389964722694,1
18510.71670889885,27.0,employed,9121.417184255415,6.083830989093965,0.6189572460184567,6.0,6.0,0.4551429539345559,1
41300.833384435995,37.0,employed,4763.0175901555,13.986036800422111,0.5540087108899338,,4.0,0.15579106900378928,1
37346.15076649297,32.0,employed,6848.132672254,10.240266117677463,0.7996416840656971,1.0,6.0,0.3252580768846404,1
34251.23084800016,47.0,self_employed,22413.235079743536,11.679326144340504,0.47051641410495737,8.0,10.0,0.5889872835542098,0
62694.469222521955,69.0,employed,16250.79678050971,17.988735303264697,0.8413939340071686,2.0,5.0,0.20583181581477158,1
9572.296161990364,24.0,unemployed,3535.33813475548,4.427721749086928,,,3.0,0.23441350868931718,0
42762.88677221788,35.0,employed,21625.461542144338,4.889271143159,0.4724046714685191,5.0,3.0,0.5917985287975515,0
60209.633893094244,20.0,self_employed,24874.028210385175,0.4712128860311521,0.47538937418689914,3.0,4.0,0.40569824326736337,1
17298.747785963726,73.0,employed,10160.487916635904,21.37001827481756,0.5722155869129559,6.0,5.0,0.5587110513496673,0
24979.05191416351,57.0,employed,6004.8270631675205,25.591021027603112,0.5677144923768993,3.0,7.0,0.45523335386728403,1
37306.78466734244,31.0,employed,9316.538211035435,8.014758378812616,0.6810496052417621,5.0,7.0,0.4863377742853886,0
54742.020322291275,41.0,self_employed,30548.257420762882,18.221362850570625,0.30231250330274895,4.0,5.0,0.4766606580952765,1
73911.14318825025,59.0,employed,23345.85632466859,17.04452584925522,0.7428604615679053,3.0,3.0,0.2844654868889229,1
16299.878292938616,72.0,student,12942.297219283857,19.737453001362894,0.48980548688886033,3.0,3.0,0.5569837771599392,0
,50.0,employed,31965.76854370428,13.661586097502592,0.6555481514224348,1.0,9.0,0.6135357281798167,0
23475.250733511148,33.0,employed,10703.145590363556,10.040306352874088,0.6802627883355878,1.0,5.0,0.5706008845391939,0
42829.91328985759,57.0,employed,9986.69324393968,12.814618856234631,0.4609263516155032,4.0,2.0,0.26723436613747453,1
34432.335694141795,57.0,self_employed,6752.2907873862005,29.977302831367002,0.6402958000066296,2.0,5.0,0.3315923396065987,1
31665.52626516644,54.0,employed,14375.902988215186,18.271065582641413,0.7460647689877391,3.0,6.0,0.4108787489384814,0
34650.0950255965,20.0,,1447.3434837854195,1.3397739949293639,0.6181997568093915,3.0,5.0,0.04480935972893869,1
47849.40829840912,58.0,employed,11684.792693076542,27.854283787614005,0.6181977772415088,4.0,4.0,0.36619328673107415,1
27395.518576858147,19.0,,11560.083719193843,0.48728907040265007,0.7119031703494685,5.0,2.0,0.4109516248724375,1
24684.25711246474,69.0,employed,6329.627864954532,32.88596424031916,,2.0,7.0,0.3411621714090977,1
31545.529087378967,68.0,retired,9047.737699086447,20.940829718063828,0.715690139909487,,5.0,0.30199844970081574,1
7999.525841226097,50.0,employed,2231.9443134607354,21.969817874045525,0.523035499103847,4.0,5.0,0.3124699402404461,1
26853.754247723784,54.0,employed,5365.938670789523,24.9963049861365,0.5082003572196732,2.0,4.0,,1
14295.074357082156,21.0,retired,2535.053782555462,1.619170474989154,0.7245214529741697,3.0,3.0,0.39430057610922803,1
66279.04822390588,67.0,employed,10606.020590929194,16.2135457866673,0.75216741803528,3.0,1.0,0.09405657548700128,1
29130.28456580776,33.0,employed,2870.8585874209543,11.732008576623285,0.7304303075702121,3.0,6.0,0.06860233260022565,1
30180.52483020225,32.0,self_employed,8422.746136572512,10.754630909472084,0.4475269943866501,8.0,1.0,0.24725683354634542,0
125632.8704406881,58.0,student,65725.51121642547,22.875693069904088,0.4253775786205247,48.0,13.0,1.0,0
29662.05698876432,71.0,self_employed,8247.36484722474,40.0,0.6522806151424675,3.0,8.0,0.2944659146903759,1
29693.276566267923,46.0,employed,16109.385437791365,14.046977779372693,0.6434056928226897,4.0,2.0,0.5779408308070902,0
26685.623702579407,46.0,retired,7656.120729450297,11.908137498757347,0.6054690770678599,3.0,8.0,0.321100792270625,1
29406.757761487188,49.0,employed,10392.355783400353,14.765356093315729,0.5822980470361203,7.0,3.0,0.4348196557219016,1
20510.994325496133,34.0,retired,3990.3607012589105,3.6407073745808964,0.6329162932140135,3.0,3.0,0.2832023299252548,1
,52.0,unemployed,6626.224205456783,18.002085703103788,0.5146097075042586,2.0,2.0,0.3904190759398016,1
10198.1432580709,72.0,student,5356.743070400766,32.3859310742476,0.6150277708938925,0.0,7.0,0.39905933005962435,0
37433.39310455879,39.0,employed,9813.960593300404,5.579951669006178,0.8394371260795559,1.0,5.0,0.13197181641022188,1
42332.07089258335,62.0,employed,19446.21551353414,15.547775892778882,0.63959036302855,6.0,4.0,0.3057793524249524,1
19559.8027251633,62.0,self_employed,3896.17278030735,27.839260500061496,0.7145096938506393,4.0,5.0,0.21205407155222705,1
53102.04441380208,66.0,employed,13590.974944702471,32.45539713673532,0.7549841255428333,4.0,6.0,0.27843765519946745,1
53211.180866554416,59.0,employed,7285.754378860319,32.45232941387336,0.7882443303761093,4.0,7.0,0.10848011586925022,1
29560.59160548931,70.0,student,8192.235624441677,18.300578999791437,0.6753508595753454,5.0,5.0,0.3310088302976037,1
46409.2801836699,,self_employed,12435.59607472902,28.194547319949947,0.6428253088743457,4.0,4.0,,1
454564.5047910637,73.0,employed,27565.947150573953,16.679397848767497,0.6647906722042842,41.0,2.0,1.0,1
108284.02576941256,58.0,employed,14112.850321227095,11.14108148956742,0.8277792136863611,3.0,1.0,0.17416018757398105,1
31233.27149148667,65.0,employed,6238.692011068857,29.963540989152502,0.6661643996931472,5.0,10.0,0.33054486057503407,1
21528.959247662984,68.0,employed,6093.958535235114,,0.7384955727380138,5.0,,0.3338130152372668,1
16864.566758783993,74.0,employed,3833.3493839085377,37.875829544459236,0.7393706705692558,3.0,6.0,0.27265004940849114,1
30577.35069825868,51.0,unemployed,4929.742722175096,12.194782947621038,0.5338218429115259,5.0,5.0,0.18776233351746113,1
96732.41228059975,58.0,self_employed,38928.855565971215,13.116653050392769,0.6732714015275818,1.0,7.0,0.42601672416315156,1
22872.718078415008,73.0,employed,3371.0592759770198,29.110358546160658,0.6515514727758026,5.0,4.0,0.21455873526326744,1
25243.894252009693,39.0,employed,2062.3976194854445,5.6529119808537285,0.8578140703086474,1.0,4.0,0.016258551551511145,1
33972.77206116158,24.0,self_employed,8327.605145731965,2.203497170369387,0.764012259130785,1.0,7.0,0.3873334324888399,1
23442.50980554345,68.0,unemployed,2914.5321571494583,14.987110343748661,0.6693424908779331,6.0,4.0,0.17177531303062224,1
9539.551208483797,54.0,student,1584.4833884722477,14.113021545484735,0.7432916590692842,2.0,7.0,0.1975831546611915,1
13584.575009365919,42.0,employed,2825.936896728038,15.823181364262295,0.7248984458360892,4.0,4.0,0.2104066777593645,1
37569.02226152734,58.0,unemployed,29203.812389862684,10.897816092988311,0.6165965797677169,6.0,7.0,0.6564773258571803,1
42454.434207113336,19.0,employed,17944.628855966184,0.5671213515028225,0.5890512432681296,6.0,4.0,0.47983457790186057,1
45579.19552737422,45.0,employed,2251.2426746985916,14.873210341828269,0.7143016954833149,2.0,6.0,,1
16387.920980094485,33.0,student,9830.71474282962,7.843175662505577,0.36806100114622226,7.0,7.0,0.5697156030672449,0
45839.088273029614,34.0,employed,19836.201291374506,7.848776993346192,0.6976634860237889,7.0,5.0,0.3966422806832687,1
17032.815030611633,73.0,employed,5343.015386638245,32.907399938212784,0.4441888466667616,4.0,4.0,0.4179265332755893,1
23850.00525304411,49.0,employed,7110.614020111587,22.043678191477063,0.7276077269259748,2.0,5.0,0.28854215528204835,1
38276.02278808839,,employed,33949.58646633954,2.3777758640744366,0.2808281413754203,,0.0,0.608551845615278,0
11667.40754389837,,employed,3799.2281572592183,13.769575868459116,0.33346155292076496,3.0,3.0,0.488296145818796,0
367712.5690415464,31.0,self_employed,210365.39248702806,3.0795100258836055,0.47239770577278883,49.0,,1.0,0
30270.163846414995,69.0,employed,6392.717474551886,24.9530081651868,0.8074396152509872,3.0,6.0,0.10701686804312854,1
31215.026736563403,34.0,employed,12620.12940910116,8.11006900055225,0.2967058209897961,7.0,3.0,0.41270721521955445,0
13784.66354081408,38.0,student,3284.852356253396,6.3710299793699505,0.46815551590213367,1.0,4.0,0.39547119872384146,1
22071.75546932235,37.0,employed,24464.12666802505,4.822273401064527,0.5612948638994226,,4.0,0.8143956907377347,0
7301.513207140877,28.0,student,2702.5699424211803,2.449465852771839,0.6273385856299648,3.0,1.0,0.2732689821380241,1
39041.2291178808,62.0,employed,21504.70817516893,9.782977205142803,0.46619720987274005,3.0,5.0,0.5057820075666695,1
31255.105149371968,50.0,employed,12665.88949076695,17.412986063084468,0.5380585191081835,4.0,9.0,0.45342667794218156,1
,42.0,employed,8378.96348589054,7.038834391986326,0.7733164948810364,2.0,13.0,0.320078974300862,1
13114.117254039325,40.0,unemployed,1604.8954205021373,,0.7973444033306538,1.0,6.0,0.14348246134381143,1
31336.063521833417,56.0,employed,16605.294347017407,28.096122039561347,0.7016909469704105,2.0,9.0,0.4282122582113953,1
14419.55922728087,23.0,student,3014.1490813514515,1.877224480600349,0.5823716533827177,4.0,6.0,0.22992938630858697,0
12351.74412271572,71.0,employed,3179.609713201,15.830032473322934,0.23825514361688277,5.0,5.0,0.5161020233280995,0
51092.027997978126,50.0,employed,14286.017982795689,14.264548011905593,0.4838735829593887,4.0,6.0,0.4342877948416911,1
19603.71719308909,30.0,employed,8569.156260145775,8.747305449248827,0.6710411032346415,6.0,1.0,0.41186373421995776,0
37482.7133154472,48.0,employed,12151.786079209402,13.196745300142181,0.652431063706455,9.0,3.0,0.31242552622132846,1
24242.577772609075,66.0,employed,4366.442477201277,12.720085325192342,0.7231916723228178,4.0,8.0,0.13028905334903235,1
29900.687165128275,27.0,employed,2875.027099753903,7.117207700917533,0.8993786035285977,2.0,4.0,0.07416705962398232,1
64611.406531252076,47.0,,9560.850159591142,14.494353199215327,0.7097734628414709,1.0,8.0,0.10929910728430017,1
52110.37166562175,52.0,self_employed,40311.69338917674,,0.18941857295787862,9.0,5.0,0.71436175163099,0
63896.5068600661,64.0,employed,74811.67977445005,33.86393379970006,0.4045289792095474,,7.0,0.5782438243088889,0
42838.51016847779,50.0,employed,12571.658103107375,24.206147082355706,0.748058568300383,1.0,6.0,0.3582979926519199,1
347946.27470286476,59.0,employed,156385.82232935634,20.42138987611294,0.4627547278687512,33.0,6.0,1.0,1
14904.679453159391,62.0,employed,6675.649091853246,16.897312796145968,0.6760725184528069,6.0,6.0,0.3839747575728888,0
30984.349559498038,68.0,employed,5588.742727233949,24.479014586864704,0.6517819968235075,3.0,7.0,0.1534926189238322,1
35698.20598128732,38.0,self_employed,8074.8655291473015,6.631383414042247,0.5649743396196237,2.0,,0.3833696825554837,1
66958.77497885162,58.0,employed,40754.57719591011,19.477714350534356,0.5315891276817368,7.0,3.0,0.40525008459805234,0
14097.294175257095,32.0,student,7430.790406657886,4.727221287679279,0.5965842806779821,5.0,4.0,0.5414280338040658,0
41457.7350414671,66.0,employed,19194.46539402406,27.51943951906112,0.4823606326540759,8.0,5.0,0.6492024040461872,0
40655.063539766954,72.0,employed,18971.635203244517,35.42040946665764,0.5147806739825928,3.0,10.0,0.7324343180641635,1
32392.76581645455,34.0,student,13207.253272537295,12.506506767445327,0.6867983258056731,6.0,4.0,0.40265886621440394,0
33966.4298622257,49.0,employed,7658.3879233675325,21.871810729061536,0.7205636949646375,3.0,6.0,0.32884369262562607,1
54934.314811641874,64.0,employed,11563.118532601184,11.577321716660881,0.7150536702138547,7.0,3.0,0.25855962236916613,1
10838.85334039907,19.0,retired,4398.440400269769,0.32691372796499535,0.5049118490641901,9.0,2.0,0.5614027928427352,0
8101.812677488073,58.0,student,2248.914785977985,20.760604589088935,,7.0,,0.27891529959785866,1
12754.481863089717,64.0,self_employed,3432.332881961977,16.309511439616372,0.5411971955772232,8.0,1.0,0.21012153067133774,1
53798.04932358799,67.0,employed,22687.436555743112,10.222337088249038,0.619278070674049,6.0,9.0,0.5266411067251998,1
50860.07272569453,29.0,employed,27001.049828653442,7.181620269412735,0.6027889642399102,0.0,,0.6523697160013415,1
39804.643009989864,61.0,retired,12317.943235091985,,0.6531710243974292,3.0,3.0,0.30994139598838794,0
12941.207792267822,62.0,student,3438.4043390908664,10.545040855884354,,7.0,4.0,0.36909008214145417,0
27398.02395192652,18.0,employed,12974.000867960827,0.0,0.4844800125685212,1.0,2.0,0.6644864605972601,0
34182.742097921604,58.0,employed,7804.940524276383,31.453009115561372,0.7293683047980937,0.0,4.0,0.2736305481166349,1
74745.90083891152,53.0,employed,24102.149835690612,21.24931115487798,0.5452940406036207,5.0,,0.30191720361498114,1
84703.65769354838,73.0,employed,60431.11075972288,16.239281737008397,0.5867589343885051,7.0,4.0,0.44534055032491615,0
59409.79701866857,20.0,self_employed,10176.477696055686,1.017154703115637,0.7528422431007527,1.0,7.0,0.2686301677966334,1
42852.097060717024,73.0,employed,13890.940501702553,40.0,0.7253234820806147,3.0,4.0,0.3101650446527157,1
70805.45670738148,50.0,employed,16732.798585204324,7.4414784054800975,0.28529971437131696,5.0,4.0,0.25761302350141696,1
31954.834772013666,33.0,employed,9023.771840661037,8.741038806884431,0.4901873576952913,4.0,6.0,0.3121009412291588,1
29867.590291604258,40.0,employed,11956.567619245683,13.92080346510785,0.7048693422948166,4.0,5.0,0.5311007133932972,1
34046.71869544588,61.0,employed,12088.983468497785,26.763501842314337,0.7422328437057628,2.0,4.0,0.2351814120259353,1
22262.141302639426,74.0,employed,1940.1063747227277,16.24572606318205,0.438432361083149,5.0,6.0,0.19212757625186944,1
33272.79309386843,36.0,employed,4204.059744246247,13.398608142524825,0.5712238653705203,,5.0,0.17252360623381763,1
14539.451606351115,74.0,retired,2102.7480824249014,22.02831677915924,0.8457181058030624,1.0,3.0,0.06094234919652168,1
60627.50272501393,53.0,employed,49619.88771775989,8.086582491211107,0.6265730628435644,2.0,4.0,0.6180152284848496,0
47659.80673259942,28.0,employed,37883.88218754829,2.499325606895292,0.36950784480716486,2.0,0.0,0.4741539387244439,1
74219.42584812584,52.0,employed,12236.087147061678,16.134578588713854,0.7758561288862853,2.0,6.0,0.1226081750797376,1
16080.435063309425,63.0,employed,2954.7138679674654,10.079514056134272,0.905190495082976,3.0,6.0,0.13151338211288552,1
93981.05265747679,21.0,employed,28015.119067116953,2.003194531982875,0.558123676031049,5.0,6.0,0.6527493666462216,0
16543.72728756226,22.0,employed,7166.537771444998,2.8779764143287636,0.23009617504854557,7.0,,0.4784285665720537,0
19947.23791702397,18.0,employed,7112.4351375739125,0.0,0.7141608045192012,,1.0,0.3039295405181336,1
26624.555993400125,50.0,employed,9255.472501148535,21.952259263883082,0.6103957836497856,3.0,8.0,0.45295575120950926,1
76816.1762943462,21.0,self_employed,,2.366171644378916,0.5814416253312966,6.0,2.0,0.2751812138734956,1
40651.326579043554,71.0,employed,15229.414009651096,11.565707523162834,0.6284974682415106,6.0,7.0,0.24174422341687127,1
32147.352398134408,25.0,employed,20104.962883011776,4.44486242740239,0.47697669607709836,2.0,1.0,0.4070013439397819,0
24432.910236466163,22.0,employed,10260.883912324305,3.1978257891143294,0.6265134588152939,4.0,3.0,0.41841924852456003,0
18252.04531287952,32.0,employed,4747.050131324798,9.495796124869218,0.6638723077594118,2.0,5.0,0.268442192743075,1
63979.22254170864,61.0,employed,19505.982366907443,21.63821067830655,,7.0,5.0,0.23278439197277745,1
54139.51638881527,69.0,employed,21194.553671205867,37.27558294543762,0.5068205170540938,6.0,7.0,0.4943960797094792,1
71412.28472830419,32.0,,41231.106746729514,8.746632369181302,0.5328928956715253,3.0,2.0,0.43829801022687986,0
44285.343885293194,47.0,employed,11772.78099630557,10.888658718010898,0.6629801350280337,5.0,2.0,0.336814459446364,1
6783.671996860641,62.0,retired,1187.6286120746543,14.722042246839923,0.6078833035474002,2.0,4.0,0.10581494741398899,1
13643.705922876525,63.0,retired,6644.912190371786,22.838698603024756,0.5749394887612602,5.0,2.0,0.550498235630513,0
32072.707344928735,26.0,retired,4646.592375995362,3.39035451530373,0.8444478978727672,2.0,2.0,0.16241488535064738,1
30186.24051282189,65.0,employed,3274.923314833579,18.69099734078565,0.786983583651044,2.0,5.0,0.057092816210973646,1
27462.56315951295,67.0,,7746.205775146173,15.030989611770416,0.5408632669438369,3.0,5.0,0.3419714031438162,1
20918.445688697677,59.0,employed,8752.647763834004,28.99403567802377,0.7063356828829118,3.0,7.0,0.3068063170406748,1
58325.50666083942,48.0,employed,9084.840440378479,18.69026101160778,0.5467521266971371,7.0,6.0,0.21324551380751408,1
45619.76381988487,,employed,21674.611723028047,8.773443399495413,0.61559916937543,4.0,6.0,0.4864802469468256,0
46657.810105288154,68.0,,7126.654922890205,17.130012447555604,0.6793355056748435,3.0,8.0,0.1841894643125592,1
26454.958208255746,67.0,employed,11046.893267944513,13.567254642453895,0.7806381051559698,0.0,3.0,0.28032026843965757,1
39661.803673749724,47.0,employed,21457.914373836556,7.757725411298941,0.23283705216605466,5.0,3.0,0.4641134993049658,1
18603.732970477187,60.0,employed,4625.8794269476,24.16205026747067,0.76976789052263,4.0,3.0,0.25322730587440406,1
,40.0,,11277.655861644038,5.836386750483416,0.6094444014230432,2.0,5.0,0.31608183060143985,1
10260.27796746663,60.0,employed,9431.677079392204,32.597358124219575,0.35021221338399566,4.0,4.0,0.5747440408890125,0
8289.912969909918,23.0,student,4339.857143758156,1.8374053048362005,0.7616359357778977,2.0,0.0,0.43920529708279826,0
30910.279512599303,69.0,employed,2772.364588381773,10.989628733804048,0.8775416269004012,,7.0,0.08356281410564811,1
119080.9833676236,47.0,employed,28740.670684433197,20.682737194871414,0.7592756122492917,2.0,2.0,0.15501362462093463,1
14759.296926110163,52.0,employed,1649.153342809004,14.298782875346125,0.8228045892796989,2.0,6.0,0.10757656994488424,1
19500.779219543863,28.0,employed,6098.535749412505,4.057795297849759,0.616510835250885,2.0,4.0,0.30803321228434166,1
40472.87996695241,48.0,employed,5730.961935148128,8.1351710126949,0.695953947949449,5.0,8.0,0.3064026330171958,1
87966.51001435837,18.0,employed,26976.04885350224,0.0,0.7616335625683668,1.0,0.0,0.2257025694314656,1
44196.30327687837,68.0,self_employed,19030.081853845997,20.763801147683004,0.5303359130004215,4.0,6.0,0.6178888049629402,1
51589.37018865578,60.0,employed,12269.768848183849,29.139462145081417,0.8353401612743665,2.0,6.0,0.2572009546979269,1
30674.842180066225,43.0,employed,8531.928134559665,14.45927455445194,0.5532748177547595,4.0,3.0,0.5036532458120013,1
14066.368647999165,65.0,,3541.6092178551753,34.21352834314985,0.8008873818139314,1.0,4.0,,1
37838.87060138226,64.0,employed,17925.854342875,26.38268796047091,0.6885888026367001,5.0,,0.5152518855269033,1
26130.416676804103,24.0,employed,6078.460353956096,4.0054016269910955,0.5867159808446647,2.0,5.0,0.391721034453175,0
52163.31084414804,21.0,employed,12150.260138220372,1.8537707128285057,0.4373327701923078,13.0,10.0,0.22535352965512936,1
16266.516157656004,32.0,employed,8875.802106600891,6.685776366981597,,5.0,6.0,0.6858963981299384,0
56669.61844896078,18.0,employed,23078.740661888238,0.0,0.6617296929869304,2.0,8.0,0.26918708877970454,1
37036.40053107801,50.0,employed,11915.500952629498,19.141446737120194,0.5466861986590164,3.0,4.0,0.4528300580780004,1
35880.51772813727,48.0,self_employed,15746.769788468899,6.12066515867024,0.6180783944709427,3.0,2.0,0.40141104118276416,1
15970.646457886576,48.0,employed,3126.9529737470466,18.57548289710133,0.4674381377265969,4.0,5.0,0.3469679679186291,1
22250.18637582918,22.0,,4090.7652911523815,1.4291828043748303,0.8540342902548743,6.0,2.0,0.16097103116365133,1
66126.55841308481,70.0,employed,32872.41437026545,27.304872046400963,0.6046557766507145,2.0,6.0,0.4857922774994621,1
16359.324513907539,73.0,student,5099.348166648096,14.673968817558215,0.583631476241627,,5.0,0.2753553041013131,0
14608.767021984684,51.0,unemployed,4186.889374984212,7.055845531132334,0.7017762015195865,2.0,3.0,0.3109602974359692,0
11696.98988363956,18.0,student,6372.221812871554,,0.695070810947124,5.0,5.0,0.30894329022442096,1
39370.92433001832,40.0,self_employed,12538.578609047461,6.4881675633227545,0.6043030912042526,4.0,3.0,0.3891403910937459,1
20115.262932133825,58.0,self_employed,2317.2494339127497,8.477420158643639,0.9191514591263261,3.0,9.0,0.059155600654747745,1
38175.190763131824,60.0,employed,8810.467396631868,11.736415005445666,0.7759183707704626,4.0,5.0,0.25959394210480397,1
21854.74344080348,31.0,student,5622.7927777738905,6.9615541218,0.6370215507645997,1.0,3.0,0.3687045148693509,0
42629.737989716734,64.0,employed,11310.289980562871,20.24753015141469,0.6415875453803714,2.0,7.0,0.4400695365113393,1
23114.319234732793,73.0,employed,5952.669370972432,40.0,0.3973015568617203,5.0,5.0,0.38083674187789424,1
33667.3797543776,46.0,self_employed,4572.768919002306,19.186065251649,0.8193014748364703,3.0,7.0,0.07491135453497597,1
47505.32423935661,39.0,employed,19789.320891720505,6.049374506556744,0.4980998303925145,8.0,5.0,0.2647508444169198,0
32672.244433102707,47.0,employed,17431.179168518433,13.052135446222366,,1.0,3.0,0.47783451780854386,1
31456.07190481944,19.0,employed,7434.500664144546,0.45858247793799245,0.5777825082368008,8.0,4.0,0.26968619178066505,1
94064.29382542367,47.0,,9923.831832517139,12.100831953752373,0.7430247225152796,2.0,3.0,0.10181106283126982,1
,19.0,,1220.7113303973513,0.49735386840532175,0.6665673429324037,7.0,7.0,0.11984806755332025,0
62330.6921312214,19.0,employed,12387.743906108726,0.6019247272672792,,4.0,4.0,0.29517274844640273,1
7135.499566221632,49.0,unemployed,2051.494895175601,18.120548711269546,0.7026719545815265,,6.0,0.20126705644612414,0
50382.06526861784,47.0,employed,22720.334696935224,12.01352545592383,0.5303154581066531,2.0,6.0,0.432819539377505,1
18110.626683593466,74.0,unemployed,1745.436818829459,34.889532937790364,0.7692589337061743,0.0,7.0,0.1065370150615836,1
28136.34462077617,46.0,employed,29538.32518808748,10.463354697545668,0.5497468543247528,4.0,4.0,0.7161369802487916,1
9878.48454663536,73.0,student,1566.3872490170959,38.57043885947055,0.6454287592767967,3.0,5.0,0.23981647988921748,0
13558.696087044307,64.0,employed,7952.202165610987,35.81666839408712,0.47873872066203016,2.0,5.0,0.6574660650748614,0
26700.651518626924,37.0,employed,14771.082241473938,7.1599978607174055,0.6452162251621876,3.0,3.0,0.45399282039431343,1
47245.34095702982,70.0,employed,15396.475941752618,34.882282846437455,0.739078410031991,4.0,4.0,0.25252999287431926,1
21187.908018553047,45.0,employed,5754.14162341752,18.577498022495185,0.681285845643412,3.0,3.0,0.3599776435267241,1
38119.235041960135,51.0,employed,7623.82753768638,16.317114815790607,0.6471345972644124,6.0,6.0,0.22630734689897622,1
19093.347994775195,23.0,self_employed,3956.5585720965223,1.2632419349591326,0.636525613695456,4.0,2.0,0.2994266453599745,1
16153.769764911436,30.0,student,7130.339398018676,8.060509608714845,0.6747728614778851,4.0,4.0,0.4485812132840401,1
22511.649903995247,47.0,self_employed,9859.004672015742,12.890121345245847,0.7863170862600242,1.0,5.0,0.34834664546270094,1
34926.80095152984,33.0,employed,6113.9239331874205,4.872641479515769,0.6817173113566235,4.0,5.0,0.3643733456769529,1
28267.280966925922,52.0,employed,14826.616919717717,19.583664744239904,0.6968275888687302,4.0,4.0,0.4772267871503293,1
7009.311843530369,22.0,unemployed,2030.7210464420466,1.8486514536338343,0.6162715277741042,7.0,4.0,0.36769049082061567,1
9142.975299235319,32.0,unemployed,1607.9384916007436,3.53560856891353,0.5645702235123785,5.0,,0.1646046472309716,0
22763.680148834046,55.0,employed,8824.808075786304,29.2375767652809,0.4909776234601453,4.0,4.0,0.6409450424074126,1
13178.772971258692,52.0,retired,3760.1420795253475,11.791102152980566,0.6046334024991168,6.0,4.0,0.3803914884666699,0
62403.26724265353,74.0,employed,20792.83580547575,28.36842586411609,0.7942795495339217,2.0,7.0,0.14488498501488978,1
10615.711962780308,69.0,unemployed,1493.9493412839115,30.619020808969328,0.6157242158640315,4.0,7.0,0.13552579514692717,1
8452.456021269994,64.0,retired,1177.0040730906408,12.376466457403888,0.781492119896238,2.0,4.0,0.11222694840047905,1
29251.021525736596,18.0,self_employed,10280.05762622795,0.0,0.4941836276097428,5.0,2.0,0.5425972241996205,0
57374.535812095884,52.0,employed,12361.737408329893,20.025092128718164,0.6053210071987307,2.0,2.0,0.04656094478434035,1
24817.905891234408,31.0,employed,11226.184569352403,,0.16855190104155462,4.0,4.0,0.4178506298357049,0
76793.24342793094,33.0,employed,34221.17069767151,7.7549699250181305,0.5849719712143477,8.0,6.0,0.49874212321257094,1
8282.05866919196,29.0,unemployed,2364.7000886130654,8.501647181106161,0.6273874890548611,4.0,4.0,0.19611250354080695,1
46709.55506190709,43.0,employed,27531.71426050811,18.663467559034462,0.47728379718633857,3.0,11.0,0.5881985626310141,1
67079.21222801864,25.0,self_employed,16787.85759140078,1.8703299602594068,0.632069092269083,6.0,1.0,0.26975992352225714,1
22741.569984936796,48.0,student,6240.50985053886,12.63753695520421,0.5835910762161135,7.0,9.0,0.2962647508540421,1
18265.202257685956,27.0,employed,4715.325849895775,4.590565731555942,0.4812238152710734,5.0,2.0,0.4905513111951092,0
22669.273847043503,46.0,employed,3549.6073043210044,21.055594211149934,0.6474507679163988,2.0,7.0,0.15994274743991224,1
71707.14514698544,53.0,self_employed,26698.77054045502,24.147829918534967,0.27281462524399186,4.0,5.0,0.4929554329708977,1
24286.9457206021,28.0,employed,4449.508038573862,4.318896217966485,0.6898728022520869,7.0,1.0,0.14216690642568103,0
,,employed,26184.94030920244,3.658631216531937,0.3734371061373088,6.0,9.0,0.5334210585288565,0
29285.788379464568,63.0,employed,17228.51128455636,19.210260482067333,0.6562960086579805,0.0,8.0,0.515939517082531,1
38976.67462349364,60.0,employed,6674.390781676009,15.2340619822686,0.7473592478808375,2.0,4.0,0.14420864941682057,1
19975.394922824926,32.0,self_employed,3275.237856458131,,0.7901044540763508,3.0,4.0,0.21262367899634946,1
26792.203570936246,68.0,employed,13182.699757996543,20.677052644444103,0.7143319573120216,3.0,8.0,0.3027682398169504,1
23443.459204354982,30.0,employed,9997.425391516392,6.881334431442617,0.6253430878583476,3.0,5.0,0.5477999289714317,1
40651.858166290585,70.0,employed,26586.358941386654,23.182143141411007,0.4377101733581383,4.0,7.0,0.6108516596075487,1
38047.80939397755,24.0,employed,3235.666845719352,4.064768902656775,0.8141665906551743,2.0,5.0,0.10570245329911515,0
45767.291158689535,55.0,employed,20926.541120436123,28.585703608900875,0.8011779977977249,3.0,8.0,0.37400442092824315,1
31258.572209679514,19.0,self_employed,7734.547669610455,0.36218550732285737,0.5444426221955254,4.0,5.0,0.48583020955718287,0
22808.418160235935,29.0,employed,7669.040931543669,5.566066556012258,0.5493646206277963,6.0,4.0,0.15085938851449046,1
39789.74691058831,41.0,employed,20497.37973849936,14.597167607175725,0.4547814743992744,6.0,4.0,0.44420806759964176,0
,22.0,student,4454.737381720489,1.1804458284971593,0.6372159398079598,3.0,6.0,0.491240581767853,0
62268.51894713373,44.0,employed,14880.825388738207,17.616135910006946,0.5691751247619945,4.0,6.0,0.18207677603487454,1
37723.89478210099,31.0,self_employed,11908.467339540952,7.147181300834333,0.40952181448680913,2.0,3.0,0.5523881887963507,1
30851.24685305764,23.0,employed,13396.481951497535,1.4492215717362444,0.5830751606740256,4.0,8.0,0.5201090956031547,0
45756.43933884614,,employed,22066.448421531375,38.930638612452434,0.7443995916649139,2.0,6.0,0.40196766060392575,1
34955.03325403759,73.0,employed,12035.64609370995,25.08114156435171,0.5464857856717933,4.0,4.0,0.28967996542564706,1
5547.773843990246,72.0,unemployed,1493.3588102096599,16.522466807958622,0.8353741846507362,1.0,5.0,0.2748902637548399,1
7476.072945415961,26.0,unemployed,2493.177560738711,2.537902548825522,0.7538754517693487,4.0,4.0,0.3107701964214168,0
61626.93755665221,39.0,employed,34734.319510563,14.097380637055696,0.715916495290928,6.0,7.0,0.42015195802165667,1
37871.0472345912,36.0,employed,25049.729271064512,,0.5642487696473597,5.0,7.0,0.579455139526426,1
15665.499649910302,36.0,employed,1057.840400435921,7.685099160344814,0.6857956725092154,4.0,8.0,0.10040609027924398,1
43306.414043601464,41.0,employed,14952.571722108629,5.687827439239813,0.7540990995094418,3.0,3.0,0.37026677745621067,1
30202.5238139477,47.0,self_employed,5336.204278386176,7.554321582497119,0.5267245435852278,7.0,6.0,0.15691304981217868,1
25798.205224547433,45.0,self_employed,7182.298460074504,16.00255184894039,0.5395922688391054,2.0,4.0,0.47659180505235793,1
10243.682536226503,34.0,student,2042.1956383945703,6.759216421660886,0.5521175099589704,3.0,4.0,0.29810850475340644,1
59872.03033029637,73.0,employed,17862.42619393189,25.06233941241119,0.6873877169501719,3.0,4.0,0.15832071228913144,1
14951.411570628787,73.0,self_employed,,22.122563478898485,0.6577709896289856,2.0,1.0,0.5004472379555431,1
23890.447283766058,36.0,employed,,8.627816512687444,0.7295296784087401,1.0,4.0,0.3394145877618402,0
38563.57214140143,30.0,employed,19383.075994535597,7.033556060736466,0.41601097054572095,5.0,9.0,0.7687125966450871,1
39975.99203949043,48.0,student,16559.059660089177,15.74050495028615,0.7844888531108285,2.0,4.0,0.38554713884083824,1
47902.79335922399,39.0,employed,16287.105951094863,6.2694419443086185,0.6310549335697306,4.0,4.0,0.3229162067099963,1
26168.138764553943,74.0,self_employed,10740.488112855284,27.707298705311818,0.49436378048390495,1.0,4.0,0.1978227454161809,1
85818.24485410233,42.0,self_employed,9837.320086479654,11.432828051131319,0.8388527384370545,4.0,3.0,0.1103863760199365,1
9221.482723210489,20.0,student,986.3593270537673,1.0548846976643693,0.848682979543349,2.0,7.0,0.048815865801762164,1
41467.61676424224,25.0,employed,2642.0648864115396,1.8648141303696124,0.9151539700943451,1.0,4.0,0.09165165044671328,1
46346.09526422123,22.0,employed,11180.210419029729,1.1684650953025646,0.3908185691405261,4.0,6.0,0.4328625211283451,1
8181.412434137158,39.0,,6147.316128563924,10.881076644160132,0.458111443826786,4.0,6.0,0.5268503839646245,0
18015.259026274725,36.0,unemployed,4242.820820608714,6.57469845953604,0.43952061870945736,,2.0,0.13746247483721527,1
28086.79835593573,,employed,5115.208065854385,27.716112634886795,0.6956380528839716,3.0,4.0,0.1323938004106874,1
17993.19822831372,68.0,unemployed,9405.565539739564,21.18254148037481,0.6621109404452039,3.0,4.0,0.37800195695525696,0
14475.346698722919,26.0,employed,3481.950315666804,2.659526788794092,0.49311460155815456,,4.0,0.37563659869272387,1
42936.95023819866,71.0,employed,25746.392032471533,31.473354268809047,0.5877095838018295,6.0,5.0,,1
14776.590478698723,51.0,student,3347.5963923154127,,0.7077670929622875,2.0,3.0,0.34429004630513,1
64527.83057361896,35.0,employed,22330.176014052355,5.007647199199192,0.8143065320021927,1.0,6.0,0.32367205321026926,1
35525.62816390478,41.0,employed,39947.55982801988,15.761563913930003,0.6347262606872217,3.0,5.0,0.4702449994745648,0
47474.11162007094,43.0,retired,15223.563482383279,11.476380679109218,0.7163151330434568,6.0,4.0,0.48331067751860096,1
16382.750442898763,27.0,unemployed,16425.954470823297,6.7413798345022755,0.16614230431368793,2.0,4.0,0.7192806000244889,0
17036.24802676373,67.0,student,5312.56678288102,15.485987298352834,0.5787348847202423,3.0,7.0,0.21543749982059948,0
53843.37536170331,18.0,employed,5861.097087618676,0.0,0.722807728472839,3.0,5.0,0.10150993331319867,1
37810.96006252937,21.0,retired,7294.6280160731785,2.0686379472583245,0.681123539036625,4.0,2.0,0.05353911232082987,1
45979.68751769124,33.0,employed,8630.639657796257,3.935242416794078,0.7462884633152342,5.0,1.0,0.2603213582505143,1
11543.17131177105,26.0,employed,1669.8517284199945,4.152070315121524,0.7160932669760718,5.0,4.0,0.12065985024200038,1
22219.370992348464,21.0,employed,7570.662759924256,1.7766291482636043,0.7197405319076148,4.0,4.0,0.2777489228359973,1
25393.050132964185,39.0,unemployed,5101.257037585867,10.443075653563413,0.515867147627514,1.0,4.0,0.19715656739892098,0
9690.292514871473,39.0,student,16796.10562080088,9.117314860742791,0.48644458142873187,1.0,5.0,0.6674318606351083,0
62102.45218587672,25.0,self_employed,26227.701996347936,5.364136934927556,0.4600301787771465,5.0,4.0,0.7574733687537129,1
56870.75455009836,64.0,self_employed,30017.57288390585,28.542655728885265,0.7796946690941797,4.0,2.0,0.31201241524019485,1
25263.698923469456,68.0,employed,3735.149534397432,38.97609632693473,0.5189182484756433,2.0,10.0,0.3454465674867259,1
13391.616910075632,59.0,employed,638.9431664114202,29.017265646988516,0.7218730074956817,5.0,7.0,0.10155474581108,1
27324.628054120447,,employed,7721.860394656227,20.018086328961115,0.7542256235065377,3.0,5.0,0.2842625631897573,1
102642.51702303183,72.0,employed,77357.1783809624,34.31048620572031,0.42897031222730875,4.0,5.0,0.6653610508000125,0
23584.885805880083,,employed,15491.170186762536,11.165303360456042,0.5110949368217514,4.0,3.0,0.42487542310373305,0
12206.503313019906,42.0,student,8235.91307617465,17.570814112018013,0.4392910780889532,4.0,5.0,0.4178466691898402,0
24258.418109168637,18.0,self_employed,,0.0,0.7185045830321632,2.0,5.0,0.3479640641950866,1
23331.74395376331,58.0,unemployed,8619.64715366146,9.8069216222046,0.7050327375249172,3.0,8.0,0.32538151668426296,1
32162.039680647056,23.0,employed,26210.723217819166,2.747690556979905,0.43832683145249907,1.0,6.0,0.8731491773608642,0
26556.953262956453,55.0,employed,21299.00827629452,9.682940365226399,0.6486239769218014,7.0,4.0,0.5251831096222285,0
73624.78557808613,62.0,employed,27126.189835275007,33.861548251232065,0.05052121357533945,,4.0,0.6471821369400885,0
48520.76084370796,30.0,employed,12214.976553209455,7.056016627929261,0.8019116561625019,3.0,5.0,0.3346218748448684,1
22933.520100673253,52.0,employed,12135.523789958084,18.13518418163248,0.40546784891088994,5.0,,0.4276846238522656,1
19696.732626925186,35.0,employed,5908.19421858301,5.417775553877496,0.6834003336890775,2.0,8.0,0.19688498793403283,0
64801.56170527399,40.0,employed,40844.58634129218,11.208125058347102,0.40973827655670625,8.0,4.0,0.4294212940403121,1
40283.783067503624,48.0,self_employed,9355.058098869165,12.165558068928162,0.6375401655049124,8.0,4.0,0.235039704921148,1
16738.521019854572,32.0,employed,7457.586752809955,8.473243811272585,0.4676543342666156,3.0,3.0,0.6004880196787601,0
14889.955789796928,63.0,employed,8981.192333639245,25.319064531402645,0.6435012027130778,6.0,,0.5268461835060009,1
20784.870940378365,,employed,3759.605273143122,10.990853588093175,0.8207670582104208,1.0,5.0,0.26940840177914355,1
19540.757782765897,44.0,employed,8092.876415727581,9.142759622531873,0.4316707798648306,1.0,6.0,0.22643027844111097,0
,64.0,employed,3315.271692733408,23.71051039907096,0.7162907911846015,3.0,4.0,0.3160147361647577,1
20957.38788110648,30.0,employed,7396.526244205732,5.724217577365619,0.3620940474052571,10.0,3.0,0.4235245712003502,0
22935.92457772262,43.0,employed,3069.1490439483405,17.768988161934885,0.7822763710269139,3.0,6.0,0.06609180413990244,1
28815.230288583396,74.0,employed,3731.818011515569,40.0,,2.0,4.0,0.14624119977864036,1
42332.39207192241,40.0,student,10144.035497825673,14.422088834231005,0.7583493749000529,1.0,5.0,0.3853633707726369,1
31779.552663424147,24.0,employed,12896.965466370575,2.35070384380432,0.7375195401149744,2.0,5.0,0.2763642554500521,1
33396.70699459183,34.0,employed,13095.961469414138,3.5656593000142753,0.25960511584299784,5.0,5.0,0.6436447005542261,0
46846.31746454767,72.0,employed,23879.695102987844,40.0,0.43397350058923295,5.0,5.0,0.5192927537460325,0
32252.1815361115,61.0,employed,9907.748875898953,34.193916092793664,0.6155513803897521,6.0,5.0,0.3186141101973309,1
,64.0,employed,7035.37396631135,12.705773040101224,0.7310904429856868,1.0,3.0,0.3229120090500254,1
20892.80787499103,32.0,student,4227.283395793351,8.5591745997789,0.7154613077218169,3.0,2.0,0.3023228180773095,1
38611.069262436904,65.0,employed,4567.669137838768,21.389132300810115,0.7680852470147155,2.0,5.0,0.06811295595228595,1
159299.79707035454,40.0,self_employed,41985.46478310073,6.36046934387585,0.7942362653961709,2.0,5.0,0.15148109438716134,1
57271.75916866257,63.0,employed,8429.655103896539,35.94873539607031,0.7879605211552159,2.0,7.0,0.17773048319915158,1
21144.58255403393,68.0,employed,6631.654002696625,37.996865633853226,0.32478288358260476,5.0,6.0,0.4720674298026482,1
43700.33701617588,29.0,employed,11528.079478718364,8.685218583465911,0.7791573878233004,0.0,5.0,0.2018706086507467,1
24443.792976215653,71.0,employed,6885.927546546393,15.175900888970613,0.6333744025255549,6.0,3.0,0.20346319737254653,1
45393.55356693618,54.0,employed,14172.425688171774,17.825569746976683,0.6877603063335044,5.0,9.0,0.2189400168070426,1
12781.209295386872,59.0,retired,1847.1986182604128,30.236044417705557,0.8567865317849374,0.0,3.0,0.10472118796556124,1
22957.970548047702,61.0,self_employed,4886.423778964291,26.01908790109925,0.7575391773846484,3.0,2.0,0.25783304325400885,1
30190.386875417258,27.0,retired,18634.682413163184,4.146849737774552,0.5984482656527066,5.0,4.0,0.5239610309410362,0
59804.40245029061,60.0,employed,9276.365515218191,21.420694870165363,0.8649413644155843,1.0,12.0,0.1371680591993076,1
,,unemployed,5367.883158520607,,0.729049138376071,2.0,4.0,0.26214640508544423,1
55662.3172958056,33.0,employed,10033.703385831046,8.503654591328631,0.6252032539697038,3.0,6.0,0.20768861865300134,1
48156.887962995024,,self_employed,17705.710615605254,4.294975860120944,0.5137806170299394,4.0,4.0,0.43212493963306325,1
27710.678008827195,28.0,retired,13436.768588922414,2.0167617592476916,0.3563582058477447,7.0,3.0,0.44004522426926557,0
31053.398773487097,73.0,self_employed,6225.959333692675,16.278834362374894,0.6472459674754181,2.0,8.0,0.4523644779479691,0
27264.853217585136,36.0,student,20330.91655642059,9.194293317657475,0.5187278686021716,0.0,5.0,0.5209083916905659,1
66685.96541647958,40.0,self_employed,28253.40765561582,11.80472910347543,0.48693936034567514,5.0,7.0,0.47651908688383415,1
35187.35817541561,45.0,employed,4561.503321009838,10.962307991696102,0.6809667736776113,0.0,7.0,0.3720229850565014,0
,58.0,self_employed,14593.171038153558,8.67042751986898,0.6466885854395051,4.0,5.0,0.3938281222723461,0
80475.08447417777,50.0,employed,21334.153369116815,20.677121834556907,0.5209099714651059,5.0,3.0,0.3231425729371347,1
17973.287907837275,48.0,student,6881.453135462011,10.372652128412573,0.6203271609012688,2.0,5.0,0.6267842204990326,0
13200.642883504717,65.0,unemployed,12075.449721995044,27.5770799136026,0.7245268007854012,5.0,9.0,0.5137740607570227,0
46263.70178499334,46.0,employed,10372.51424084232,14.993665250104474,0.8078987543537309,3.0,1.0,0.14658694439979955,1
34582.28625570201,61.0,employed,8301.687857674113,19.715622527466078,0.3000705276713044,6.0,5.0,0.25462609142279685,1
24096.6917585922,69.0,employed,2574.93700217208,28.262858800317975,0.8310469309520359,3.0,3.0,0.06855117775371505,1
43869.859335523375,56.0,employed,15968.96284615332,23.446883362531096,0.6862088596894931,3.0,4.0,0.3519031059371404,1
35618.573025315374,20.0,employed,8519.373767742776,1.0866931815351544,0.5335174074337363,6.0,2.0,0.4661378958196694,1
100351.57589041868,33.0,self_employed,42828.67978499264,8.01772888892414,0.6651517032136062,3.0,6.0,0.15008500889331902,1
53864.35792321776,53.0,employed,16122.814464581948,16.15763268399882,0.7366447311561455,3.0,5.0,0.3058733843548826,1
9437.408822134432,45.0,unemployed,8350.755301882962,12.36655926404827,0.5569319295421999,3.0,6.0,0.5248400195462857,0
52288.41471740749,34.0,employed,22639.1212628786,7.913273456282373,0.47138878262171413,3.0,,0.6657394554322396,1
42358.86127896603,37.0,employed,15659.073982969061,8.953688198578854,0.5741271975597944,10.0,5.0,0.3138076779577129,1
69892.46677624715,22.0,employed,6329.8550720750345,1.8536590023368342,0.9035507895196264,4.0,7.0,0.10880622921561856,1
13969.416915188995,31.0,student,703.0690166120268,4.240886555441225,0.8734020273054308,1.0,8.0,0.10998793376967284,1
39908.23905547707,62.0,employed,16981.0492835471,27.935721115867025,0.7180705300531097,2.0,6.0,0.3250674373432092,1
34560.032919651625,18.0,employed,10298.268539684028,0.0,0.8012934183843896,4.0,3.0,0.2854098843129681,1
37393.034080729616,65.0,employed,10593.248730128174,35.025633919246715,0.7247029096036983,1.0,3.0,0.36383373758292253,1
8164.725624641529,37.0,unemployed,855.2211141926573,10.923246802802609,0.6241796438172723,5.0,,,0
48433.9277624933,64.0,employed,15054.569982498959,10.549658743802386,0.7752744983186285,0.0,2.0,0.3955945046214037,1
49231.66621640554,32.0,self_employed,18476.747090351833,8.335589077885334,0.7569855713682933,3.0,7.0,0.3637860371856143,0
75956.94824213555,65.0,self_employed,17790.482312458626,19.594702174464047,0.7162004550610119,2.0,5.0,0.3643584367027211,1
12646.868947759753,50.0,unemployed,4245.887646888366,24.251485012108397,0.6457629039374831,2.0,7.0,0.3382286403952943,1
29557.129000686924,66.0,employed,8827.099736949025,36.55897401090359,0.6630819788225054,4.0,5.0,0.4036685020652131,1
53887.14272256675,21.0,employed,9265.339026664098,2.1226710873351236,0.616149772826507,2.0,5.0,0.26480138940993525,1
24413.653127629856,63.0,employed,16525.581242784552,24.33192035329671,0.3941082476771898,7.0,3.0,0.8268349931568649,0
62473.157754292995,33.0,employed,7667.9995098313,11.272599221746903,0.7363529786402688,2.0,3.0,0.26538316795309286,1
68646.89484640653,38.0,self_employed,33441.418942033284,11.797698268874306,0.5407394714222903,4.0,4.0,0.4484224682755918,1
68093.66416380847,20.0,employed,25970.931311490775,1.4501548665653328,0.671838942587957,3.0,1.0,0.39811822875890507,1
43840.41958227836,72.0,employed,24793.64908147895,15.985723656385014,0.6677149609626276,1.0,6.0,0.5095419843261362,1
28474.146343279972,54.0,employed,22434.30301116592,26.730294770114003,0.6369658390709306,4.0,4.0,0.6009703772240906,1
382459.225921565,73.0,employed,136967.84167019234,32.83249292066043,0.6882409173968412,59.0,5.0,1.0,1
43916.019770328014,50.0,employed,5509.09944879195,12.222859324263483,0.7161124209526342,2.0,6.0,0.3392337092473975,1
30189.194979575055,27.0,self_employed,9484.213403523878,7.1881930467768616,0.491576945746675,5.0,2.0,0.3671195233326636,1
70725.26509850791,37.0,employed,14115.017845465083,11.630477227840993,0.5408103311135503,2.0,6.0,0.30994857795274333,1
33974.55495848481,43.0,retired,26665.201903874975,18.626240870310934,0.4024943776137812,6.0,4.0,0.5316931025294725,0
25570.6043248926,26.0,self_employed,7600.392970052508,1.626810500689684,0.653178760379159,3.0,10.0,0.36052878584821624,1
93100.68661202757,71.0,employed,55978.00706659423,28.164361423664115,0.4116620299600917,9.0,6.0,0.4973713651237213,1
38127.63543120798,72.0,,27712.93939776873,33.88605700375558,0.6325364887422613,3.0,7.0,0.4823469095789167,1
21014.090724490416,50.0,employed,6144.553974508201,6.6637482710792595,0.562428134011254,3.0,6.0,0.412338196076269,0
23977.54241681664,51.0,employed,5522.135735037937,21.698672657432425,0.4561760515911249,8.0,6.0,0.2178726539827142,0
76411.75301382503,58.0,employed,34382.137411830336,23.63475663602353,0.6232657213533961,4.0,6.0,0.4922774918129741,1
45222.28510195489,56.0,student,,13.86452010191348,0.8902230290737478,2.0,5.0,0.13082272794605598,1
66174.64791350614,21.0,self_employed,9813.082099907544,1.840100903425948,0.7891529157505317,4.0,3.0,0.056506322709050975,1
70238.67219450662,48.0,employed,28102.00796760341,8.35621870194499,0.6167128975147891,4.0,8.0,0.6633342036940961,1
66723.18211058527,62.0,employed,9399.494715122917,30.554582047496496,0.43151953871734083,1.0,5.0,0.1555523785426955,1
47976.091707827865,,employed,5361.752094804389,32.38807816597961,0.8549508953494622,0.0,5.0,0.10182627860579278,1
29966.817045025335,51.0,retired,2656.3036789917624,16.21244321951425,0.6632900458082016,1.0,8.0,0.08473620014150755,1
47568.76356768463,69.0,employed,10430.32464641399,,0.7982761987926327,4.0,,0.2436910294262769,1
57717.627092314135,51.0,self_employed,14111.516109419637,14.56067634515376,0.6946420673600069,4.0,6.0,0.305403237020372,0
8772.515481552813,39.0,unemployed,3777.300205537577,8.551208213567879,0.5793678794304115,6.0,5.0,0.46892822496981995,0
52364.24890532862,43.0,employed,17722.312956688293,18.093474182801717,0.7384852209644205,2.0,4.0,0.37796179053342893,1
75305.49784319331,57.0,employed,40200.391330009996,14.934032313428427,0.6464033505158323,5.0,4.0,0.38309925605352396,1
32755.09448748598,68.0,employed,9028.77609459473,22.085500355631755,0.464966287753172,5.0,6.0,0.3873331670656731,1
15525.34186391424,31.0,student,2050.6944370753554,4.939347112267197,0.6443163432626867,8.0,1.0,0.2336336955094652,1
46086.3990784951,34.0,employed,7518.981018066542,9.504442503610175,0.8367073065377109,3.0,4.0,0.17986628059299184,1
28867.78090449225,55.0,self_employed,9315.318781194397,25.475646950677138,0.7098426100738736,3.0,4.0,0.4374294592773891,1
6579.858813587524,61.0,unemployed,3586.7470104814493,12.839864335158847,0.6296687363572843,3.0,6.0,0.344361928475952,0
22562.339366371893,40.0,unemployed,6527.833247375043,7.762601209817061,0.8376496119141743,3.0,6.0,0.20652532823973677,0
28984.728591946536,54.0,employed,16210.746079377714,9.448726504220875,0.6971804508443471,4.0,6.0,0.3813792296296153,1
36652.03713857417,18.0,employed,5696.466528039615,0.0,0.7962034221675439,0.0,5.0,,1
29444.065546000176,34.0,self_employed,3446.359193439664,7.1060635947748665,0.6908554812168255,6.0,6.0,0.2292896823946659,0
68759.99642170999,72.0,employed,17616.90235597548,35.938391786576105,0.4790800042807577,8.0,,0.36911160458746056,1
27818.064716287376,,student,6160.819773907949,16.799064351403167,0.5989322499162074,0.0,7.0,0.40525191983933784,1
32197.053766874255,67.0,employed,7661.645285410118,11.366322569882604,0.7326358991594029,2.0,5.0,0.10937434282241741,1
20131.70707594189,30.0,employed,9182.523501067779,6.9006245977246445,0.5132225396220056,2.0,4.0,0.3624193142210156,1
10686.248137726388,34.0,unemployed,8183.468869583516,10.834920021327873,0.4115086276008929,7.0,6.0,0.7701830595855073,0
48294.66364395301,73.0,employed,12803.181504475275,23.984437452026583,0.775940696206428,3.0,4.0,0.34186871338670977,1
39907.43203364444,74.0,employed,15186.799875848932,19.4324234061048,0.5470248507007871,0.0,6.0,0.4954653085339716,1
38351.50394125182,67.0,employed,11568.62794299125,32.259769208994385,0.6732028526724234,1.0,5.0,0.44700734693215916,1
40370.2892879318,36.0,employed,7483.09073372202,3.8581873807779954,0.7784978881193726,0.0,4.0,0.12206391094155959,1
18575.07656007479,63.0,,11641.661328243112,31.020957659224813,0.5216117933754665,4.0,7.0,0.6930021749675168,0
35563.33242469304,44.0,employed,10774.193313472018,17.74644947208952,0.6823350040898606,3.0,8.0,0.23455203837903982,1
45479.03480481488,,employed,27199.8993826837,35.17399480399319,0.4814947395963685,6.0,6.0,,0
22170.99974581481,66.0,employed,2386.70636581484,12.17702228996039,0.569898526899371,3.0,6.0,0.038294915465164475,1
91148.96676975541,42.0,retired,23669.98329401801,6.351722139426599,0.8157357057473316,3.0,8.0,0.20841828929314574,1
31510.318428767285,35.0,employed,21066.73815163219,12.302078804056864,0.4694779088146652,5.0,5.0,0.505740603782467,1
28144.903240615193,73.0,retired,,26.683671316352566,0.6416347447985399,5.0,4.0,0.039952536893659275,1
24102.855111849658,43.0,student,6259.418405137942,10.885077611162975,0.630743671247413,6.0,,0.3261376518477156,1
29572.635719746668,42.0,employed,10051.772385274784,13.05542733787727,0.8077859074834027,3.0,2.0,0.295509073405841,1
12760.25157515998,55.0,unemployed,2284.8531795711256,8.700544157472969,0.6416969026970432,4.0,3.0,0.1383620031043162,1
39860.76625073079,71.0,self_employed,13328.133347289702,31.070174202695373,0.5935268291364661,4.0,9.0,0.38427990600222534,1
22993.824381687642,25.0,employed,5139.9103891158275,5.369349245075472,0.72665513029266,7.0,4.0,0.2186113827614927,0
45219.99850493,74.0,employed,18226.26158144642,33.904188444012945,0.6488938160715966,2.0,4.0,0.29168809071619556,1
5572.321076093781,42.0,unemployed,2247.166627268703,11.489305617252244,0.7194041216069837,2.0,5.0,0.3546481713815737,1
30532.04591378955,19.0,unemployed,5399.461301738203,0.7765285931668933,0.744672901635942,4.0,3.0,0.09710562224419714,1
18895.20221928201,35.0,unemployed,7090.382147461816,,0.26405179109313287,5.0,9.0,0.40000730760222747,0
34992.4021293741,44.0,retired,6970.399466740358,6.088582797077038,0.6937469416241394,5.0,2.0,0.1040012864618057,1
15240.00174563149,56.0,employed,14286.878713038172,22.877060925339403,0.56530827272466,4.0,1.0,0.8313971604828769,0
8551.940872958607,50.0,unemployed,532.3714107589589,7.546160564856498,0.7861982102387514,3.0,2.0,0.04068292997339691,1
36370.93988064853,25.0,student,5491.962625204483,2.690365507717866,0.9068257016502956,,,0.15144373312110684,1
289416.09263289114,45.0,employed,28247.836797268374,15.374072382524021,0.8512840792229325,3.0,3.0,0.10175939582630147,1
65995.79009459005,31.0,employed,21901.30069182914,4.281804926257535,0.5585551059875,2.0,4.0,0.5427667094712384,0
60990.39703612739,33.0,employed,39288.04259151244,3.343702661348692,0.713590458125062,0.0,5.0,0.2527063611045153,1
23607.97679038163,58.0,student,7877.46386478687,22.83088853071729,0.5663213323217448,9.0,5.0,0.1701378154122323,1
23771.70774070721,63.0,employed,5102.84201407215,16.7181466378413,0.8697325192325814,5.0,3.0,0.11655884451479297,1
65702.8262732068,26.0,self_employed,25341.091196714253,4.158228276828152,0.6292539513121085,3.0,3.0,0.3495062668613973,1
,52.0,employed,10121.992899036437,12.12736980965427,0.49359299067871115,4.0,5.0,0.6679668681767313,1
19825.165954322852,42.0,employed,4474.349845306379,14.684575395774896,0.5780261521625553,4.0,,0.353289708657383,1
21132.037167012757,37.0,self_employed,9531.147860475865,14.010995859220627,0.26527454436285214,0.0,9.0,0.5442373190701022,1
59151.74222054567,58.0,employed,5954.661739933037,10.07755526709541,0.7208796748735568,5.0,,0.09941520501799372,1
17643.907029623937,32.0,student,6258.782766978279,,0.5941619908597012,3.0,7.0,0.2828798951450286,1
38193.82185431189,61.0,employed,20183.37677536766,12.627252422105007,0.6192316635684464,6.0,6.0,0.5638215032664355,1
18018.438089632313,40.0,student,12103.612925894739,8.748209190766909,0.21693765226605494,2.0,3.0,0.5597267016935196,0
20684.53770586972,23.0,employed,8481.907413041541,,0.6655562309553675,1.0,2.0,0.4083832810570794,1
18177.859164197416,63.0,retired,4126.664890553988,14.570369703493046,0.6541702397936014,4.0,8.0,0.4503014953052644,0
29292.801337460383,66.0,self_employed,6272.100269430493,11.766749016855481,0.6917445906630543,2.0,6.0,0.22179277414011303,1
,50.0,employed,5443.613530319109,21.154940421046007,0.7590181502091458,7.0,6.0,0.26782820943818003,1
28223.068441140098,59.0,employed,18701.962109378474,27.723237466122583,0.4553496597313298,3.0,7.0,0.689830841277725,0
21148.976096760864,26.0,employed,5494.599748546934,6.384799793814514,0.7993008339585237,6.0,8.0,0.33183225729347365,1
48476.66438486273,37.0,employed,15129.753225774839,14.454488438546731,0.6352935335854472,1.0,4.0,0.40061967836291384,1
17688.383567509325,37.0,unemployed,4328.087561802512,8.754923626586976,0.5670442367874263,5.0,4.0,0.32351923079352635,0
19018.746672380414,61.0,employed,1131.0237990525727,12.04141077517775,0.7646064078362642,1.0,7.0,0.07086506981626504,1
31309.72771550816,,employed,11142.500406748995,4.128400096234302,0.4588980680703738,7.0,5.0,0.38690011845056066,1
91860.8251617453,59.0,employed,23542.31374497815,21.2753314470299,0.7157996078280866,2.0,6.0,0.181391008326131,1
22239.350663669935,35.0,employed,7914.807554379724,12.17777739049505,0.5314067420317815,4.0,6.0,0.4629629790689879,0
49445.63631168889,52.0,self_employed,12761.366516881051,12.265236287442617,0.5140612431330192,4.0,4.0,0.4357662532211779,1
38282.99060532829,29.0,,6149.081653257434,3.5130130287212564,0.4643965412743605,2.0,4.0,,1
68992.56048612081,49.0,self_employed,38486.234254716655,14.364532714937296,0.5113948045732557,1.0,9.0,0.3702833036605861,1
29467.94898908752,22.0,retired,6752.16784649484,2.9444787222853623,0.7173873364353576,3.0,5.0,0.2716618924534335,1
29270.99172397907,59.0,employed,10091.57535859418,19.31117626155294,0.6422185038078629,2.0,7.0,0.53589955959726,1
37548.250343847496,19.0,employed,15428.833297153398,0.6336277435986287,0.5883563717077004,5.0,2.0,0.4778441010711951,0
37823.4655964638,74.0,employed,16675.734994655333,26.740880661869696,0.6411327817434942,4.0,1.0,0.4370077541103708,1
34688.11530515961,65.0,employed,4708.5713339860395,19.91744045669103,0.7810574544466029,2.0,6.0,0.13608301234822096,1
18778.05673817887,50.0,employed,3692.9070375265496,14.865511446325938,,2.0,5.0,0.36336183139867456,1
33806.119765704556,69.0,student,15875.602366555027,33.713056299805416,0.7224183440142897,3.0,8.0,0.35689282245852716,0
68086.00563498297,64.0,self_employed,28078.829950490555,30.02160714223307,0.6219461587254516,4.0,7.0,0.4111066168155069,1
21545.138675164817,26.0,employed,7938.453570117342,3.672439257353922,0.8036565515406981,3.0,7.0,0.20533505792646217,0
10935.99651147846,60.0,unemployed,1367.7970485919489,15.143959120802371,0.7204489468410149,4.0,3.0,0.09154212604299394,1
32450.0468315706,,employed,23872.201509592804,5.95300069245519,0.5171319613652415,6.0,4.0,0.48677833266086906,0
7128.944566066113,66.0,unemployed,2107.5421734848023,9.639447198006675,0.746705507633436,4.0,3.0,0.33751690281821783,1
14279.809080893423,67.0,employed,4470.517791594641,13.129772942354718,0.5222159176985911,,3.0,0.421001911438,1
28567.181954858974,72.0,self_employed,11751.780753361732,16.134830592217497,0.5932898599232685,4.0,5.0,0.5501076359593956,1
15193.935535812869,43.0,student,2142.3541683209023,15.349066864716331,0.9538774844047608,0.0,6.0,0.030575974812899177,1
6183.014463666102,29.0,unemployed,2169.9350862955225,7.59824478772979,0.6805315900491241,5.0,9.0,0.4059588775904192,1
19837.744729766837,25.0,student,,4.495171798171078,0.5862103513665685,4.0,2.0,0.41977920398835433,0
64953.58076358663,27.0,employed,20827.110985249325,5.705456942892719,0.5793760631726057,7.0,2.0,0.4085530119941521,1
19365.25865296614,74.0,unemployed,2735.7881418170564,40.0,0.6924810051968179,1.0,4.0,0.22420425715671707,1
34086.51646255884,51.0,employed,12684.752187302269,25.65943523855562,0.45354795528350944,4.0,,0.3017235042812287,1
15916.384535155936,38.0,self_employed,5174.23750910889,7.226166341550839,0.46103549976241265,3.0,3.0,0.4461361310937197,0
51940.3472259186,43.0,employed,15767.882577036175,7.1765112432253515,0.5668352607352478,6.0,8.0,0.2787093065932713,1
39073.356119734555,27.0,employed,19890.52118545081,2.6278104848527164,0.574540518726375,1.0,,0.5305911062618165,0
44899.21339834232,50.0,employed,7194.25529806813,23.595648077656634,0.7216238310421904,1.0,6.0,0.12515111231498297,1
95611.78831302578,42.0,employed,40044.22991459331,6.273794610563293,0.7117463170645966,5.0,4.0,0.23150208078327278,1
26447.168090667168,63.0,self_employed,7133.899969851298,18.183892559798352,0.5007590782184042,9.0,6.0,0.24618102578130044,0
,19.0,unemployed,1012.4558401812162,0.5182079170526435,0.6717930106389123,4.0,4.0,0.33948428934650854,1
10722.777868010895,71.0,student,2872.906182364073,30.10772601712537,0.7714476628778639,4.0,5.0,0.3166842848432643,0
46305.80147839658,21.0,employed,22938.43462385678,1.6723187480667747,0.4771513830293641,1.0,5.0,,1
18403.8612166718,41.0,student,4369.387314336657,15.452426565530963,0.7133161764034637,1.0,5.0,0.19137887160392278,0
19775.161019874562,37.0,employed,6306.984380180054,10.317303204387542,0.6929149803939074,4.0,2.0,0.39631067140409243,0
17856.82930958599,58.0,employed,7745.982782567606,28.425116943954258,0.6045272892719843,2.0,2.0,0.3274134107148523,1
10645.295831482,55.0,unemployed,1735.3329614796846,9.278790974402503,0.6855476527258555,7.0,6.0,0.1563971501104643,0
19476.281386538394,29.0,employed,4406.101737709018,7.869171993496952,0.6639373167727006,5.0,3.0,0.16831952982420764,1
47113.58697102659,45.0,employed,14612.536579430189,14.958051204587457,0.6401448320874017,1.0,5.0,0.5541907475245892,1
29563.227555456982,48.0,employed,19704.73468755092,10.01278618530631,0.6193908128614707,5.0,3.0,0.5426454525465818,0
26540.869197851513,44.0,employed,3691.40966949176,20.45279374368672,0.6380250122203451,1.0,5.0,0.16102905622766564,1
8699.66392024668,19.0,unemployed,6275.071451263321,0.7638405642372981,0.21809983840669994,4.0,5.0,0.6493047872141592,0
41421.74913480397,28.0,employed,29877.670145396172,7.07435493004227,0.6023074140002374,3.0,2.0,,1
37097.49076271386,46.0,employed,10470.014169490581,,0.7829375354245469,3.0,2.0,0.2431243419994617,1
40174.134010113834,32.0,employed,14299.743052975798,6.009990456780576,0.6829276760610105,4.0,2.0,0.2347302028492304,1
39738.06096568386,49.0,employed,,10.437170627562365,0.4759680161825446,3.0,5.0,0.4255474360966873,0
38530.76960150462,27.0,self_employed,11909.412322034994,2.7876808529598525,0.4015882361484064,4.0,6.0,0.3352085991189674,1
10832.298236784181,59.0,student,2895.0311233305724,29.694495225368573,0.6345587514924298,5.0,5.0,0.3565898547855499,0
,28.0,unemployed,1078.9804513693202,6.95978809340652,0.5994663046331058,3.0,2.0,0.13016724064264834,0
14905.94442202349,55.0,student,3783.27482349016,29.176832110035612,0.5782983677386724,6.0,4.0,0.4886754077621215,0
101986.69259947936,65.0,employed,28604.42976874343,33.32070926100553,0.830730298446725,2.0,3.0,0.2783471437471641,1
6475.361501086506,38.0,unemployed,3758.49487545642,11.588390967117883,0.5575583751053707,7.0,6.0,0.4594990344059238,0
29451.84242789051,25.0,employed,25516.693155458735,1.9975833536605103,0.4910743384579323,2.0,8.0,0.6327598407726883,0
38144.37303603926,18.0,employed,13486.208264345183,0.0,0.6062725377863156,4.0,2.0,0.5771920749372125,1
34325.500205802324,38.0,self_employed,2473.8668869845883,9.68439432155651,0.7661563673187515,1.0,2.0,0.04405957912341452,1
62130.0327835946,24.0,employed,21677.387135972956,,0.5297654484077988,0.0,1.0,0.5027082535799838,1
15562.257242168891,68.0,student,6034.6509174766725,15.198261705332566,0.6855919762265427,5.0,3.0,0.580893817549982,1
35526.68844616694,73.0,self_employed,8654.459377561518,40.0,0.7042742237328795,2.0,4.0,0.2753180791933349,1
38201.85344305837,73.0,retired,17395.026510428368,33.56509410606625,0.6042243503492232,3.0,3.0,0.502769762408009,1
,70.0,employed,34981.16317034996,20.14404362192829,0.5956863263750549,0.0,8.0,0.4764649396051677,1
73405.13615176457,51.0,employed,11025.20518257354,24.1380399247789,0.7661721577015173,3.0,10.0,0.24316432454654988,1
37308.75280480007,36.0,self_employed,29084.378688411227,10.065207976354161,0.3003328876839301,5.0,6.0,0.6316608511797158,0
35427.47379906259,43.0,employed,13539.09535942041,15.997377230376896,0.6256332627932012,5.0,2.0,0.38635007024321116,1
37173.80488250573,32.0,employed,8835.529876840317,6.037714532546685,0.8726983148829031,1.0,1.0,0.19636880325064895,1
42993.74349768132,65.0,self_employed,7232.983787662833,20.498125208635837,0.8406999803117,0.0,5.0,0.11707098390031605,1
16641.435836226687,42.0,retired,11056.000609169943,4.981693014933174,0.6787732557994677,4.0,,0.6067897119348705,0
63806.291621769655,39.0,,,10.977565486713118,0.7252087327713287,6.0,5.0,0.4619754757069298,1
40267.68494488689,57.0,employed,12678.58209374421,25.602645256512485,0.42552785001485394,3.0,6.0,0.46434455012018333,1
35510.08095064878,39.0,employed,20350.367922018053,16.40718887119121,0.6808568880713093,2.0,8.0,0.3590045776805052,1
19233.855484884447,38.0,employed,9178.90999967215,14.706722040498853,0.6800064327451785,3.0,9.0,0.4145750664409901,0
37464.27548811344,30.0,employed,8241.653427550047,3.026335857739836,0.7002635405260283,3.0,0.0,,1
14092.441212326883,21.0,employed,2106.7208709526335,2.364936216642256,0.6351086322798088,7.0,2.0,0.19207373868147187,0
27151.167546285527,20.0,employed,16498.38851606976,0.5793768268010207,0.6214662645320079,4.0,3.0,0.31601929114384075,1
27404.188530237614,40.0,employed,5281.27097070039,4.942708738775496,0.7957881366101559,1.0,3.0,0.19248984037259248,1
41919.131323849884,74.0,employed,5456.062377295261,36.364042471732375,0.8279333410320824,4.0,8.0,0.1437361527524976,1
92960.0409383761,32.0,employed,28928.50156564505,10.409446182764873,0.6363391594736438,4.0,3.0,0.4058371589654596,1
48337.0551480305,54.0,employed,31490.644198858812,27.7153107701441,0.4017246766599548,6.0,3.0,,0
74921.86401479086,36.0,employed,,12.50974196387509,0.3900252372833181,2.0,5.0,0.5689861773405961,1
55155.74922799611,35.0,self_employed,26159.68713887637,5.490043400256082,0.533904294744411,4.0,5.0,0.5033243813772145,1
63737.396712215486,27.0,employed,46058.353487775006,2.63161573826982,0.5081835131778775,5.0,3.0,0.3400313996027248,0
45954.933830334565,50.0,student,10343.226300700395,7.532194769371895,0.6550211724417456,3.0,6.0,0.4250919692139549,1
25186.957597053635,55.0,employed,3962.047815849428,20.319713573649537,0.5792995273697589,1.0,9.0,0.16415347993850465,1
24378.278342729773,37.0,employed,8048.787845940426,9.354321408258668,0.661006087581637,2.0,7.0,0.3414402991731117,1
50736.733316073034,48.0,employed,17099.8009820808,7.967104951854688,0.3752603501812186,7.0,6.0,0.7186053505912415,1
36248.77160568314,45.0,employed,18492.5122457448,12.930199322479321,0.5481364242632238,5.0,5.0,0.4696298836566343,1
40545.37175981577,33.0,employed,15846.12488961212,8.105912314810384,0.6438938841345624,3.0,4.0,0.29461299177254935,1
11224.390688035253,57.0,unemployed,1550.3871872311497,24.717138658145668,0.5348450245363164,7.0,5.0,0.21819329665456788,1
13476.779695418245,49.0,student,3343.983519332663,13.904074802621627,0.7737516847519595,,9.0,0.2566255887466129,1
81665.12591938283,21.0,employed,33469.681505495064,1.1730344047411916,0.7336043509419449,2.0,,0.41799786781676734,1
20953.677419364663,46.0,employed,10415.662703467002,16.783410528989382,0.3007630630673009,10.0,3.0,0.44563355184010767,0
56303.18077508741,40.0,self_employed,47315.85021363095,13.431752088201199,0.6856058886777202,2.0,4.0,0.3502575326602068,0
47198.34667391964,63.0,employed,14751.589835098184,16.301571030085107,0.39522559674341806,6.0,5.0,0.4439093962457106,1
16489.735101181443,35.0,employed,4302.15760136352,3.6021954388186925,0.8133767356227954,3.0,8.0,0.2077077030766089,0
,72.0,unemployed,2874.333304402152,40.0,0.7797654374736167,2.0,8.0,0.3852815658756007,0
26072.97769245905,53.0,employed,,22.86101453564262,0.683700267059215,3.0,3.0,0.3437769596145686,1
52976.4225740516,25.0,self_employed,4866.824822452321,2.244638204746087,0.7808337482477967,2.0,4.0,0.0516849368898484,1
30226.7461955908,40.0,employed,10702.923426162026,11.866786593119018,0.6659227943986272,3.0,6.0,0.32084005883982447,1
34794.16908498884,68.0,employed,15213.014791852182,27.848425920282082,0.656614561330573,3.0,11.0,0.4821973945610769,1
17521.36586018077,32.0,employed,10932.18802261034,3.858304508763706,0.46044845814516233,5.0,5.0,0.6457571496058345,0
40665.43443701139,58.0,unemployed,14857.892038446102,12.599770096149399,0.2707909346006265,5.0,3.0,0.40724338360612944,0
37631.54006870072,62.0,employed,4970.772453590627,34.057052034644,0.6438235342598411,3.0,8.0,0.16669671868283886,1
16312.359061991256,57.0,unemployed,4345.145682586573,19.687454124489008,0.7956956648101657,2.0,4.0,0.1869100947168668,1
9699.844478500961,23.0,unemployed,4044.986646884572,1.5743266581804283,0.5602747184825796,2.0,6.0,0.30140947137895757,0
28824.94728296096,39.0,self_employed,,14.24944190158451,0.6145646236140191,7.0,5.0,0.32823607716243597,1
94498.79173024546,37.0,employed,25783.50117825512,9.16453564888159,0.5440598306254631,9.0,7.0,0.2068527085093405,1
13927.759257278363,37.0,employed,3198.985067867891,11.077897749308711,0.5947677415947327,2.0,8.0,0.31418415804693994,1
41744.5229236374,68.0,employed,10940.368887951367,18.92504600915737,0.6519915814756045,3.0,7.0,0.3948789401862536,1
,18.0,employed,9862.54093442487,0.0,0.4718889667734927,5.0,3.0,0.38899806333231485,0
14829.18151202255,48.0,student,2329.930557821628,8.968996024152796,0.4451457338421333,4.0,8.0,0.23684640161048853,1
26395.60415956895,73.0,employed,3674.7491486014032,40.0,0.6100545441666068,1.0,4.0,0.1587017755571129,1
11090.719735365166,67.0,student,6024.466132059247,28.13350001334954,0.5593580917403628,3.0,5.0,0.25786915648772357,1
36964.780682203105,52.0,employed,12847.835253179142,23.754138050917874,,,7.0,0.30120951295930687,1
10056.610177140527,74.0,employed,1255.4522318083702,11.923057146240327,0.8098945064328079,3.0,4.0,0.08507862261479131,1
31015.91562697625,40.0,employed,4651.86524111536,14.504105015237649,0.6209307324128044,8.0,2.0,0.2959694238995366,1
38183.74544505911,52.0,self_employed,9092.919770976327,16.693022157454024,0.7606914600423751,4.0,6.0,0.313988216868069,1
18404.70701284022,48.0,employed,3463.405987494703,17.975541783681553,0.9127145064595175,2.0,6.0,0.11305136978663351,1
77389.72979020562,20.0,employed,,0.8298460484089298,0.42905624582440927,1.0,4.0,0.7047765918620206,1
9442.24159551115,20.0,unemployed,3491.7983635422966,1.1450425921826686,0.3756356773321555,5.0,,0.33899097864806876,0
32249.501952378916,69.0,employed,6541.813781873666,11.289964894305395,0.4143603400745848,8.0,5.0,0.3488138072874036,1
27008.054573688372,27.0,employed,15374.252784040526,2.0461790476982387,0.3636547559188061,9.0,3.0,0.8227009985906543,0
34864.23995580281,38.0,employed,10092.187912685562,13.586036918861776,0.4582964004497172,6.0,7.0,0.5650988689061778,1
69847.6727812132,53.0,employed,34497.02202841452,9.613770623809245,0.6770543735521022,3.0,2.0,0.5346493706933245,1
125054.8727502136,50.0,employed,34347.19903681298,6.668491544053822,0.6746516857836359,3.0,2.0,0.5600916963926346,1
52723.66061765191,47.0,employed,7475.53597581219,21.676742919677768,0.8782275214559232,2.0,3.0,0.1200081933010581,1
68823.94927597542,73.0,self_employed,25628.495648848468,19.762548170536736,0.6796580338367242,,3.0,0.3097196698580052,1
85666.20968156178,62.0,employed,13614.119485934982,24.174889111025973,0.28820019714941414,7.0,5.0,0.1227297401710725,1
41127.63415358547,71.0,employed,15667.668433256556,37.27755966312446,0.7735872618501477,1.0,8.0,0.3421939477556837,1
79628.34781842052,55.0,employed,14905.2086482699,23.95913716324452,0.641741521384134,5.0,4.0,0.15369853419070603,1
53970.91483069165,73.0,employed,32669.457740412287,12.5387180867608,0.40208745932597884,12.0,,0.7186068092029448,0
39026.40236016705,52.0,employed,24678.598223233883,18.243353497520406,0.0,7.0,4.0,0.7471108874085284,0
43268.08248946289,48.0,employed,16989.31496944741,,0.7515978894176243,1.0,3.0,0.3804714301210167,1
14607.516709346153,64.0,employed,2540.6122552494103,18.862212918608755,0.7638711792273739,3.0,2.0,0.2560889324218342,1
42026.66724661275,67.0,employed,11664.68710219509,31.954751652229536,0.6485628197249345,5.0,7.0,0.3360169527604755,1
8391.537690244011,21.0,student,5112.947803425917,2.335210184355936,0.7069306103635755,4.0,4.0,0.3112323952435214,1
5639.458333361213,69.0,unemployed,2256.200571968441,14.70391161043897,0.6043274883997047,4.0,4.0,0.35955580220469674,1
39992.1852201458,57.0,employed,14338.489263785737,11.198241687618076,0.5521176182031913,3.0,4.0,0.22694334444692973,1
20805.251346368124,69.0,employed,7938.171966656598,32.6829221955026,0.4381087007014647,5.0,7.0,0.3608705454739529,1
36186.56239521443,58.0,employed,5917.9844065185835,18.90599384399068,0.767834590967191,0.0,6.0,0.20161270129045478,1
13621.369634399834,70.0,unemployed,4834.401723840478,35.210830634087145,0.7388681500969582,3.0,5.0,0.43105522566554594,0
39796.124032359316,33.0,employed,6831.756558922401,4.269698486823636,0.49009618069516536,2.0,8.0,0.3323528518384103,1
23108.11876566885,28.0,employed,9827.116849206435,2.239145264853261,0.6498495729918431,6.0,4.0,0.2660908424630126,0
56916.535899390554,29.0,employed,22862.95387683026,6.806364894020832,0.6046441821510248,4.0,5.0,0.3045238870698117,1
34730.80699665733,32.0,employed,7563.238950379931,11.155572844814529,0.768890307433503,9.0,4.0,0.30228860253584894,1
45276.24767548661,30.0,employed,,3.0825471141290444,,5.0,12.0,0.6134502531415738,0
9982.940971994614,43.0,student,6937.12095499738,17.96506834175705,0.6041127986944821,2.0,4.0,0.6234507365563661,0
16608.81804845596,29.0,student,5482.69356991898,4.742912289104538,0.6363558080691575,3.0,5.0,0.3391291001698599,1
62858.86421074202,27.0,employed,28340.499857655268,1.8906635445827789,0.656464996152626,6.0,3.0,0.41456144314749394,0
58987.97071444254,47.0,employed,32318.085199026496,14.674379197699071,0.7062928877389931,3.0,3.0,0.4984766051895072,1
24375.983859979515,63.0,employed,4953.601878431657,16.52906359237014,0.7119673129786659,1.0,10.0,0.15953157124600303,1
27645.573527475513,25.0,employed,9712.909769816408,4.3122931943847576,0.49488614869506864,3.0,2.0,0.3540421970112219,0
246545.18245267385,47.0,employed,71411.95775130042,10.8082528303706,,44.0,6.0,1.0,1
26154.944683929607,,employed,2405.4034440355376,18.093742740213624,0.6161471171577144,3.0,3.0,0.07770865617251883,1
6314.7541641304715,58.0,unemployed,2957.4429328665237,,0.6930618788158309,3.0,8.0,0.3634875039132511,0
23723.87300335786,23.0,retired,9957.469569946796,3.4843052741306813,0.6112626947654473,4.0,6.0,0.19973425405563247,1
54823.78320605254,59.0,self_employed,10170.554106983485,30.96561396195546,0.7600688314207829,3.0,5.0,0.28067911588159916,1
26978.182098719695,19.0,self_employed,9929.03488592297,0.4420014525298783,0.5294829759921411,2.0,4.0,0.3920461738148268,1
34707.00638513111,31.0,employed,5487.888024087212,6.101264254030264,0.594387896567862,3.0,8.0,0.18594895882979265,1
32524.56068140458,36.0,employed,11984.582397633234,14.212983670684547,0.6665419325024107,3.0,2.0,0.3173873992900287,1
,66.0,employed,15074.447145051892,13.692925729670307,0.7281036239628225,5.0,1.0,0.20120157711904738,1
26747.70840623243,28.0,employed,7531.784187043033,,0.5135975398647887,6.0,5.0,0.27327379436255,0
27238.643098015742,62.0,employed,4390.587418715939,23.77615519444637,0.7531589526369863,3.0,4.0,0.18532480753683492,1
8326.24048832851,74.0,unemployed,2301.1285483049624,40.0,0.7143226739356756,6.0,6.0,0.3451579024972818,0
20562.930428070333,72.0,employed,6362.448803145486,20.27468485239195,0.4621913089129298,6.0,4.0,0.44224107849120714,1
47315.46590274406,35.0,employed,7343.989997295315,6.420811255447502,0.5812306899326559,4.0,4.0,0.2919237640801566,1
33943.22659316212,23.0,employed,5994.003826078071,1.977459844166221,0.7095029764461699,2.0,4.0,0.08106214415935568,1
26127.142251766774,30.0,retired,10590.85580884528,2.5197437927252793,0.6288710821557939,5.0,,0.3384692869727233,0
380660.3609122875,61.0,employed,190155.76697307898,12.983236796213905,0.5970275137465915,27.0,4.0,1.0,1
70688.65434375487,29.0,employed,27238.598033766408,8.764271831390847,0.5406126022172386,2.0,2.0,0.48170964393056387,1
15944.71724405705,54.0,employed,11649.66332147875,12.577289193732945,0.37153616002469586,4.0,4.0,0.7068410320388424,0
55228.11964143324,39.0,self_employed,9169.655987761942,4.450955431784053,0.7324396175739429,4.0,5.0,0.21672075556309212,1
28456.973362338547,61.0,retired,4035.7733305672477,15.786340102193192,0.7144914549249899,3.0,7.0,0.1538871486924403,1
28830.943038801066,52.0,employed,19967.93210315366,15.131159426885572,0.6351776929019215,1.0,8.0,0.3600442990183224,1
21390.33926686185,51.0,student,5375.205482424056,17.4461881297912,0.7274108112288935,4.0,,0.29543903109587777,1
15318.375233099418,62.0,employed,2420.2053151783143,10.610142924447258,0.7585806331895839,2.0,5.0,0.07925910599520981,1
83002.94359854067,72.0,self_employed,23257.28092932645,36.40989699843442,0.6852272239889764,5.0,3.0,0.25827285281280865,1
46979.75525001442,38.0,employed,7473.740229183631,13.906015218364693,0.8185510356012664,3.0,3.0,0.2615160140148546,1
23562.249847532603,48.0,,,9.836890419690626,0.5014577508461923,4.0,4.0,0.30684218392204327,1
29810.17534956686,53.0,self_employed,12380.026862874332,23.76678195293455,0.6860267640209431,4.0,4.0,0.3923216786336085,1
15497.387839577419,64.0,employed,10822.415014302429,19.175382645378683,0.6815123904519217,4.0,3.0,0.6184170067096635,1
31039.67100210122,45.0,,4035.808726821715,12.254384881698678,0.5979970719877904,3.0,7.0,0.24127854073229246,1
9984.726824432602,39.0,,3151.130201964271,15.99849200435661,0.6091063768313223,1.0,4.0,0.4905667720260403,1
13105.271888872758,66.0,retired,4691.483410288179,35.2868464596485,0.4049301402761516,6.0,2.0,0.3389028104361742,1
53548.9312050912,72.0,employed,14738.962159170065,22.95358710737185,0.6958485170053675,2.0,7.0,0.415731033585172,1
75637.59861026041,50.0,self_employed,10558.151878079874,15.771717869873973,0.9380635220882233,1.0,5.0,0.05138841102697997,1
12537.728162120042,,unemployed,1493.7660249556181,1.8595713640989775,0.852901612872803,5.0,4.0,0.08970704767081558,0
31168.914860756286,34.0,employed,13690.853938178701,8.148168880147153,0.5661358859300063,4.0,7.0,0.40058688763071526,1
22569.28342954732,44.0,student,11864.776608978425,15.837763284225113,0.5683532558114355,3.0,7.0,0.35502435519707765,1
35960.64837064759,58.0,employed,6840.310980866812,10.224024734615158,0.7305192542895529,1.0,3.0,0.3012329378735895,1
7398.91219259389,56.0,unemployed,3204.579591514646,28.57237767680573,0.6121575298993954,1.0,6.0,0.39799360862951066,0
26203.833784745177,64.0,,6506.642822132335,29.040921520793166,0.864384992914312,1.0,5.0,0.2335889795534816,1
31312.792422501723,19.0,employed,16142.671521707865,0.2580516098969433,0.5385060789599182,4.0,2.0,0.545719551947585,1
41113.56099333116,44.0,employed,6963.283129332635,18.756228274869944,0.7887212183978582,3.0,5.0,0.16645340544702003,1
36485.43281458186,57.0,employed,8292.848269739836,25.202179070082277,0.7418405611945331,4.0,9.0,0.20621078646502583,1
20171.732243429786,74.0,student,1533.05154877166,21.72106104558036,0.8135284843026165,4.0,5.0,0.2020141255752807,1
11859.814888994251,26.0,retired,10096.61442470573,4.102878823829815,0.4406818998258336,7.0,5.0,0.62597882156658,0
50645.66263954275,68.0,employed,15713.113559173964,35.803919775689984,0.46736837482075466,9.0,7.0,,1
36377.58044419464,18.0,employed,31487.907298198028,0.0,0.37571696103011704,6.0,2.0,0.5189156163223113,0
130138.49741563125,29.0,employed,38922.316333911134,4.055110813254374,0.6457154136431591,3.0,,0.45871170803654787,1
29917.019602527365,66.0,employed,5624.244854590812,28.33607565102695,0.4858334161357316,4.0,3.0,0.2701307216567836,0
42690.395644329685,62.0,employed,14143.243817074348,31.510518793408885,0.7475862069856518,3.0,3.0,0.29687789045719193,1
74716.96102318059,73.0,student,13458.266825031453,40.0,0.8344826873331108,4.0,3.0,0.14224967989576387,1
14005.756326256236,52.0,unemployed,2051.999074015317,8.242657168384769,0.7935510293346801,3.0,5.0,0.09390972510157247,1
35108.014978830804,53.0,employed,12487.500651069877,17.576061282237397,0.5787490567356637,8.0,4.0,0.3292213193160224,1
22170.969959035123,48.0,employed,7518.275062379339,21.725983713110676,0.4927977852253047,4.0,7.0,0.3827528231308291,0
85771.61158406685,47.0,self_employed,42149.30222773315,5.854951362811791,0.5954037155681495,5.0,4.0,0.6361107364150408,1
20342.126400010544,47.0,employed,2958.2470302913334,13.40789282113471,0.5874690895144561,2.0,3.0,0.08576545359294353,1
44961.43756756987,34.0,employed,10807.855375274412,8.808307751548476,0.7828577503845141,3.0,13.0,,1
28658.986541957176,66.0,employed,5157.010099908529,24.762920886430496,0.7355940544270604,3.0,3.0,0.15323287423264734,1
33035.296795933005,38.0,employed,4438.57230366894,12.79327223601098,0.6309704586926357,2.0,6.0,0.24142438219619897,1
17819.23669077085,52.0,employed,6151.772716702624,8.136650573861212,0.48135927360610387,7.0,3.0,0.33233034227969843,0
24878.057930937433,56.0,unemployed,9245.853395403818,25.507501297757226,0.7420716563509352,1.0,10.0,0.38632322769734717,0
31605.97130403473,48.0,employed,5930.598569589015,11.097069650402702,0.7858383584843602,1.0,6.0,0.1754386633168864,1
19780.56503122282,52.0,employed,13314.989552207926,23.614279485088698,0.6509637678067021,0.0,4.0,0.4005907619821069,1
67937.62600084154,20.0,employed,37715.402096531325,0.9033855121351109,0.6345689894551098,4.0,6.0,0.34873941168552913,1
,36.0,student,5915.020999454849,4.063520791472361,0.6649398194420229,5.0,,0.3179337338466237,1
42929.03342676654,43.0,employed,11618.756731236579,19.458721485070722,0.7617501607227488,2.0,5.0,0.18504830891615037,1
55309.95509263781,40.0,employed,12075.477329059435,14.70325063456102,0.7245741407672275,1.0,3.0,0.20049509741918406,1
46028.55138853954,69.0,employed,15363.23483223797,20.843170587839893,,1.0,4.0,0.31216181428442685,1
,69.0,employed,3781.8168520448125,18.462837467481915,0.7642480751395284,7.0,4.0,0.27303869457795626,1
51414.64589714772,58.0,employed,17829.812765671613,22.135129482801304,0.37288767497455105,2.0,5.0,0.2885635926750211,1
12086.821359198664,38.0,unemployed,3699.923127381959,15.847535233886937,0.22818825477237195,3.0,4.0,0.31069692849089486,0
30806.64374165345,20.0,employed,8623.076707172118,0.7482001890156973,0.7392031705369132,3.0,3.0,0.2269209419675519,1
34387.98556454146,61.0,employed,12166.14841734501,33.06539481205074,0.5644513286148195,5.0,6.0,0.369853045093713,1
16235.95656990551,68.0,employed,5408.364212294535,19.91161358855767,0.6286619456316181,3.0,3.0,0.2967626521581048,1
13992.312250828023,45.0,unemployed,5873.405220842156,16.80638379717636,0.8344440755991698,3.0,6.0,0.3180650201521467,1
9178.849349671635,65.0,student,1655.8990100767028,20.164908889735525,0.8587815154795003,4.0,5.0,0.22121887302919904,1
34627.045758629516,71.0,self_employed,7598.6291464500755,13.304660723475031,0.4945126486794265,6.0,8.0,0.1993875554967733,1
39266.704136413995,49.0,employed,18178.46415412243,23.613122200407176,0.6951176921084464,1.0,3.0,0.5010147934999589,1
68345.34426907869,29.0,self_employed,23782.476787187526,3.2819247651295336,0.5603425125894328,9.0,2.0,0.5587011290478207,1
26515.99990754364,19.0,self_employed,8514.376940838118,0.7668148807985593,0.6398434349640983,2.0,5.0,0.1841628569200612,1
75041.28336328048,61.0,employed,13006.513648571512,11.26531610896446,0.7324689552833041,3.0,2.0,0.2267394583340651,1
58304.03767243883,50.0,employed,48555.66766036476,11.525390943164778,0.558056151360833,6.0,4.0,0.5680072442340212,0
10254.511194251741,26.0,unemployed,1928.2204429752699,6.0204327937338675,0.6041867583921439,3.0,4.0,0.31350945089533816,0
20860.764287769467,21.0,employed,5523.506275780443,1.7853735532336317,0.4305925180391664,9.0,3.0,0.49632617961903547,1
19407.25198167787,73.0,self_employed,4476.9524063345925,17.252953382775956,0.7804789907590581,0.0,8.0,0.2618523745770136,1
41600.89355751267,36.0,employed,21288.74379093867,9.994607763717042,0.48179473185253474,7.0,5.0,0.4940329588317845,0
25118.45026055052,36.0,employed,7310.718903636076,5.548225046783983,0.6861519997194709,2.0,5.0,0.25464399507079716,1
66149.88311951986,53.0,employed,36611.05503856959,,0.7600290541554158,5.0,4.0,0.37750440226550985,1
28439.89707505873,38.0,self_employed,7219.223246978795,,0.39057093931720577,3.0,4.0,0.35294305295618517,1
83613.39615137975,70.0,student,,26.929064170657952,0.3691599813423311,57.0,4.0,1.0,0
40815.33614297764,56.0,employed,11795.568457239073,9.047184988911747,0.6676576050565366,3.0,4.0,,1
25770.26460189128,38.0,employed,3255.6343864102714,12.340273012811505,0.8880043994983113,8.0,2.0,0.1590139044553329,1
36471.083644893726,33.0,employed,,11.422175116743007,0.7612856200569456,3.0,7.0,0.31040723483478494,1
59456.16902507179,67.0,employed,10708.362177207853,34.23335362034661,0.6669610423216626,2.0,5.0,0.2683939593650815,1
26955.42141803001,51.0,retired,13217.349284699501,13.960210938022177,0.5795153623594961,2.0,5.0,0.443610745155021,0
38579.727776299944,70.0,employed,5501.611473765838,17.79143305096849,0.6834803879596292,2.0,,0.16136973272215868,1
40238.2515971315,,employed,22234.83319517399,5.179713413210467,0.6557160920534748,1.0,9.0,0.4237228358073556,1
15575.438616891659,19.0,employed,8329.095492877093,0.7241743924295199,0.6111816934188372,4.0,6.0,0.43071884504804725,1
,69.0,retired,7030.135582002597,12.68193934885082,0.7155932113976363,1.0,4.0,0.29743534196840055,1
39338.76853643349,31.0,employed,11884.708577349722,7.50486769430658,0.772680628507326,4.0,2.0,0.36468050353206544,0
62427.355224071536,66.0,self_employed,11126.148534419368,20.17730312150516,0.8107857459665012,1.0,5.0,0.16735820378928729,1
49163.43330132711,58.0,employed,14865.273241877054,31.89867964090314,0.895298436564653,3.0,4.0,0.1727730085535154,1
32827.62561349,31.0,employed,5167.801221578073,6.568821845443091,0.6626155585413709,1.0,3.0,0.21117339873950966,1
66936.96439300562,61.0,self_employed,10479.193072193684,22.75880650234801,0.7019400605311708,3.0,7.0,0.3866438100730932,1
31372.426563625813,22.0,employed,7551.299111349083,3.002933084035643,0.7122769851955344,4.0,3.0,0.2864458488621594,1
45201.64377412161,40.0,self_employed,3533.6706644570386,17.199207122910863,0.7609362344576849,6.0,5.0,0.07232196475990509,1
31083.27849996867,38.0,employed,4785.915676900494,11.003637533134476,0.6605862961771448,2.0,2.0,0.26646951658015067,1
50321.56955014348,55.0,self_employed,24351.239245582285,25.07524205928017,0.5042097407109725,7.0,5.0,0.5502427524714303,1
10529.466974934274,48.0,unemployed,1979.8157032978197,17.42580148395204,0.6731447278358214,2.0,8.0,0.2918899504786804,1
91042.8891925011,52.0,self_employed,47351.50166838793,15.518969465469823,0.5599283495268432,8.0,2.0,0.5151254643176474,0
99576.4897092016,45.0,employed,13516.197924585975,6.328508787850089,0.7589161911679134,2.0,5.0,0.19598611723410586,1
61838.36890716295,,self_employed,46931.793571830734,26.487145613252945,0.7024299079739247,1.0,7.0,0.27495338623941196,1
54938.70459155101,27.0,retired,46941.35617281951,5.581418970747506,0.24869890445551518,5.0,4.0,,0
16821.15769389158,58.0,employed,1425.3341565909614,10.800855360529408,0.8019432712913591,3.0,5.0,0.07439484889835359,0
17842.01107790094,,employed,5509.226251677091,0.6760826499476389,0.5442632296576984,3.0,,0.4430740441807614,1
10822.662478000659,22.0,unemployed,6092.073684151495,2.5571076484992936,0.5913961672809271,4.0,9.0,0.6895203454402371,0
37071.93460346599,59.0,employed,15891.290002647522,11.88291464882568,0.7406902592927336,4.0,6.0,0.3516293950307829,1
36177.99972840855,27.0,self_employed,16906.343834028132,5.531049185936779,0.39559847735147513,3.0,8.0,0.6207633035771571,0
39119.57245833034,61.0,unemployed,10251.145567773801,27.123811533085842,0.7684507765336568,40.0,3.0,1.0,1
64588.771131089525,25.0,employed,19966.29092896063,2.8840441949476903,0.6661104467916901,2.0,5.0,0.579618722819434,1
106627.75436025854,26.0,employed,30998.371154018394,2.83927287894125,0.7028135922208228,,5.0,0.30328795831743044,1
68905.67639389104,71.0,employed,26601.510519748004,22.4626532730949,0.3626504334653556,8.0,7.0,0.5593741465279881,0
62489.98821876816,28.0,employed,24758.91381312735,4.155179728357364,0.7083230291930881,,5.0,0.3860288977168258,1
20331.214050136496,70.0,student,2793.5965057648805,29.33901793798297,0.7652666185265844,4.0,9.0,0.29900759843579205,1
23825.252215501725,37.0,,12715.09367414592,12.279870616795046,0.7191373256158441,2.0,7.0,0.5029158597733117,1
37656.61919162341,63.0,employed,4800.385839991997,32.26732114095982,0.7929531516274586,3.0,7.0,0.11578973103870455,1
36423.5890269557,71.0,unemployed,6305.4535304763285,11.553754631267228,0.7442742920489297,8.0,7.0,0.3373623942915805,0
30455.014632896673,24.0,employed,15420.089610496065,3.8155856065297304,0.5391364734321042,3.0,2.0,0.4950485968380308,1
,36.0,unemployed,1805.3508355899155,6.993208997522931,0.664385624717532,5.0,4.0,0.1247064222891934,1
63174.23541627386,50.0,employed,15965.626606753123,22.50192660564106,0.6537242826010571,2.0,8.0,0.35646692462975316,1
65306.25016916775,67.0,employed,10663.598216301469,12.02607861638573,0.7684977612917433,,4.0,0.1002816267361808,1
23766.8990910279,28.0,employed,5179.7894730719245,5.307047061038399,0.7014327063507447,1.0,5.0,0.3769210669723002,1
35051.296198303906,28.0,self_employed,9172.143771376857,5.2920415385240815,0.5956044029753174,4.0,3.0,0.6678364527530201,1
9889.463016594184,38.0,unemployed,2434.8485699862745,7.918137546102741,0.716746411160148,3.0,9.0,0.26411024556028845,0
13161.123387553253,29.0,unemployed,3514.3331912210215,8.604023542532211,0.6401707146497227,6.0,5.0,0.3927731188285362,0
44142.061903755464,33.0,retired,5485.0727601717135,3.962308360518188,0.5696161012268731,4.0,7.0,0.17772863633893907,1
26723.441532892197,25.0,self_employed,8298.148561566775,1.9728683808466736,0.7900697558960368,7.0,3.0,0.2553775919164229,1
21916.833677735904,65.0,unemployed,4733.642907963111,27.568120668909362,0.6077192914375283,4.0,3.0,0.1879269188606148,0
38208.97155423391,63.0,employed,11574.55000438758,22.886079065378635,0.7193557814871299,6.0,5.0,0.15077055799727987,1
58101.62361307838,26.0,student,42522.45636990565,2.8694422170498246,0.5060962552730713,1.0,3.0,0.7280974574924663,0
46850.90582179827,48.0,self_employed,22356.74881394687,11.476892336233954,0.7676080171875129,2.0,8.0,0.4290633363670258,1
17298.819386900668,54.0,student,2892.2441769818056,10.591703468110499,0.813969287223368,1.0,3.0,0.22120386989723823,1
48404.95016242277,53.0,employed,8827.122524520944,25.223046917149336,0.6292187972938957,5.0,7.0,0.4196187331369346,1
30681.8600490299,74.0,employed,23928.018860338463,30.3358341374936,0.5776797430140915,2.0,4.0,0.4253490096244126,1
16279.690334095367,54.0,self_employed,6002.246329770187,12.488426844922763,0.7162163452824551,3.0,7.0,0.32536495935815296,0
32200.569343922194,57.0,employed,20375.79116907115,17.006045730398622,0.619246722066352,4.0,7.0,0.38870302550360775,0
31947.627342430646,19.0,employed,5925.304993539128,0.7440110325829299,0.7589389878581561,5.0,2.0,0.2880902453487493,1
11466.285648196641,22.0,retired,2731.8392499910888,2.9284187879673516,0.8257548929088757,2.0,5.0,0.1468876760018279,1
35013.26977698478,53.0,employed,9288.481962479224,8.451240513377364,0.5832146765018607,3.0,3.0,0.2372186120557965,1
12918.877434604872,69.0,employed,5191.965646130448,30.21546423135891,0.8252552021979688,2.0,5.0,0.2838713670935961,1
30520.582846733734,40.0,employed,12376.845042324923,6.419219456800355,0.6813030119711583,6.0,,0.35121587962269935,1
41019.30120547466,54.0,employed,10506.249863176949,11.755080695842356,0.5322397977705915,1.0,5.0,0.2843727952077493,1
41932.156440238454,29.0,self_employed,23129.780888451103,7.903770108826349,0.6540718066681532,7.0,6.0,0.5624447182808775,0
14784.2556044884,44.0,student,4988.261440343292,19.164968952624946,0.701053706697388,1.0,4.0,0.41473280819123604,1
24356.641797793916,60.0,retired,19501.305556730233,10.483836280527504,0.4124807457773262,8.0,3.0,0.6841360311390277,0
26991.518366597662,55.0,self_employed,8811.429616926442,26.801097914427,0.630824929944761,3.0,4.0,0.47664418753729476,1
40163.68224442422,24.0,self_employed,6396.23854004016,3.822576790235609,0.5484983450415659,2.0,,0.1920551759901182,1
37385.686763593825,68.0,employed,6080.256500862552,33.27131089800097,0.8580819499682475,,6.0,0.15256138566558172,1
11576.446404379405,70.0,student,3630.6071218965667,35.10463822254929,0.6480695411191089,6.0,7.0,0.25359549025246336,1
41516.64043778731,45.0,employed,15846.881718259006,13.61717900215553,,3.0,2.0,0.40581169502435305,1
41387.17493080317,37.0,employed,10077.410860612013,14.5947471300655,0.5395997298879859,4.0,4.0,0.2787944539772305,1
23393.654731907412,48.0,,6508.040137070591,9.606472871650716,0.7284226634054475,2.0,1.0,0.17777174932023318,1
60923.62671053938,63.0,student,27132.604829017313,22.634057902973666,0.48763848865584813,7.0,6.0,0.39055943327275927,1
33848.4608185397,43.0,employed,4774.32467437141,9.778288698326069,0.8321893742691835,3.0,6.0,0.1445643322216037,1
34741.59867857445,19.0,self_employed,10522.172686410899,0.6934587456815046,0.38248334561419817,3.0,,0.4827718670302161,1
29401.572708902564,22.0,employed,6806.106514434156,0.9984817091090659,0.7357338619563892,2.0,3.0,0.2452070518588501,0
22348.855450496252,64.0,employed,4528.6551565848595,21.169526239109796,0.8411876994580179,5.0,6.0,0.2525677669469618,1
51172.045721423354,62.0,employed,21697.96752199728,29.2198101248767,0.6484067693650866,3.0,5.0,0.6319941180386508,1
25767.686275974866,62.0,employed,5434.678674259785,17.04580006512432,0.8669765117917878,4.0,3.0,0.14030083438858265,1
27337.80786342988,25.0,,12027.859531394008,2.410000393935885,0.6548380109096235,2.0,3.0,0.3081672632951501,1
27746.89497803492,27.0,employed,7944.992411851168,3.2177654358924395,0.571567400334833,,3.0,0.3029362181526894,1
22192.912099316258,40.0,employed,6156.36814579803,13.819389417766399,0.7834821210156403,6.0,5.0,0.28494708258939566,1
15130.35596686882,31.0,employed,5718.733158012419,4.836904871542882,0.6838993651446229,1.0,6.0,0.5495960786238363,0
14405.752512968897,40.0,student,1665.9670266261946,9.715422800111336,0.6256485525859866,6.0,2.0,0.14723176184287115,1
61819.72925831804,49.0,self_employed,28337.068388470892,16.34942642636871,0.583530930698219,3.0,6.0,0.3711915620427845,1
20037.137830567488,,student,4959.13571303576,11.46684071052023,0.6981149332616794,2.0,3.0,0.42011733155893455,1
79244.05198406876,25.0,employed,43489.97374071318,4.736259751525102,0.41026712206982213,2.0,3.0,0.7895938404362451,0
58150.41719007154,40.0,self_employed,12363.804308281342,6.845717967757029,0.7004510134359988,3.0,8.0,0.2713375042931985,1
16517.24524817342,59.0,unemployed,4389.334481714016,29.923872120347124,0.5207410830443926,3.0,8.0,0.22386081002026642,1
93090.2294872237,53.0,employed,33341.376319702125,24.740116096889274,0.44538963578531643,10.0,9.0,0.41722925732160515,0
34593.71172575031,36.0,employed,15531.112395996659,11.648424811192584,0.5895463336012368,4.0,5.0,0.6225100393445522,0
37479.066774614905,35.0,employed,12917.242104066036,8.672440942673838,,5.0,3.0,0.20521986637704703,1
36107.930049912866,51.0,employed,21293.645761127787,7.982336114094762,0.71952262133805,3.0,9.0,0.35413884798268275,1
78581.64017654245,27.0,employed,37849.321490756156,5.642128303501496,0.4125771098085345,6.0,3.0,0.4628236940384819,1
36361.20389728082,65.0,employed,10184.626005897677,24.01724920592371,0.6475112084910122,2.0,3.0,0.27044842680865633,1
26261.553721610995,67.0,employed,9127.738618236079,18.907382819047907,0.4470150824690511,2.0,3.0,0.4556652014815506,1
53591.617708064645,19.0,self_employed,20617.61748237021,0.20596280001096431,0.7129918146131191,0.0,8.0,0.4215040353306176,1
24145.905361849716,73.0,employed,,18.624616365619517,0.606542030006783,7.0,3.0,0.32295991501196014,1
47416.98402683834,19.0,,27837.620582239928,0.5634141065476355,0.5764930084541455,0.0,2.0,0.4566789518352733,1
49130.27128248647,44.0,self_employed,29958.46102107665,6.951982746778517,0.6057334662776428,3.0,4.0,0.735663833558743,0
33034.19995592632,56.0,employed,7170.57343941767,22.543546510747042,0.8142678612260916,3.0,6.0,0.2826528828454335,1
48189.95067317662,36.0,employed,13104.742776969906,12.45245855927773,0.6548548839681024,3.0,5.0,0.3192473062672101,0
17259.276306969325,29.0,employed,5102.069991902598,4.299977048859261,0.7126538373292269,2.0,5.0,0.2260846702693909,0
39398.42266740703,20.0,employed,2893.239938030976,0.4983826473459571,0.7492734677565471,1.0,,0.03791608154930502,1
28814.018687187912,59.0,employed,8573.650970816296,11.636590244484976,0.3558520076667189,4.0,6.0,0.4274518691814399,1
151923.40960253478,20.0,employed,22662.12581699322,0.8294907190418861,0.47547677197695914,8.0,5.0,0.3249161385053572,1
39258.07893701582,45.0,employed,5810.23270389339,18.57763489468653,0.7681574177875152,5.0,6.0,0.12761680274258827,1
18866.23378816121,40.0,retired,12664.762631128784,12.772479100208368,0.5094170530529436,5.0,5.0,0.6732551901357907,0
9115.230287010347,73.0,student,3424.2175214253352,39.640292387174114,0.6017513410981125,4.0,6.0,0.4950008991468097,1
69752.12034249576,71.0,employed,9183.939947320103,40.0,0.6546752829702995,4.0,7.0,0.15480939782436076,0
30484.80495442945,64.0,employed,8525.621928625684,14.7908272000168,0.4628793955804184,2.0,5.0,0.455828512112033,1
24448.495675904047,59.0,employed,7913.630494768421,25.29260733142512,0.6196659515407821,5.0,8.0,0.3990369602654297,1
15037.877780172446,48.0,unemployed,3824.927677031086,14.397300601132862,0.5654492123152507,2.0,4.0,,0
17589.146087309487,37.0,unemployed,2941.6722264703167,9.425649894793754,0.6910247594407901,4.0,6.0,0.24696830827801466,0
49860.10518113789,27.0,employed,11142.530299755945,3.558139579228344,0.6310584045683126,3.0,0.0,0.2678365656339545,1
36675.9025285208,73.0,employed,13854.599707617639,22.30290309498055,0.6930324559932,3.0,4.0,0.18172589700154165,1
39324.187574218566,39.0,employed,12105.252240068197,12.72115254981187,0.7856656101244791,2.0,7.0,0.10743279895675162,1
20391.457808897227,42.0,student,6565.786625609861,13.739562007622641,0.8396711167508409,3.0,5.0,0.20402827843676088,1
21483.725032966508,26.0,student,11664.48782962705,3.1288171390116783,0.5728814122508114,2.0,4.0,0.479164381059111,0
44911.205035401465,33.0,employed,6352.707414459113,4.067228269371773,0.7376716132640792,4.0,5.0,0.2858874336072114,1
62769.61361048609,54.0,employed,72854.26605136743,19.690011805857175,0.5094621870944517,5.0,6.0,0.5061196734830846,0
37354.4538964178,42.0,employed,14622.114030421642,15.44730736749435,0.7882877745587119,4.0,2.0,0.3640653284780579,1
26553.279664364272,51.0,self_employed,3705.571954847429,17.660711446247298,0.6285793235614796,4.0,2.0,0.19380900889833017,1
16893.884438687703,30.0,student,15673.178748399529,2.4262848488878173,0.5560501550579551,7.0,4.0,0.39040568512525164,0
52938.725939395394,22.0,employed,14941.86870812361,1.4775572299371267,0.7888974201181878,0.0,3.0,0.3026821535513004,1
14864.573163233275,68.0,employed,4399.58334821827,33.35738018905035,0.7995185166094336,1.0,6.0,0.2137863866186161,1
14907.562333109901,42.0,employed,4199.067184403505,15.492694155985033,0.7457867840541126,0.0,3.0,0.3305627278583759,1
57476.880099198075,38.0,employed,22117.764680420707,4.124923030497913,0.7545584671376422,4.0,5.0,0.33184674423356986,1
27180.070565401507,34.0,unemployed,6065.33713847514,7.714843834497714,0.7822075126497509,3.0,4.0,0.15687990034977653,1
19291.11647173898,55.0,employed,10989.755889133181,17.10846343283755,0.7302289450814903,4.0,6.0,0.4644943250946979,0
19093.103105209422,50.0,,16109.363216319205,18.92380242478609,0.5364293383137191,6.0,5.0,0.6105194553458885,0
29739.38211412206,40.0,employed,5917.660013866575,6.049736528857971,0.7808732468765774,4.0,4.0,0.17307432802046593,1
31875.24420864892,71.0,employed,14911.398713071836,30.36100440565619,0.5891688968639945,5.0,4.0,0.4808497138487442,1
42309.439847405854,69.0,employed,9300.476878955069,39.17569141692815,0.5380883277446812,3.0,7.0,0.216919013484389,1
19026.059774615074,29.0,employed,3758.930650124712,4.65354692846065,0.5926927426125659,7.0,4.0,0.29339892255603345,1
20876.747311349267,54.0,employed,4597.266355625951,14.486898621450775,0.8282147288665986,3.0,5.0,0.3152995556187679,1
34361.24444709116,73.0,self_employed,6240.630971381187,11.933025974271974,0.7425291406754082,3.0,4.0,0.19037855229403686,1
,45.0,employed,19880.254577567925,6.329799955077991,0.4484702652674264,2.0,4.0,0.4105911248117425,1
20682.0705549639,19.0,employed,15022.644735890912,0.7589434681578313,0.5678463935468079,0.0,3.0,0.7075286676509305,0
53896.662642140254,25.0,employed,11743.988841321585,5.497107755462496,0.7848164891195432,1.0,5.0,0.2189020526721353,1
29472.694792595492,56.0,employed,6467.375943241361,7.728630769954178,0.46634273746551524,3.0,3.0,0.23831509152226676,1
14705.017137489565,69.0,student,3225.5478406145344,37.760798402100846,0.6897369813339181,2.0,4.0,0.35000897828277827,1
20914.17033260144,25.0,student,4094.0207636583905,2.130632128859448,0.5334068486021535,2.0,7.0,0.2726530826536279,0
34048.65676722675,49.0,employed,8928.458306905746,16.641272167009593,0.8079903115420384,1.0,8.0,0.24799357464871083,1
19320.389769238365,46.0,unemployed,5822.498787865866,16.99276751528299,,6.0,5.0,0.3131166524159016,1
25049.24361141394,34.0,self_employed,14311.592876239292,6.646963621381561,0.5651720470075413,5.0,4.0,0.48137917998812313,0
12640.127536077953,54.0,retired,2721.506200013763,18.62614278224749,0.5643141837504629,5.0,4.0,0.22781761616395688,0
31104.451348458573,68.0,employed,9382.502679503772,28.82626564465916,0.5902091974538834,1.0,2.0,0.24663882366674936,1
37425.893614117886,31.0,employed,8815.826071396985,4.112625135201392,0.3712046896265892,3.0,3.0,0.4407219397463463,1
19528.340100235797,21.0,employed,1501.5254912146952,2.3896619188542285,0.8301904518252596,1.0,5.0,0.07149802461012549,1
9072.254134069808,38.0,student,1900.4530465384446,6.4465820270258325,0.7986789954022782,3.0,5.0,0.1762731764753422,1
43759.283824337974,35.0,self_employed,6843.43162088638,3.5054523398035107,0.3505198158979851,2.0,4.0,0.13187032197398224,1
,59.0,employed,6925.434343184942,31.429400965776804,0.7609637980830971,3.0,2.0,0.2064572678312527,1
17566.41538845546,48.0,employed,11967.737304093762,13.724298615554577,0.650226483581717,6.0,2.0,0.5018383103820077,0
64730.050128342504,19.0,self_employed,39493.33395161329,0.43917183135588717,0.5189208884237948,5.0,5.0,0.4348751682568562,1
13239.439344019136,37.0,student,8581.44844673171,6.942653030516088,0.39643557386018713,7.0,3.0,0.4025783572217632,1
64531.3093916947,59.0,employed,48434.434824476244,8.835465399062725,0.524670204269491,5.0,3.0,0.4335409489657072,0
40519.78188128196,45.0,,4398.390195928204,9.68600473275845,0.7247526324560691,6.0,3.0,0.09120374229487203,1
42082.17069454947,50.0,employed,49363.03758925099,13.951366577266853,0.5520884822776781,3.0,6.0,0.5931432717812571,1
32671.229145507023,33.0,employed,44536.83092302883,7.682963239800502,0.3269041964782164,10.0,3.0,0.5573352874606942,0
9627.88522360343,36.0,employed,1382.2896731581502,8.54255757731741,0.6903255858681466,1.0,4.0,0.22060532702126587,1
7199.6279493992715,25.0,unemployed,2772.377263218839,5.0919520723568965,0.6741613837545524,4.0,3.0,,0
23872.21062832184,22.0,retired,4054.725177128997,2.9871916686323585,0.8304184665042252,3.0,4.0,0.12466704059732032,1
43580.477645856125,20.0,employed,,0.780585906178858,0.6462491309871727,2.0,4.0,0.44729854948782005,1
14841.209094988077,53.0,employed,2343.3106015467365,27.150646471384654,0.7377766475301166,4.0,3.0,0.29364654984998695,1
35355.14290630994,26.0,employed,12502.999231034904,5.751684026177703,0.5407555084538413,3.0,4.0,0.5538426660015422,0
20720.274749426975,50.0,employed,7872.980319962631,24.210588477467198,0.7161887759280468,3.0,5.0,0.3777554033029694,1
40835.62260588271,72.0,employed,21711.04692753987,33.68512058936463,0.43910968118043225,4.0,4.0,0.6546977384599302,0
35964.93112164694,57.0,employed,12011.688340873507,12.439561133817671,0.792499808375075,4.0,6.0,0.2734288853011866,1
52667.33963898601,50.0,employed,48451.122711404736,10.14837361902927,0.6318239954559506,6.0,7.0,0.5174524893840446,0
61908.4193699956,24.0,,5485.963674633907,4.471145627102196,0.8749790807790976,0.0,6.0,0.10873400832805653,1
274590.75010371866,45.0,employed,169828.15605368002,13.614136450937984,0.25773857953829044,37.0,3.0,1.0,1
19543.043482373887,68.0,unemployed,11314.427734417703,36.71401921461214,0.6286857077134267,2.0,9.0,0.31213298770083897,1
30480.083888314384,39.0,employed,4422.174223200551,13.278903277785396,0.7349426689493856,3.0,6.0,0.2692897882915524,1
163876.5837565975,65.0,self_employed,29653.579687542533,15.392846982248908,0.38109776189665145,4.0,4.0,0.28100263733290715,1
9871.857104302593,58.0,student,3417.3053929149078,17.234235681510892,0.5347981486632449,4.0,3.0,0.43590324469503805,1
27892.7509381808,33.0,employed,8357.248787158409,11.710426935202577,0.5966110876372218,3.0,4.0,0.4603834058474218,1
56992.746901243256,26.0,employed,,1.693997254928821,0.4594186000080021,4.0,3.0,0.5243356803091838,0
52910.68870920724,18.0,employed,16291.657211114352,0.0,0.4732664717031184,5.0,1.0,0.24568551858502657,1
46336.92829665026,33.0,employed,9982.912938586933,,0.7141205494397974,1.0,5.0,0.19378767889018808,1
50902.09337975553,36.0,,5981.331630803672,4.724787015975183,0.8062809207921877,5.0,7.0,0.06636123530136173,1
12813.075125240437,55.0,employed,6110.616298943618,13.438241379820708,0.7029517344564264,3.0,5.0,0.5622270240270929,1
80390.34390488776,50.0,employed,37981.22362859811,16.90265191707887,0.6768653363175555,2.0,7.0,0.451524613364959,1
32795.76009323853,45.0,employed,12294.078203179426,19.068991829496525,0.49649924319998845,3.0,5.0,0.1774020206236485,1
,59.0,employed,5603.5187010868585,20.660191998008116,0.7866323832397782,4.0,4.0,0.17603156221259203,1
14451.404561726,,self_employed,,10.137578012459949,0.6008594866913362,3.0,3.0,0.5121890976752471,0
41286.22762314663,58.0,employed,,11.052423759947684,0.6933271977421982,1.0,5.0,0.3059376022920794,1
27398.64559808438,69.0,employed,8341.464830248147,21.703867086276475,0.6155235202465583,7.0,4.0,0.33144333968113593,1
16919.768504373013,38.0,unemployed,6383.119516622682,7.870488085126588,0.48634306466694266,4.0,4.0,0.36016250199589894,0
42554.25913765979,64.0,employed,28225.450821110862,15.263130220546236,0.398354216162953,3.0,3.0,0.4824962060051762,1
47970.14314546644,41.0,self_employed,11276.677963165488,16.19377655936391,0.6444544172870194,5.0,1.0,0.28953691088344663,1
21386.799307440597,28.0,employed,8106.596361832061,2.1612901024924143,0.6253255494805139,4.0,8.0,,0
35295.66530858924,26.0,employed,5386.2407900635435,5.580852389329974,0.8346817813325788,4.0,6.0,0.25825536683005307,1
16593.54918449949,23.0,student,7044.292616685019,3.7650405209372897,0.6540312447043183,5.0,7.0,0.36455771355208655,0
,72.0,employed,10299.026421417328,31.215597195454485,0.8006248336390878,1.0,4.0,0.2155472702042583,1
59554.58093686454,27.0,employed,19462.643227825512,5.176892152373927,0.5603875166469854,3.0,1.0,0.31048484924869174,1
19576.610297613675,65.0,student,8274.245260054633,13.602299506190588,0.6165941001617509,6.0,9.0,0.3422302127652461,0
21104.130014819933,62.0,self_employed,6345.645887764328,23.803588288765965,0.3685557296049594,,5.0,0.40413731180429496,1
42154.62078506063,43.0,self_employed,34802.2572049436,10.627615909070936,0.3812072648955004,6.0,6.0,0.6391408967418808,0
133992.36694380172,70.0,employed,77348.66452922052,17.546352559430108,0.6398944579697429,4.0,5.0,0.29896852133907376,1
82702.29764318753,69.0,employed,12099.514059383955,28.04988440917926,0.44510426183251184,2.0,2.0,0.1399120322730085,1
9028.219026342935,70.0,self_employed,4291.049268621215,10.437142572345206,0.5716280883607358,5.0,6.0,0.6496443627630344,0
37484.07956376184,46.0,employed,9402.25435452051,10.243734897908263,0.7666963606809271,6.0,5.0,0.13885261598433002,1
57876.09797087998,34.0,employed,35862.237229061895,9.498003433169004,0.4779429027153107,7.0,8.0,0.48668612277361883,1
11602.94668282665,20.0,unemployed,1906.088429655064,0.9460487326088103,0.6745043078687861,0.0,8.0,0.2926937817573057,0
28852.57549651678,65.0,employed,14068.357923677882,13.50706324222546,0.7167147676285412,1.0,7.0,0.4398064804794666,1
31777.630964544816,67.0,employed,25187.96530807559,9.83875248544876,0.43828519622865264,5.0,9.0,0.6927973568630331,0
47862.84207124453,48.0,employed,11412.639958230087,10.867907653259385,0.6604825572398474,6.0,9.0,0.2413253758582467,1
20450.5491173069,22.0,employed,8441.293871990176,2.1177423342923065,0.6679794726824669,5.0,7.0,0.24265897061671873,1
72377.77134491065,64.0,self_employed,11467.85350049316,23.953457597136065,0.6979747762107047,6.0,4.0,0.28473228406218637,1
17656.448038239538,35.0,student,5129.53300623328,4.736933373593583,0.3767183303420584,3.0,5.0,0.708273664161582,1
22753.809546280278,49.0,employed,11204.261643659285,17.61476686011038,0.7528908427107828,6.0,2.0,0.3615043600119529,1
63714.986495796285,55.0,employed,8186.275510552943,29.57612119659667,0.9143713133605583,2.0,4.0,0.1509660308346626,1
16771.47066983604,26.0,employed,4932.2702442288355,4.407361150053296,0.5763747788886742,3.0,4.0,0.3095948203599354,1
27512.47869610255,21.0,employed,4862.713786677525,1.549748716276658,0.8269514826463412,5.0,3.0,0.26595649312832975,1
27286.91241092389,22.0,employed,6448.417998939007,2.2943194966229994,0.8047410386649277,1.0,4.0,0.15670746164133123,1
53041.175575589405,72.0,student,33387.403433773994,39.301336844447746,0.5763452110736205,3.0,7.0,0.6358574348133571,1
25783.489280356294,72.0,employed,10767.671997170268,40.0,0.5974389747981488,4.0,,0.4843258054294023,1
12363.66724593834,42.0,employed,874.3176938596733,5.390882626838287,0.7663485347009228,2.0,3.0,0.07367715234927198,1
19004.242038668584,42.0,retired,5273.755939910039,7.751910761978214,0.6491968039643795,5.0,7.0,0.30439054660479464,0
519611.10084204265,41.0,employed,96800.43559779433,6.197544083282307,0.5109557242874341,51.0,5.0,0.9858063272276731,1
,37.0,student,4053.840757815488,12.604833157010095,0.47643449882231476,1.0,2.0,0.16463679058687872,1
113353.87559181468,48.0,employed,21322.780462780363,6.820131461135026,0.7757861330038285,2.0,7.0,0.21737175769712558,1
73383.08845188176,38.0,employed,8068.40337186908,14.831619363893566,0.30136436842588876,5.0,3.0,0.0744379629545741,1
19946.602686188002,53.0,student,5975.94485115921,7.431662662965747,0.6862431726155558,6.0,5.0,0.23332170747880504,1
23255.39125830426,39.0,employed,,11.792089843158957,0.8079468666107309,0.0,7.0,0.15327721043191697,1
81798.4616086426,53.0,employed,30659.59493214156,12.78710007358561,0.7620247969846352,6.0,2.0,0.24793011803055603,1
30203.655069678964,71.0,employed,6746.1667275519885,25.563920093125738,0.6749906836875297,0.0,8.0,0.2256009607265993,1
28745.35769464669,29.0,self_employed,15025.486841857453,5.116447032432226,,2.0,5.0,0.39585808243387977,1
29479.874787494417,21.0,employed,9614.128819473766,1.9480078873031696,,5.0,3.0,0.5505724541289261,0
19416.06083324168,48.0,employed,6129.619533026134,14.93955781907853,0.8100700499854034,2.0,8.0,0.2807801505909099,1
31659.708754155832,24.0,self_employed,9306.10640993339,2.7163949884555834,0.4792124619352167,3.0,2.0,0.26313177609297517,1
35552.153669435174,31.0,self_employed,41098.797611925256,8.296161400157965,0.5632001417355619,4.0,6.0,0.5706616341042018,1
52330.16764150656,63.0,employed,15575.23900575448,33.996786821231105,0.6305067095366441,1.0,7.0,0.4078899721508869,1
29910.229734372915,41.0,employed,7573.114547413439,15.556129141025222,0.7200241846581275,4.0,4.0,0.41936419057608554,1
19269.33746393563,49.0,employed,7357.0373247031985,19.902936785947507,0.5307652794339978,5.0,4.0,0.5624282680662664,1
16286.859929113805,62.0,employed,4719.950534235409,21.6758629419812,0.5341087157571869,5.0,6.0,0.3894543363776103,0
40327.33773898518,25.0,employed,7325.69163475751,5.180906352781593,0.9079586099144614,1.0,2.0,0.1342215021785305,1
37658.460661014695,45.0,employed,14469.36983355127,13.278278010231352,0.5366193517350106,2.0,5.0,0.6841279654701644,1
27524.826119689005,19.0,employed,12462.092950271111,0.7581714711893222,0.6885214644316117,,5.0,0.43899650035725335,1
28746.513512862177,46.0,employed,9994.441990026568,19.089094008683052,0.6616907500058801,4.0,2.0,0.3669162925352669,1
48511.377944405234,30.0,self_employed,39215.32790005887,3.481873696392933,0.035174485658439225,3.0,3.0,0.6712069768835743,0
72785.57921411938,69.0,employed,30315.395406830536,11.637960485456976,0.592599974815309,5.0,6.0,0.3566788956637149,1
17210.11831543399,32.0,retired,5318.088785568606,9.023187769674951,0.7115138626084527,3.0,4.0,0.2265581604116005,1
18983.097131650975,29.0,student,3498.4893852796254,6.726538466562234,0.6482150971890301,8.0,1.0,0.1314844686858093,0
58637.82246995744,18.0,employed,22414.27534799734,0.0,0.6980667590050156,0.0,3.0,0.25500297152559104,1
17244.83420032593,25.0,retired,2337.976366704008,5.5002049760728555,0.4244585649092858,,5.0,0.22303824190726407,1
18016.382505701742,30.0,student,4247.311977304629,,0.661949143115576,3.0,5.0,0.4279682109691459,1
35632.10008896831,30.0,,15653.46472564961,4.904879043129814,0.3824566375173291,3.0,4.0,0.49060486207394594,1
20736.74574488495,60.0,self_employed,3028.401280032576,22.637139440728998,0.8226599708641226,4.0,3.0,0.11474193906239892,1
39507.6418756203,68.0,employed,5324.791582957196,10.852352575163687,0.6326993075174533,7.0,8.0,0.17859444878680167,1
40582.106389057226,66.0,self_employed,8855.884495797325,26.282809955624636,0.7353591198228338,2.0,6.0,0.16170906540078184,1
47932.1680496767,72.0,employed,13195.948300992508,,0.526942268920922,6.0,4.0,0.4807391570749159,1
20061.47849962645,69.0,employed,3985.7842502886497,10.332500096655094,,4.0,6.0,0.21027372201397285,1
36496.9944604413,43.0,employed,14292.771172257384,17.67955718267175,0.6614340959856914,4.0,4.0,0.4301079060003385,1
50725.90916222184,40.0,retired,19687.371669967528,14.985461402108296,0.5879270413072181,5.0,10.0,0.3346090981314714,1
102616.07911455064,55.0,employed,6963.232635872366,9.755489481473093,0.8459769780509865,3.0,4.0,0.03868668175722434,1
68876.10807202017,36.0,employed,44490.14967011248,12.745769325714551,0.7355515237849383,0.0,5.0,0.4651351817825622,1
20160.171864522374,52.0,employed,17036.425981838627,22.376323420961555,0.6352909158012514,3.0,2.0,0.5241779625460451,0
45502.67257025351,74.0,employed,13373.020111406788,27.699160974010812,0.4409225359161287,6.0,6.0,0.15194872642624768,1
9982.65721646293,29.0,,4235.70376388024,3.8184119934385032,0.7533547313165979,1.0,2.0,0.21920429672398886,0
14649.012002465495,61.0,unemployed,4201.296505551193,16.032990728874587,0.566739047634718,3.0,5.0,0.1843501973191376,0
24683.533666145697,71.0,employed,12610.44944289807,30.070342630009293,0.5007693492417067,4.0,6.0,,0
15417.573575695507,48.0,employed,5721.1073562032925,10.43347198875894,0.5072452417432354,7.0,4.0,0.5404154207387812,1
30568.990160122,38.0,employed,5809.644710651379,7.90426810808762,0.8538547430178609,0.0,8.0,0.2269186657772494,1
52119.86016567927,32.0,employed,6678.901273969323,10.619042821662582,0.9018907120175983,2.0,8.0,0.05241936895180157,1
14679.067131345235,27.0,unemployed,1563.552335963348,5.7383745291337656,0.7635485283002286,2.0,5.0,,1
48863.40883435294,36.0,self_employed,30849.655766156575,11.549599736943396,0.4780880281991686,5.0,5.0,0.43408078332244066,1
40464.29104160144,60.0,employed,5776.768133085859,32.48959783746633,0.5043924586556262,7.0,6.0,0.15813184292596105,1
44456.378876233975,47.0,employed,9239.9648448578,5.900815944574401,0.7869168546790313,2.0,4.0,0.25070665613524945,1
47323.19711586233,30.0,employed,20093.31280226005,4.160298072283088,0.7664529959755345,1.0,7.0,0.34203052005410584,1
31655.249839480934,48.0,employed,14433.849689015955,17.843531333287114,0.5317994908823621,5.0,2.0,0.454178875146644,1
37852.23404273151,64.0,employed,10051.466613513643,21.296294336665103,0.7191520506841056,4.0,7.0,0.3219300063332673,0
95505.52395332158,18.0,self_employed,6951.582193140999,0.0,0.6416404645184148,2.0,4.0,0.06263774565176287,1
38988.246757527624,19.0,employed,7140.8240724678735,0.6687402116429968,0.410049065001873,3.0,4.0,0.3246913539429883,0
18548.32129412598,72.0,student,2238.6636457044647,12.325150104189627,0.5645062123608869,2.0,4.0,0.25916415502644097,1
38232.53958560389,60.0,,25425.520158370637,22.1050480271751,0.42315086025410403,,4.0,0.43562933337665866,1
32566.705469193283,50.0,employed,3580.924413477968,17.19931516561633,0.7714290699727474,4.0,4.0,0.08576879871688105,1
29211.624785942815,69.0,employed,8169.075077070434,29.66041638008601,0.7735056829395562,3.0,5.0,0.4146139374411966,1
40309.37141364342,51.0,employed,14070.468235497689,12.849400793891899,0.7585198354344675,2.0,5.0,0.27291252881595207,1
28201.83706689152,47.0,employed,7298.510949577635,6.210656377433533,0.7349682858454263,0.0,5.0,0.36243187320259856,1
33767.110150603374,30.0,employed,7500.679778624565,8.800679659780915,0.632274019239507,5.0,2.0,0.2997400322542228,1
26904.607314103876,64.0,self_employed,,34.84605233726539,0.6486459082610404,3.0,5.0,0.665364557675991,1
38330.68012943581,61.0,employed,8869.915888971527,21.0353091541249,0.7174413655171921,0.0,1.0,0.1606352553381018,1
53498.433489875446,34.0,self_employed,24961.5556655727,3.3981473934226716,0.45669754215530556,4.0,5.0,0.4845164582721839,1
35930.89358091652,60.0,self_employed,10378.890058872004,23.037953237630916,0.6556017411252514,6.0,8.0,0.3758660165211374,1
13303.877080688868,59.0,employed,2416.1791715185454,15.97187435090786,0.6878743984485,5.0,5.0,0.14669662684880416,1
48785.37098624475,23.0,employed,6493.177020679763,1.5474567305010907,0.6334889558005896,2.0,6.0,0.07328189296955326,0
38564.672700688236,27.0,employed,27151.59551504408,2.712344344458509,0.16781562583032106,9.0,4.0,0.7415630711090768,0
22101.135692652046,51.0,employed,7729.02702919301,10.149257718596717,0.726238299275981,3.0,4.0,0.22327724413881633,1
18709.99209305883,53.0,unemployed,1714.7339928775589,13.947661012165547,0.7037957210747955,1.0,7.0,0.10014351853653,0
9023.975142021112,55.0,student,1195.869765243412,13.629768788377365,0.8194107722965192,3.0,4.0,0.11881240170362173,1
61249.061611573125,39.0,employed,6937.908623426601,14.738952888910191,0.9272346972266577,3.0,8.0,0.054015449598950264,1
35288.65101284848,65.0,employed,17631.550446730664,23.367874748398688,0.5701977037560714,2.0,2.0,0.7006561554452415,1
12847.154705585275,43.0,self_employed,9517.894485751953,11.414712386975724,0.5041084232406043,4.0,3.0,0.6009528485770617,0
43672.54721246812,29.0,self_employed,21520.772122644834,3.1625014769554913,0.41346142753451914,4.0,2.0,0.3224958043256164,0
29640.703559529265,24.0,employed,10805.346437993532,4.353206855236191,0.25810755936650304,2.0,2.0,0.38381551714690476,1
9621.478572261578,68.0,unemployed,2904.3527974767444,11.644666173813672,0.6642741825025946,5.0,8.0,0.26751077997200046,0
25112.904569368082,58.0,employed,4300.649776241166,13.748752612987527,0.788812739742047,2.0,3.0,0.16779067383303692,1
34077.48238619899,44.0,employed,13037.148755808097,14.894967501470958,0.5354587234575138,2.0,5.0,0.4672979462233566,1
28492.77027220557,29.0,employed,6540.496777356102,6.835262024868433,0.9294499205770373,2.0,7.0,0.12061152079071996,1
14352.147741787398,23.0,employed,1419.3098833881636,3.403469724457442,0.6684098824114518,3.0,5.0,0.10314202468072607,1
34299.52424942412,26.0,,15931.20494168615,,0.5912353780695485,2.0,3.0,0.3722128894160062,1
32138.860102079496,24.0,employed,8757.97747255166,2.4482643119091043,0.7810511246692865,4.0,6.0,0.3422648683710258,1
25185.721154620613,48.0,employed,2600.5309161477517,11.193929123332694,0.6623915542396731,4.0,5.0,0.11101645318417781,1
20656.5586623133,29.0,employed,7724.813273037724,5.949424829112994,0.6488971395553935,6.0,3.0,0.2659901112420044,1
53389.3215365896,25.0,employed,41515.02244917804,2.8642695836105214,0.48488332404848433,6.0,3.0,0.6992374825505345,1
18973.22427333411,34.0,employed,3303.934726773461,6.3497047104889575,0.27856188943262244,7.0,5.0,0.21109383483252633,1
38831.75625084874,57.0,employed,14074.147208381859,8.19524597038828,0.6919920880476083,2.0,6.0,0.4180352202216654,1
29836.438049176108,46.0,self_employed,18258.667611005385,21.531708590699015,0.35479295616994866,6.0,7.0,0.7365221470188104,1
27925.35034314417,26.0,employed,8198.71515781124,1.8908523727385924,0.611507066468564,2.0,3.0,0.27550414878558555,1
7320.237926251313,60.0,unemployed,498.43532576763783,15.225962261435678,0.6799961624428547,3.0,6.0,0.03851559986814989,1
26631.241118238515,45.0,employed,14107.968397315308,20.32699796291928,0.5933527122369563,3.0,5.0,0.2980962020767846,1
40123.45582412205,28.0,self_employed,5326.497924343003,6.412089171574074,0.48456501098561056,3.0,4.0,0.18211062021380162,1
14297.414399498794,57.0,unemployed,4913.435339942156,21.3284714179861,0.40858705951949736,1.0,8.0,0.6677565844661362,1
24519.003755680238,74.0,employed,11589.76018256855,33.403347483364534,0.5804355048149203,1.0,4.0,0.553069235552598,1
,48.0,employed,11234.572033787665,7.74708095063032,0.34285070364018905,7.0,3.0,0.7488794909606517,1
28313.104554769667,27.0,student,9879.103890926377,6.1666956557382,0.6065608600763226,2.0,4.0,0.5099168241004057,1
15814.550635585269,,employed,3532.547712973772,5.9510889701825525,0.43390984782603614,4.0,8.0,0.2859515937614561,1
39822.0354668595,52.0,self_employed,13277.073317477978,26.30676514872896,0.6198934426739358,3.0,3.0,,1
,74.0,employed,5728.238159083434,18.974186687479033,0.5473988713220954,4.0,5.0,,1
21453.818216401796,70.0,employed,12256.793863915043,29.911369786432964,0.4903387971479992,5.0,1.0,0.5950188895708466,1
41378.04712523908,71.0,employed,5330.153701340658,27.941318845986988,0.6830023533432158,5.0,3.0,0.14906880301405437,1
13824.906802059242,65.0,student,5005.092756588288,13.435507249916459,0.5648120808905988,6.0,8.0,0.4541333088881025,0
,50.0,employed,12213.568906428321,13.368201622082793,0.5808966986785042,2.0,8.0,0.5683346124989582,0
24644.757307015047,54.0,unemployed,5317.452127576334,24.07592350236095,0.4154763568125086,2.0,9.0,0.5343184331807351,1
63281.91959809125,,self_employed,27806.604767313504,13.42966662037806,0.68602229389367,1.0,4.0,0.4115532782245724,0
13819.653460917627,58.0,employed,1460.3393152009594,31.108575556206873,0.6952438270037142,3.0,8.0,0.2173072436654687,1
17374.969864234925,54.0,employed,7214.208482197525,13.582446594788308,0.664610531143486,5.0,3.0,0.4545869946629659,0
48860.693369733934,25.0,employed,9897.87631519904,4.03223096981636,0.5751989596895494,4.0,4.0,,1
31494.33865683146,68.0,employed,14015.471994436735,28.56601118769595,0.3719766414738133,5.0,6.0,0.4369719776631905,1
84592.21346873722,18.0,self_employed,15271.531227905361,0.0,0.8269504224787207,5.0,7.0,0.21787531044732222,0
49422.85259127758,42.0,employed,7739.019479684387,14.237190683986935,0.7798053374507958,1.0,2.0,0.11640213387631243,1
42181.320587651106,42.0,employed,5264.6876517884975,15.50750799110551,0.7621067339612889,1.0,,0.15446875159141552,1
23965.69792603113,74.0,self_employed,5820.649148059828,31.998499837053856,0.9156532806351446,1.0,5.0,0.12466265789216495,1
46430.88526223956,23.0,employed,12667.17694613219,2.6799838580019375,0.49723183032428747,2.0,5.0,0.19243282558614752,1
19189.490197997602,45.0,employed,7207.754447904128,15.227364010778771,0.523374364769194,3.0,5.0,0.591986212646264,1
69746.48238844675,38.0,employed,39177.91371811414,8.82347104482352,0.6951787043645807,6.0,,0.37115167656340275,1
44849.57065399979,23.0,employed,19520.700866345127,1.2126195013946504,0.38290531445864173,2.0,2.0,0.44573576833206113,1
26446.91754160614,30.0,self_employed,1211.68992861641,3.5498283301160303,0.5275224742908101,3.0,8.0,0.02254297566384774,1
54303.21509740534,,employed,14820.667895902034,13.536538219771606,,5.0,3.0,0.16421303402774942,1
111386.61476775682,70.0,employed,52703.63347068595,39.3278254434242,0.4710489810264358,5.0,6.0,0.27022911116025633,1
32571.45108526409,40.0,employed,10616.594466255092,4.739775241139606,0.6004129837299068,3.0,3.0,0.38308691367200653,1
47820.35166160286,68.0,employed,13571.141070591195,26.321055911865876,0.6461619666007677,1.0,3.0,0.24959215713739938,1
32189.497700406624,59.0,self_employed,7716.200666981186,14.400711252026069,0.5454731231925469,5.0,6.0,0.23851881656614726,1
37898.85231967232,64.0,employed,11652.515407149465,24.704021391372564,0.6968884330359733,4.0,3.0,0.2512889423709369,0
8546.14462706497,66.0,student,1798.0916097661895,31.19013190273061,0.4137687510527,3.0,5.0,0.13662957154928412,1
12707.061210323704,58.0,unemployed,4908.590968444755,25.65087517207023,0.6858719041421121,7.0,6.0,0.27943047044273156,0
37115.45226252767,59.0,employed,9496.150325748296,,0.6360409480104399,3.0,4.0,0.5481412203156079,1
98204.6718665512,26.0,self_employed,44582.2199319032,5.338832636509299,0.6056652077497606,4.0,4.0,0.6178155784632228,1
14801.716661213171,58.0,employed,5714.931678745813,9.742656483702984,0.7237234470976996,2.0,5.0,0.2817511999651112,1
22090.066934860515,20.0,retired,2776.7147140916345,1.0114934007015428,0.7147416105096444,2.0,3.0,0.13811757774013642,1
69151.74756861578,60.0,employed,17536.959260948523,14.996817831378136,0.3620809714365466,3.0,3.0,0.21822883305173485,1
32180.445102493934,55.0,employed,4509.886206562403,27.852206454253576,0.8858797326580704,,6.0,0.17892385957590057,1
33333.86857781002,61.0,employed,9396.545881934613,28.798283928102357,0.5327240837836761,4.0,6.0,0.21543934920546515,1
23941.544382032258,54.0,employed,9008.544844768254,,0.7052623501174123,3.0,2.0,0.4017111805772899,1
25059.48029163463,39.0,self_employed,14198.53419315121,7.264901225780268,0.6492827088852647,5.0,3.0,0.5107883039639831,1
14575.147293722717,39.0,employed,5143.1719223419,9.935775219276623,0.7776591569935726,4.0,9.0,0.3216417030357712,1
26513.050864021126,51.0,employed,3964.1585655609624,25.665590711767226,0.4973204493246282,5.0,6.0,0.24313388793444943,0
22144.013597007914,44.0,employed,6568.225185157971,6.91090167228841,0.8295541557583683,0.0,7.0,0.11560128946426924,1
19261.667042792316,37.0,student,4760.222185403079,10.274885001380278,0.6444282272086288,5.0,4.0,0.42574911963965867,0
8572.749377243957,45.0,unemployed,3134.8748219009512,10.928857713427847,0.6748329948090974,6.0,6.0,0.12902445612806476,0
28572.62891095316,48.0,employed,2004.6389389212816,17.634126151186035,0.635826558140426,2.0,3.0,0.1242945666290228,1
28966.55893652556,31.0,employed,,7.659912470777096,0.7664255734115022,2.0,8.0,0.162453938824284,1
35451.378212701595,54.0,employed,8436.230405947395,12.396776112374802,0.49077748955320766,5.0,4.0,0.42433383948974224,1
109689.4134680812,35.0,student,44621.06139191325,11.415255883121876,0.593732677454797,28.0,7.0,0.9204463490409545,1
23492.04506224136,33.0,self_employed,,3.821362242013272,0.834344254840627,0.0,4.0,0.2705272211723093,1
37906.702483824614,41.0,employed,5916.247554215683,15.890316421005195,0.6124217718073542,4.0,3.0,0.22370889106164776,0
30964.43068894282,23.0,student,10103.704752183623,1.6359005757384824,0.37233143606447083,2.0,,0.34052811546140455,1
38724.70695394337,52.0,employed,13813.168630169437,18.82741768922972,0.5256051303396373,2.0,4.0,0.20777926863068,1
29448.550259460033,59.0,self_employed,4757.809053191694,16.743819281808143,0.8734151965782431,,4.0,0.06867473557987736,1
408486.2031776409,72.0,employed,58098.71857222427,30.556866382549394,0.5679167123779473,30.0,5.0,1.0,1
13025.752192025775,34.0,employed,4057.828040698619,5.767211343434024,0.5414864104114311,,9.0,0.37312503316272405,0
33870.46332508209,48.0,employed,11726.249837602656,16.241346095109193,0.7424752424980062,2.0,5.0,0.298055507036919,1
29727.35115903204,46.0,employed,16041.277539603943,5.737730771587878,0.65807677016982,3.0,9.0,0.6259176823835269,0
11385.804514598982,59.0,student,3759.5493276298666,17.411579657383168,0.6824108830175346,3.0,5.0,0.33875883817545327,1
24933.08271817917,53.0,employed,5983.793751218171,24.354176960305974,0.7618502552356224,2.0,5.0,0.2527478524722521,1
10353.300375588005,63.0,unemployed,4099.273182487808,21.50117783564871,0.5806890107504512,5.0,2.0,0.3372114371445549,1
65613.66871646601,66.0,self_employed,27002.55907392864,23.978719650911014,0.6963138601079598,1.0,7.0,0.37682151219545296,1
68964.03309573703,24.0,self_employed,18152.419320085748,3.437676616490375,0.8260615906280753,3.0,2.0,0.1306796317198049,1
11416.217813700983,38.0,student,3366.3420068786713,9.21051518600779,0.733327716647633,,5.0,0.39812963456508305,1
28028.05672558687,55.0,employed,2618.5449362119825,26.649103355468664,0.6383170948529392,1.0,2.0,0.0839139674127837,1
28387.523701922975,,employed,16812.081737134955,13.259844057267397,0.47219875440821735,4.0,4.0,0.7022045426287193,1
54435.55248864692,,employed,5706.400525340149,20.669349434740663,0.6045588088781607,4.0,4.0,0.07814630742811667,1
39056.057946768844,27.0,employed,7764.8500756281155,6.535465325950995,0.6915984951546204,1.0,1.0,0.12123697433103879,0
19020.02690687494,50.0,student,4507.978432760975,14.484885427052516,0.7816632895095331,4.0,5.0,0.3660757461599713,1
47483.203013255516,60.0,employed,14226.519686182857,17.61818203988566,0.4196785282570853,5.0,3.0,0.17761301987531591,1
26951.474729724523,20.0,employed,,1.2119536226802021,0.8973575418279246,1.0,2.0,0.06337866419584225,1
71821.79691556812,51.0,employed,50409.79791123886,21.55507362374644,0.5739704551328648,7.0,4.0,0.517736723477312,1
36283.83743190017,,,30548.135802207446,15.887364266132396,0.6247477705089604,3.0,4.0,0.3714328759621101,0
26039.084980524694,50.0,self_employed,,11.028067901180464,0.42006071964225566,3.0,8.0,0.48250431444332925,0
,72.0,employed,4528.0178393292235,15.53858153941117,0.7483263482424418,1.0,7.0,0.07797870984251919,1
23532.601523751215,38.0,unemployed,8740.609812603907,13.128302538259824,0.6123023728929703,3.0,3.0,0.2516930832767321,1
32297.30637635677,18.0,self_employed,5815.684456947838,0.0,0.7491240946334141,7.0,2.0,0.1870036043617609,0
20434.02688855369,56.0,unemployed,12339.099759349901,11.910426966458978,0.5603331098505182,3.0,6.0,0.6259348081047353,0
26564.396044396643,30.0,employed,5151.70543318787,6.265498460311271,0.8044341617649313,2.0,1.0,0.24422030764725958,1
27240.996216402844,18.0,self_employed,3631.7048183421016,0.0,0.5130600174711057,4.0,6.0,0.1437132683967555,1
50503.53967074793,28.0,employed,19317.897053803008,7.682171976460237,0.710634289652605,,7.0,0.36671075134785225,0
23459.099093936955,71.0,employed,2536.962338039424,16.277020401366798,0.8896669678240825,1.0,6.0,0.0682266027202205,1
60269.43095794145,62.0,self_employed,17713.37362048654,16.834306189087798,0.7198903688793551,7.0,9.0,0.25339250949177744,1
47625.47943790644,33.0,self_employed,11157.07902122743,6.135058052751664,0.6188853328340576,5.0,4.0,0.21689568954555427,1
23463.540628860395,52.0,employed,2968.2597935734266,19.54953812631747,0.47799921630021,4.0,2.0,0.11205765564667357,1
17520.579622915644,37.0,student,7954.239863819092,5.355174892382454,0.6157091789159557,6.0,3.0,0.348224659098538,1
27601.153787329426,28.0,employed,2281.210940333982,3.160574415508357,0.722953898645018,3.0,5.0,0.06573596678948482,1
43238.57338811359,74.0,employed,12205.580219548874,37.422677736370744,0.687818952119176,4.0,,0.2606680370490044,1
65331.14659756594,64.0,retired,38814.504543147355,24.160681177627552,0.746820420457402,0.0,3.0,0.4344784520522566,1
30171.33856407743,38.0,employed,13719.392945689899,5.924634778341499,0.7055195676854724,4.0,4.0,0.3809140998853771,1
16598.473502417517,38.0,unemployed,4351.357162360502,8.661192976098706,0.7821046139903937,4.0,2.0,0.2685263274170777,0
36762.01245791048,,employed,13050.75720278238,12.912039791155827,,7.0,5.0,0.769556242348788,1
12864.241017198423,44.0,unemployed,3282.5875961628253,10.857964019294736,0.8501597992232732,2.0,7.0,0.2967835803144604,0
36779.93090075252,,self_employed,12915.894710957125,9.242511119666611,0.717100559101324,1.0,3.0,,1
26019.49793754835,40.0,self_employed,6863.984595725032,5.879857433455231,0.7496138774845018,5.0,6.0,0.297165586999782,1
42940.46818632341,43.0,employed,16441.32296351708,5.897501392790631,0.6073316010058466,5.0,6.0,0.41696582727047854,1
34576.837651709655,47.0,self_employed,15521.451362102522,21.139872890481037,0.5623324804905673,7.0,1.0,0.4662871573235412,1
23100.278625119685,20.0,employed,8934.211019568795,1.4651777075682628,0.4218739361078633,4.0,4.0,0.35378979892179846,1
42209.96827535044,45.0,retired,,5.441777778444928,0.7382286922216015,3.0,4.0,0.2975215817585152,0
38158.53795771497,43.0,employed,23937.897542464805,14.618061446362049,0.5263682862374436,6.0,4.0,0.5389260921601775,1
32401.192975316175,33.0,employed,8973.468659811902,3.8431110678508187,0.6538060144460092,3.0,2.0,0.23753628292400158,1
35485.55981059921,38.0,student,5099.899383175482,13.721699746375817,0.65600502294365,3.0,2.0,0.26577498324828475,1
14500.801927634742,42.0,employed,1866.1596216379473,17.465698447014024,0.6667897632829775,0.0,3.0,,1
68624.87805710078,38.0,employed,14636.569620142058,11.399381864442713,0.6756088305795943,3.0,5.0,0.2592212974988615,1
25724.93940570763,69.0,self_employed,5823.3920037419375,28.96255699041003,0.4857148928265794,4.0,7.0,0.3697986888272993,1
40366.93425151368,48.0,employed,11247.65159315091,12.686667162967037,0.7245533887204203,2.0,3.0,0.2500568907684912,1
27064.227676292026,46.0,employed,4896.127247453872,9.791078685296077,0.8825882703488761,1.0,1.0,0.1952923124595765,1
22891.008711899267,32.0,employed,11930.624465475687,6.9938749648872705,0.6625889155962282,6.0,11.0,0.490147803829245,0
70048.50873676912,70.0,employed,13876.040550443568,14.571977372468488,0.8854061150442162,3.0,,0.14658730108018797,1
91868.02209989162,19.0,employed,24968.71965403315,0.6033349369165484,0.5683537188136873,3.0,3.0,0.42057993418569317,1
32512.73620148996,49.0,employed,11305.914860797211,14.943616254062766,0.6541032271284886,4.0,7.0,0.4312782159766809,0
42947.656011223524,27.0,employed,9412.776835654702,2.759048132567026,0.7994406364655289,4.0,10.0,0.26999805247210845,1
37365.22080788161,61.0,employed,11113.936732858461,23.7785077219635,0.6900543106652677,5.0,7.0,0.20571516457794325,1
86271.39988064028,39.0,employed,39197.17393009951,14.221130740980188,0.5601378182774841,,6.0,0.5414518460369758,1
13887.368376699578,34.0,self_employed,9463.444246999938,8.852474832004457,0.6695348791940758,5.0,8.0,0.48727880476056895,0
48236.53017520631,21.0,self_employed,39017.65797176344,1.5533905409817796,0.5548631115813842,5.0,3.0,0.5775106319108291,0
25246.349321604703,63.0,employed,2576.028246215985,31.888371909531873,0.9337019876730299,0.0,2.0,0.07124174691391554,1
11181.523295534955,40.0,employed,1832.4410917618204,4.541971082010956,0.8216828880299846,1.0,6.0,0.18954629899177416,1
15162.60943533124,33.0,student,,8.550728650511665,0.8248473264244921,0.0,2.0,0.06865674480987269,1
91493.60841678447,66.0,employed,42432.22214355825,21.399134876003547,0.5805121975616275,3.0,4.0,0.38966926027012766,1
26159.70175752199,19.0,employed,9374.358113942935,0.3161396891946016,0.32971286131040445,,1.0,0.4014517856379058,1
53926.79476306185,44.0,employed,12562.78838667779,20.48141446134316,0.6433495220863314,7.0,6.0,0.3133212370237698,0
66127.2436177249,27.0,employed,35049.39167311244,3.980594677394823,0.675258104891157,2.0,5.0,0.4215061109503134,1
12629.990639241381,25.0,unemployed,6167.311272636592,2.8081038122573347,0.4899230808492804,2.0,,0.38055670149366727,1
19284.956763143506,19.0,student,1940.5405153527845,0.30140506384438803,0.850865140439049,3.0,1.0,0.1128011622253847,1
7697.907873395338,28.0,student,2836.6453083735296,7.9865957074729055,0.3378563377426571,2.0,4.0,0.3433701209577929,0
25385.11019734113,71.0,employed,12168.689600333786,37.82243312174373,0.617298712282691,3.0,6.0,0.4251298740567769,1
57153.951655750636,43.0,employed,19955.144224687156,6.049586280124268,0.7174494961487612,3.0,4.0,0.17808852344364604,0
37434.18294713164,74.0,employed,13387.210345301804,30.209330237873363,0.7530658653773278,4.0,5.0,0.41110481220824896,1
43637.437568246474,33.0,employed,16608.887792083464,4.326610897879193,0.31128212819568085,7.0,7.0,0.413231513017999,1
38815.64980742191,61.0,employed,9659.987136563743,27.067160507334034,0.7161801964135704,2.0,2.0,0.18433068864995178,1
119528.7433973391,23.0,self_employed,51578.01772923134,2.452250287781311,0.4587650946661548,4.0,6.0,0.2834553037633198,0
29282.345900126824,24.0,employed,,1.5974002711173934,0.7424903960679369,3.0,6.0,0.2580959685541991,0
40520.278882720035,18.0,student,12141.190730912582,0.0,0.7119125890386304,9.0,8.0,0.28362176360058705,0
38822.3585566914,69.0,employed,21095.238178158357,38.066674923746056,0.5196349042033857,6.0,7.0,0.7641725633311097,0
84719.36519669843,56.0,employed,28354.569234174174,15.379238757195878,0.71455609651141,3.0,4.0,0.4060355157672211,0
9841.503516938767,60.0,student,3229.722741550751,9.68030149200187,0.5343239675414772,8.0,4.0,0.3696753227514407,0
43810.82814001253,70.0,self_employed,16589.99929040444,39.890461871456914,0.5908660354146296,8.0,3.0,0.3078242716468538,1
29826.621363045924,36.0,employed,8080.6793565138705,5.131431230502066,0.7165630544654699,2.0,1.0,0.22692863413293485,1
38938.399170520504,59.0,employed,9799.690589573598,19.88627922167835,,4.0,9.0,0.33791036829267085,1
66915.64875093459,46.0,employed,11946.894614559573,14.750575747851178,0.593747540283768,2.0,7.0,0.10325631198942398,1
43888.37697766469,48.0,employed,5289.68535067667,10.267574337262623,0.2786552327302248,6.0,8.0,0.0973423373433984,1
66848.98137977457,55.0,employed,31967.765164461176,11.338680311246687,0.467992253748236,5.0,6.0,0.5685491522129368,0
25974.990581352406,44.0,employed,9098.743800042981,6.9649665375918115,0.6594018150264419,2.0,4.0,0.27215033017305806,0
26473.32631857162,19.0,self_employed,12746.81150223872,0.24197316941238406,0.5630937753198495,11.0,4.0,0.3778537832142341,0
